FREQ,Frequenza,REF_AREA,Territorio,DATA_TYPE,Indicatore,SEX,Sesso,AGE,Età,TIME_PERIOD,Osservazione,OBS_STATUS,'Stato dell"'osservazione'
A,Annuale,IT,Italia,NEET_I,Incidenza dei giovani Neet di 15-34 anni (non occupati e non in istruzione),1,Maschi,Y15-29,15-29 anni,2018,21.305387,,
A,Annuale,IT,Italia,NEET_I,Incidenza dei giovani Neet di 15-34 anni (non occupati e non in istruzione),1,Maschi,Y15-29,15-29 anni,2019,20.146893,,
A,Annuale,IT,Italia,NEET_I,Incidenza dei giovani Neet di 15-34 anni (non occupati e non in istruzione),1,Maschi,Y15-29,15-29 anni,2020,21.757016,,
A,Annuale,IT,Italia,NEET_I,Incidenza dei giovani Neet di 15-34 anni (non occupati e non in istruzione),1,Maschi,Y15-29,15-29 anni,2021,21.210573,,
A,Annuale,IT,Italia,NEET_I,Incidenza dei giovani Neet di 15-34 anni (non occupati e non in istruzione),1,Maschi,Y15-29,15-29 anni,2022,17.692124,,
A,Annuale,IT,Italia,NEET_I,Incidenza dei giovani Neet di 15-34 anni (non occupati e non in istruzione),1,Maschi,Y15-29,15-29 anni,2023,14.38645,,
A,Annuale,IT,Italia,NEET_I,Incidenza dei giovani Neet di 15-34 anni (non occupati e non in istruzione),1,Maschi,Y15-29,15-29 anni,2024,13.846822,,
A,Annuale,IT,Italia,NEET_I,Incidenza dei giovani Neet di 15-34 anni (non occupati e non in istruzione),1,Maschi,Y15-29,15-29 anni,2025,11.829756,,
A,Annuale,IT,Italia,NEET_I,Incidenza dei giovani Neet di 15-34 anni (non occupati e non in istruzione),2,Femmine,Y15-29,15-29 anni,2018,25.170094,,
A,Annuale,IT,Italia,NEET_I,Incidenza dei giovani Neet di 15-34 anni (non occupati e non in istruzione),2,Femmine,Y15-29,15-29 anni,2019,24.100728,,
A,Annuale,IT,Italia,NEET_I,Incidenza dei giovani Neet di 15-34 anni (non occupati e non in istruzione),2,Femmine,Y15-29,15-29 anni,2020,25.84208,,
A,Annuale,IT,Italia,NEET_I,Incidenza dei giovani Neet di 15-34 anni (non occupati e non in istruzione),2,Femmine,Y15-29,15-29 anni,2021,25.038407,,
A,Annuale,IT,Italia,NEET_I,Incidenza dei giovani Neet di 15-34 anni (non occupati e non in istruzione),2,Femmine,Y15-29,15-29 anni,2022,20.469958,,
A,Annuale,IT,Italia,NEET_I,Incidenza dei giovani Neet di 15-34 anni (non occupati e non in istruzione),2,Femmine,Y15-29,15-29 anni,2023,17.8412,,
A,Annuale,IT,Italia,NEET_I,Incidenza dei giovani Neet di 15-34 anni (non occupati e non in istruzione),2,Femmine,Y15-29,15-29 anni,2024,16.633438,,
A,Annuale,IT,Italia,NEET_I,Incidenza dei giovani Neet di 15-34 anni (non occupati e non in istruzione),2,Femmine,Y15-29,15-29 anni,2025,14.932451,,
A,Annuale,IT,Italia,NEET_I,Incidenza dei giovani Neet di 15-34 anni (non occupati e non in istruzione),9,Totale,Y15-29,15-29 anni,2018,23.184508,,
A,Annuale,IT,Italia,NEET_I,Incidenza dei giovani Neet di 15-34 anni (non occupati e non in istruzione),9,Totale,Y15-29,15-29 anni,2019,22.067804,,
A,Annuale,IT,Italia,NEET_I,Incidenza dei giovani Neet di 15-34 anni (non occupati e non in istruzione),9,Totale,Y15-29,15-29 anni,2020,23.742047,,
A,Annuale,IT,Italia,NEET_I,Incidenza dei giovani Neet di 15-34 anni (non occupati e non in istruzione),9,Totale,Y15-29,15-29 anni,2021,23.066929,,
A,Annuale,IT,Italia,NEET_I,Incidenza dei giovani Neet di 15-34 anni (non occupati e non in istruzione),9,Totale,Y15-29,15-29 anni,2022,19.036906,,
A,Annuale,IT,Italia,NEET_I,Incidenza dei giovani Neet di 15-34 anni (non occupati e non in istruzione),9,Totale,Y15-29,15-29 anni,2023,16.056448,,
A,Annuale,IT,Italia,NEET_I,Incidenza dei giovani Neet di 15-34 anni (non occupati e non in istruzione),9,Totale,Y15-29,15-29 anni,2024,15.190796,,
A,Annuale,IT,Italia,NEET_I,Incidenza dei giovani Neet di 15-34 anni (non occupati e non in istruzione),9,Totale,Y15-29,15-29 anni,2025,13.320796,,
A,Annuale,ITCD,Nord,NEET_I,Incidenza dei giovani Neet di 15-34 anni (non occupati e non in istruzione),1,Maschi,Y15-29,15-29 anni,2018,12.869029,,
A,Annuale,ITCD,Nord,NEET_I,Incidenza dei giovani Neet di 15-34 anni (non occupati e non in istruzione),1,Maschi,Y15-29,15-29 anni,2019,11.646669,,
A,Annuale,ITCD,Nord,NEET_I,Incidenza dei giovani Neet di 15-34 anni (non occupati e non in istruzione),1,Maschi,Y15-29,15-29 anni,2020,14.475586,,
A,Annuale,ITCD,Nord,NEET_I,Incidenza dei giovani Neet di 15-34 anni (non occupati e non in istruzione),1,Maschi,Y15-29,15-29 anni,2021,14.86908,,
A,Annuale,ITCD,Nord,NEET_I,Incidenza dei giovani Neet di 15-34 anni (non occupati e non in istruzione),1,Maschi,Y15-29,15-29 anni,2022,11.88212,,
A,Annuale,ITCD,Nord,NEET_I,Incidenza dei giovani Neet di 15-34 anni (non occupati e non in istruzione),1,Maschi,Y15-29,15-29 anni,2023,8.752831,,
A,Annuale,ITCD,Nord,NEET_I,Incidenza dei giovani Neet di 15-34 anni (non occupati e non in istruzione),1,Maschi,Y15-29,15-29 anni,2024,8.214454,,
A,Annuale,ITCD,Nord,NEET_I,Incidenza dei giovani Neet di 15-34 anni (non occupati e non in istruzione),1,Maschi,Y15-29,15-29 anni,2025,6.847267,,
A,Annuale,ITCD,Nord,NEET_I,Incidenza dei giovani Neet di 15-34 anni (non occupati e non in istruzione),2,Femmine,Y15-29,15-29 anni,2018,18.337677,,
A,Annuale,ITCD,Nord,NEET_I,Incidenza dei giovani Neet di 15-34 anni (non occupati e non in istruzione),2,Femmine,Y15-29,15-29 anni,2019,17.327773,,
A,Annuale,ITCD,Nord,NEET_I,Incidenza dei giovani Neet di 15-34 anni (non occupati e non in istruzione),2,Femmine,Y15-29,15-29 anni,2020,19.907894,,
A,Annuale,ITCD,Nord,NEET_I,Incidenza dei giovani Neet di 15-34 anni (non occupati e non in istruzione),2,Femmine,Y15-29,15-29 anni,2021,19.270478,,
A,Annuale,ITCD,Nord,NEET_I,Incidenza dei giovani Neet di 15-34 anni (non occupati e non in istruzione),2,Femmine,Y15-29,15-29 anni,2022,15.184591,,
A,Annuale,ITCD,Nord,NEET_I,Incidenza dei giovani Neet di 15-34 anni (non occupati e non in istruzione),2,Femmine,Y15-29,15-29 anni,2023,12.998362,,
A,Annuale,ITCD,Nord,NEET_I,Incidenza dei giovani Neet di 15-34 anni (non occupati e non in istruzione),2,Femmine,Y15-29,15-29 anni,2024,11.46567,,
A,Annuale,ITCD,Nord,NEET_I,Incidenza dei giovani Neet di 15-34 anni (non occupati e non in istruzione),2,Femmine,Y15-29,15-29 anni,2025,10.721686,,
A,Annuale,ITCD,Nord,NEET_I,Incidenza dei giovani Neet di 15-34 anni (non occupati e non in istruzione),9,Totale,Y15-29,15-29 anni,2018,15.529016,,
A,Annuale,ITCD,Nord,NEET_I,Incidenza dei giovani Neet di 15-34 anni (non occupati e non in istruzione),9,Totale,Y15-29,15-29 anni,2019,14.406603,,
A,Annuale,ITCD,Nord,NEET_I,Incidenza dei giovani Neet di 15-34 anni (non occupati e non in istruzione),9,Totale,Y15-29,15-29 anni,2020,17.113238,,
A,Annuale,ITCD,Nord,NEET_I,Incidenza dei giovani Neet di 15-34 anni (non occupati e non in istruzione),9,Totale,Y15-29,15-29 anni,2021,17.000545,,
A,Annuale,ITCD,Nord,NEET_I,Incidenza dei giovani Neet di 15-34 anni (non occupati e non in istruzione),9,Totale,Y15-29,15-29 anni,2022,13.476692,,
A,Annuale,ITCD,Nord,NEET_I,Incidenza dei giovani Neet di 15-34 anni (non occupati e non in istruzione),9,Totale,Y15-29,15-29 anni,2023,10.800537,,
A,Annuale,ITCD,Nord,NEET_I,Incidenza dei giovani Neet di 15-34 anni (non occupati e non in istruzione),9,Totale,Y15-29,15-29 anni,2024,9.77837,,
A,Annuale,ITCD,Nord,NEET_I,Incidenza dei giovani Neet di 15-34 anni (non occupati e non in istruzione),9,Totale,Y15-29,15-29 anni,2025,8.702847,,
A,Annuale,ITC,Nord-ovest,NEET_I,Incidenza dei giovani Neet di 15-34 anni (non occupati e non in istruzione),1,Maschi,Y15-29,15-29 anni,2018,14.028475,,
A,Annuale,ITC,Nord-ovest,NEET_I,Incidenza dei giovani Neet di 15-34 anni (non occupati e non in istruzione),1,Maschi,Y15-29,15-29 anni,2019,12.827828,,
A,Annuale,ITC,Nord-ovest,NEET_I,Incidenza dei giovani Neet di 15-34 anni (non occupati e non in istruzione),1,Maschi,Y15-29,15-29 anni,2020,16.341178,,
A,Annuale,ITC,Nord-ovest,NEET_I,Incidenza dei giovani Neet di 15-34 anni (non occupati e non in istruzione),1,Maschi,Y15-29,15-29 anni,2021,16.658099,,
A,Annuale,ITC,Nord-ovest,NEET_I,Incidenza dei giovani Neet di 15-34 anni (non occupati e non in istruzione),1,Maschi,Y15-29,15-29 anni,2022,12.253073,,
A,Annuale,ITC,Nord-ovest,NEET_I,Incidenza dei giovani Neet di 15-34 anni (non occupati e non in istruzione),1,Maschi,Y15-29,15-29 anni,2023,9.390083,,
A,Annuale,ITC,Nord-ovest,NEET_I,Incidenza dei giovani Neet di 15-34 anni (non occupati e non in istruzione),1,Maschi,Y15-29,15-29 anni,2024,9.171537,,
A,Annuale,ITC,Nord-ovest,NEET_I,Incidenza dei giovani Neet di 15-34 anni (non occupati e non in istruzione),1,Maschi,Y15-29,15-29 anni,2025,7.447009,,
A,Annuale,ITC,Nord-ovest,NEET_I,Incidenza dei giovani Neet di 15-34 anni (non occupati e non in istruzione),2,Femmine,Y15-29,15-29 anni,2018,18.389795,,
A,Annuale,ITC,Nord-ovest,NEET_I,Incidenza dei giovani Neet di 15-34 anni (non occupati e non in istruzione),2,Femmine,Y15-29,15-29 anni,2019,18.199788,,
A,Annuale,ITC,Nord-ovest,NEET_I,Incidenza dei giovani Neet di 15-34 anni (non occupati e non in istruzione),2,Femmine,Y15-29,15-29 anni,2020,21.141042,,
A,Annuale,ITC,Nord-ovest,NEET_I,Incidenza dei giovani Neet di 15-34 anni (non occupati e non in istruzione),2,Femmine,Y15-29,15-29 anni,2021,20.822799,,
A,Annuale,ITC,Nord-ovest,NEET_I,Incidenza dei giovani Neet di 15-34 anni (non occupati e non in istruzione),2,Femmine,Y15-29,15-29 anni,2022,16.210649,,
A,Annuale,ITC,Nord-ovest,NEET_I,Incidenza dei giovani Neet di 15-34 anni (non occupati e non in istruzione),2,Femmine,Y15-29,15-29 anni,2023,12.677932,,
A,Annuale,ITC,Nord-ovest,NEET_I,Incidenza dei giovani Neet di 15-34 anni (non occupati e non in istruzione),2,Femmine,Y15-29,15-29 anni,2024,11.294924,,
A,Annuale,ITC,Nord-ovest,NEET_I,Incidenza dei giovani Neet di 15-34 anni (non occupati e non in istruzione),2,Femmine,Y15-29,15-29 anni,2025,11.070303,,
A,Annuale,ITC,Nord-ovest,NEET_I,Incidenza dei giovani Neet di 15-34 anni (non occupati e non in istruzione),9,Totale,Y15-29,15-29 anni,2018,16.147167,,
A,Annuale,ITC,Nord-ovest,NEET_I,Incidenza dei giovani Neet di 15-34 anni (non occupati e non in istruzione),9,Totale,Y15-29,15-29 anni,2019,15.436064,,
A,Annuale,ITC,Nord-ovest,NEET_I,Incidenza dei giovani Neet di 15-34 anni (non occupati e non in istruzione),9,Totale,Y15-29,15-29 anni,2020,18.672079,,
A,Annuale,ITC,Nord-ovest,NEET_I,Incidenza dei giovani Neet di 15-34 anni (non occupati e non in istruzione),9,Totale,Y15-29,15-29 anni,2021,18.675679,,
A,Annuale,ITC,Nord-ovest,NEET_I,Incidenza dei giovani Neet di 15-34 anni (non occupati e non in istruzione),9,Totale,Y15-29,15-29 anni,2022,14.165355,,
A,Annuale,ITC,Nord-ovest,NEET_I,Incidenza dei giovani Neet di 15-34 anni (non occupati e non in istruzione),9,Totale,Y15-29,15-29 anni,2023,10.976058,,
A,Annuale,ITC,Nord-ovest,NEET_I,Incidenza dei giovani Neet di 15-34 anni (non occupati e non in istruzione),9,Totale,Y15-29,15-29 anni,2024,10.192678,,
A,Annuale,ITC,Nord-ovest,NEET_I,Incidenza dei giovani Neet di 15-34 anni (non occupati e non in istruzione),9,Totale,Y15-29,15-29 anni,2025,9.181184,,
A,Annuale,ITC1,Piemonte,NEET_I,Incidenza dei giovani Neet di 15-34 anni (non occupati e non in istruzione),1,Maschi,Y15-29,15-29 anni,2018,14.768285,,
A,Annuale,ITC1,Piemonte,NEET_I,Incidenza dei giovani Neet di 15-34 anni (non occupati e non in istruzione),1,Maschi,Y15-29,15-29 anni,2019,14.214387,,
A,Annuale,ITC1,Piemonte,NEET_I,Incidenza dei giovani Neet di 15-34 anni (non occupati e non in istruzione),1,Maschi,Y15-29,15-29 anni,2020,17.164736,,
A,Annuale,ITC1,Piemonte,NEET_I,Incidenza dei giovani Neet di 15-34 anni (non occupati e non in istruzione),1,Maschi,Y15-29,15-29 anni,2021,16.719927,,
A,Annuale,ITC1,Piemonte,NEET_I,Incidenza dei giovani Neet di 15-34 anni (non occupati e non in istruzione),1,Maschi,Y15-29,15-29 anni,2022,13.652461,,
A,Annuale,ITC1,Piemonte,NEET_I,Incidenza dei giovani Neet di 15-34 anni (non occupati e non in istruzione),1,Maschi,Y15-29,15-29 anni,2023,10.020131,,
A,Annuale,ITC1,Piemonte,NEET_I,Incidenza dei giovani Neet di 15-34 anni (non occupati e non in istruzione),1,Maschi,Y15-29,15-29 anni,2024,9.194798,,
A,Annuale,ITC1,Piemonte,NEET_I,Incidenza dei giovani Neet di 15-34 anni (non occupati e non in istruzione),1,Maschi,Y15-29,15-29 anni,2025,7.809646,,
A,Annuale,ITC1,Piemonte,NEET_I,Incidenza dei giovani Neet di 15-34 anni (non occupati e non in istruzione),2,Femmine,Y15-29,15-29 anni,2018,20.606765,,
A,Annuale,ITC1,Piemonte,NEET_I,Incidenza dei giovani Neet di 15-34 anni (non occupati e non in istruzione),2,Femmine,Y15-29,15-29 anni,2019,18.954207,,
A,Annuale,ITC1,Piemonte,NEET_I,Incidenza dei giovani Neet di 15-34 anni (non occupati e non in istruzione),2,Femmine,Y15-29,15-29 anni,2020,23.04071,,
A,Annuale,ITC1,Piemonte,NEET_I,Incidenza dei giovani Neet di 15-34 anni (non occupati e non in istruzione),2,Femmine,Y15-29,15-29 anni,2021,21.828165,,
A,Annuale,ITC1,Piemonte,NEET_I,Incidenza dei giovani Neet di 15-34 anni (non occupati e non in istruzione),2,Femmine,Y15-29,15-29 anni,2022,17.171388,,
A,Annuale,ITC1,Piemonte,NEET_I,Incidenza dei giovani Neet di 15-34 anni (non occupati e non in istruzione),2,Femmine,Y15-29,15-29 anni,2023,13.546941,,
A,Annuale,ITC1,Piemonte,NEET_I,Incidenza dei giovani Neet di 15-34 anni (non occupati e non in istruzione),2,Femmine,Y15-29,15-29 anni,2024,10.47593,,
A,Annuale,ITC1,Piemonte,NEET_I,Incidenza dei giovani Neet di 15-34 anni (non occupati e non in istruzione),2,Femmine,Y15-29,15-29 anni,2025,10.979072,,
A,Annuale,ITC1,Piemonte,NEET_I,Incidenza dei giovani Neet di 15-34 anni (non occupati e non in istruzione),9,Totale,Y15-29,15-29 anni,2018,17.60657,,
A,Annuale,ITC1,Piemonte,NEET_I,Incidenza dei giovani Neet di 15-34 anni (non occupati e non in istruzione),9,Totale,Y15-29,15-29 anni,2019,16.514095,,
A,Annuale,ITC1,Piemonte,NEET_I,Incidenza dei giovani Neet di 15-34 anni (non occupati e non in istruzione),9,Totale,Y15-29,15-29 anni,2020,20.014564,,
A,Annuale,ITC1,Piemonte,NEET_I,Incidenza dei giovani Neet di 15-34 anni (non occupati e non in istruzione),9,Totale,Y15-29,15-29 anni,2021,19.194039,,
A,Annuale,ITC1,Piemonte,NEET_I,Incidenza dei giovani Neet di 15-34 anni (non occupati e non in istruzione),9,Totale,Y15-29,15-29 anni,2022,15.351761,,
A,Annuale,ITC1,Piemonte,NEET_I,Incidenza dei giovani Neet di 15-34 anni (non occupati e non in istruzione),9,Totale,Y15-29,15-29 anni,2023,11.720898,,
A,Annuale,ITC1,Piemonte,NEET_I,Incidenza dei giovani Neet di 15-34 anni (non occupati e non in istruzione),9,Totale,Y15-29,15-29 anni,2024,9.810216,,
A,Annuale,ITC1,Piemonte,NEET_I,Incidenza dei giovani Neet di 15-34 anni (non occupati e non in istruzione),9,Totale,Y15-29,15-29 anni,2025,9.326424,,
A,Annuale,ITC2,'Valle d"'Aosta / Vallée d"'Aoste',NEET_I,Incidenza dei giovani Neet di 15-34 anni (non occupati e non in istruzione),1,Maschi,Y15-29,15-29 anni,2018,15.057484,,
A,Annuale,ITC2,'Valle d"'Aosta / Vallée d"'Aoste',NEET_I,Incidenza dei giovani Neet di 15-34 anni (non occupati e non in istruzione),1,Maschi,Y15-29,15-29 anni,2019,13.178381,,
A,Annuale,ITC2,'Valle d"'Aosta / Vallée d"'Aoste',NEET_I,Incidenza dei giovani Neet di 15-34 anni (non occupati e non in istruzione),1,Maschi,Y15-29,15-29 anni,2020,17.295668,,
A,Annuale,ITC2,'Valle d"'Aosta / Vallée d"'Aoste',NEET_I,Incidenza dei giovani Neet di 15-34 anni (non occupati e non in istruzione),1,Maschi,Y15-29,15-29 anni,2021,17.634647,,
A,Annuale,ITC2,'Valle d"'Aosta / Vallée d"'Aoste',NEET_I,Incidenza dei giovani Neet di 15-34 anni (non occupati e non in istruzione),1,Maschi,Y15-29,15-29 anni,2022,14.268387,,
A,Annuale,ITC2,'Valle d"'Aosta / Vallée d"'Aoste',NEET_I,Incidenza dei giovani Neet di 15-34 anni (non occupati e non in istruzione),1,Maschi,Y15-29,15-29 anni,2023,9.70704,,
A,Annuale,ITC2,'Valle d"'Aosta / Vallée d"'Aoste',NEET_I,Incidenza dei giovani Neet di 15-34 anni (non occupati e non in istruzione),1,Maschi,Y15-29,15-29 anni,2024,10.181191,,
A,Annuale,ITC2,'Valle d"'Aosta / Vallée d"'Aoste',NEET_I,Incidenza dei giovani Neet di 15-34 anni (non occupati e non in istruzione),1,Maschi,Y15-29,15-29 anni,2025,8.190618,,
A,Annuale,ITC2,'Valle d"'Aosta / Vallée d"'Aoste',NEET_I,Incidenza dei giovani Neet di 15-34 anni (non occupati e non in istruzione),2,Femmine,Y15-29,15-29 anni,2018,17.508496,,
A,Annuale,ITC2,'Valle d"'Aosta / Vallée d"'Aoste',NEET_I,Incidenza dei giovani Neet di 15-34 anni (non occupati e non in istruzione),2,Femmine,Y15-29,15-29 anni,2019,16.313634,,
A,Annuale,ITC2,'Valle d"'Aosta / Vallée d"'Aoste',NEET_I,Incidenza dei giovani Neet di 15-34 anni (non occupati e non in istruzione),2,Femmine,Y15-29,15-29 anni,2020,17.057793,,
A,Annuale,ITC2,'Valle d"'Aosta / Vallée d"'Aoste',NEET_I,Incidenza dei giovani Neet di 15-34 anni (non occupati e non in istruzione),2,Femmine,Y15-29,15-29 anni,2021,18.396447,,
A,Annuale,ITC2,'Valle d"'Aosta / Vallée d"'Aoste',NEET_I,Incidenza dei giovani Neet di 15-34 anni (non occupati e non in istruzione),2,Femmine,Y15-29,15-29 anni,2022,16.474695,,
A,Annuale,ITC2,'Valle d"'Aosta / Vallée d"'Aoste',NEET_I,Incidenza dei giovani Neet di 15-34 anni (non occupati e non in istruzione),2,Femmine,Y15-29,15-29 anni,2023,10.088331,,
A,Annuale,ITC2,'Valle d"'Aosta / Vallée d"'Aoste',NEET_I,Incidenza dei giovani Neet di 15-34 anni (non occupati e non in istruzione),2,Femmine,Y15-29,15-29 anni,2024,10.482568,,
A,Annuale,ITC2,'Valle d"'Aosta / Vallée d"'Aoste',NEET_I,Incidenza dei giovani Neet di 15-34 anni (non occupati e non in istruzione),2,Femmine,Y15-29,15-29 anni,2025,8.005039,,
A,Annuale,ITC2,'Valle d"'Aosta / Vallée d"'Aoste',NEET_I,Incidenza dei giovani Neet di 15-34 anni (non occupati e non in istruzione),9,Totale,Y15-29,15-29 anni,2018,16.252215,,
A,Annuale,ITC2,'Valle d"'Aosta / Vallée d"'Aoste',NEET_I,Incidenza dei giovani Neet di 15-34 anni (non occupati e non in istruzione),9,Totale,Y15-29,15-29 anni,2019,14.70605,,
A,Annuale,ITC2,'Valle d"'Aosta / Vallée d"'Aoste',NEET_I,Incidenza dei giovani Neet di 15-34 anni (non occupati e non in istruzione),9,Totale,Y15-29,15-29 anni,2020,17.179385,,
A,Annuale,ITC2,'Valle d"'Aosta / Vallée d"'Aoste',NEET_I,Incidenza dei giovani Neet di 15-34 anni (non occupati e non in istruzione),9,Totale,Y15-29,15-29 anni,2021,18.005808,,
A,Annuale,ITC2,'Valle d"'Aosta / Vallée d"'Aoste',NEET_I,Incidenza dei giovani Neet di 15-34 anni (non occupati e non in istruzione),9,Totale,Y15-29,15-29 anni,2022,15.341938,,
A,Annuale,ITC2,'Valle d"'Aosta / Vallée d"'Aoste',NEET_I,Incidenza dei giovani Neet di 15-34 anni (non occupati e non in istruzione),9,Totale,Y15-29,15-29 anni,2023,9.891843,,
A,Annuale,ITC2,'Valle d"'Aosta / Vallée d"'Aoste',NEET_I,Incidenza dei giovani Neet di 15-34 anni (non occupati e non in istruzione),9,Totale,Y15-29,15-29 anni,2024,10.326754,,
A,Annuale,ITC2,'Valle d"'Aosta / Vallée d"'Aoste',NEET_I,Incidenza dei giovani Neet di 15-34 anni (non occupati e non in istruzione),9,Totale,Y15-29,15-29 anni,2025,8.10632,,
A,Annuale,ITC3,Liguria,NEET_I,Incidenza dei giovani Neet di 15-34 anni (non occupati e non in istruzione),1,Maschi,Y15-29,15-29 anni,2018,15.963867,,
A,Annuale,ITC3,Liguria,NEET_I,Incidenza dei giovani Neet di 15-34 anni (non occupati e non in istruzione),1,Maschi,Y15-29,15-29 anni,2019,16.052349,,
A,Annuale,ITC3,Liguria,NEET_I,Incidenza dei giovani Neet di 15-34 anni (non occupati e non in istruzione),1,Maschi,Y15-29,15-29 anni,2020,19.236892,,
A,Annuale,ITC3,Liguria,NEET_I,Incidenza dei giovani Neet di 15-34 anni (non occupati e non in istruzione),1,Maschi,Y15-29,15-29 anni,2021,18.685575,,
A,Annuale,ITC3,Liguria,NEET_I,Incidenza dei giovani Neet di 15-34 anni (non occupati e non in istruzione),1,Maschi,Y15-29,15-29 anni,2022,12.617159,,
A,Annuale,ITC3,Liguria,NEET_I,Incidenza dei giovani Neet di 15-34 anni (non occupati e non in istruzione),1,Maschi,Y15-29,15-29 anni,2023,10.846558,,
A,Annuale,ITC3,Liguria,NEET_I,Incidenza dei giovani Neet di 15-34 anni (non occupati e non in istruzione),1,Maschi,Y15-29,15-29 anni,2024,12.81035,,
A,Annuale,ITC3,Liguria,NEET_I,Incidenza dei giovani Neet di 15-34 anni (non occupati e non in istruzione),1,Maschi,Y15-29,15-29 anni,2025,13.202434,,
A,Annuale,ITC3,Liguria,NEET_I,Incidenza dei giovani Neet di 15-34 anni (non occupati e non in istruzione),2,Femmine,Y15-29,15-29 anni,2018,23.904972,,
A,Annuale,ITC3,Liguria,NEET_I,Incidenza dei giovani Neet di 15-34 anni (non occupati e non in istruzione),2,Femmine,Y15-29,15-29 anni,2019,19.55649,,
A,Annuale,ITC3,Liguria,NEET_I,Incidenza dei giovani Neet di 15-34 anni (non occupati e non in istruzione),2,Femmine,Y15-29,15-29 anni,2020,21.589194,,
A,Annuale,ITC3,Liguria,NEET_I,Incidenza dei giovani Neet di 15-34 anni (non occupati e non in istruzione),2,Femmine,Y15-29,15-29 anni,2021,20.485664,,
A,Annuale,ITC3,Liguria,NEET_I,Incidenza dei giovani Neet di 15-34 anni (non occupati e non in istruzione),2,Femmine,Y15-29,15-29 anni,2022,17.177371,,
A,Annuale,ITC3,Liguria,NEET_I,Incidenza dei giovani Neet di 15-34 anni (non occupati e non in istruzione),2,Femmine,Y15-29,15-29 anni,2023,11.757012,,
A,Annuale,ITC3,Liguria,NEET_I,Incidenza dei giovani Neet di 15-34 anni (non occupati e non in istruzione),2,Femmine,Y15-29,15-29 anni,2024,11.883942,,
A,Annuale,ITC3,Liguria,NEET_I,Incidenza dei giovani Neet di 15-34 anni (non occupati e non in istruzione),2,Femmine,Y15-29,15-29 anni,2025,14.901187,,
A,Annuale,ITC3,Liguria,NEET_I,Incidenza dei giovani Neet di 15-34 anni (non occupati e non in istruzione),9,Totale,Y15-29,15-29 anni,2018,19.818545,,
A,Annuale,ITC3,Liguria,NEET_I,Incidenza dei giovani Neet di 15-34 anni (non occupati e non in istruzione),9,Totale,Y15-29,15-29 anni,2019,17.754189,,
A,Annuale,ITC3,Liguria,NEET_I,Incidenza dei giovani Neet di 15-34 anni (non occupati e non in istruzione),9,Totale,Y15-29,15-29 anni,2020,20.382562,,
A,Annuale,ITC3,Liguria,NEET_I,Incidenza dei giovani Neet di 15-34 anni (non occupati e non in istruzione),9,Totale,Y15-29,15-29 anni,2021,19.558219,,
A,Annuale,ITC3,Liguria,NEET_I,Incidenza dei giovani Neet di 15-34 anni (non occupati e non in istruzione),9,Totale,Y15-29,15-29 anni,2022,14.820858,,
A,Annuale,ITC3,Liguria,NEET_I,Incidenza dei giovani Neet di 15-34 anni (non occupati e non in istruzione),9,Totale,Y15-29,15-29 anni,2023,11.285621,,
A,Annuale,ITC3,Liguria,NEET_I,Incidenza dei giovani Neet di 15-34 anni (non occupati e non in istruzione),9,Totale,Y15-29,15-29 anni,2024,12.365195,,
A,Annuale,ITC3,Liguria,NEET_I,Incidenza dei giovani Neet di 15-34 anni (non occupati e non in istruzione),9,Totale,Y15-29,15-29 anni,2025,14.015103,,
A,Annuale,ITC4,Lombardia,NEET_I,Incidenza dei giovani Neet di 15-34 anni (non occupati e non in istruzione),1,Maschi,Y15-29,15-29 anni,2018,13.443195,,
A,Annuale,ITC4,Lombardia,NEET_I,Incidenza dei giovani Neet di 15-34 anni (non occupati e non in istruzione),1,Maschi,Y15-29,15-29 anni,2019,11.813988,,
A,Annuale,ITC4,Lombardia,NEET_I,Incidenza dei giovani Neet di 15-34 anni (non occupati e non in istruzione),1,Maschi,Y15-29,15-29 anni,2020,15.601584,,
A,Annuale,ITC4,Lombardia,NEET_I,Incidenza dei giovani Neet di 15-34 anni (non occupati e non in istruzione),1,Maschi,Y15-29,15-29 anni,2021,16.345989,,
A,Annuale,ITC4,Lombardia,NEET_I,Incidenza dei giovani Neet di 15-34 anni (non occupati e non in istruzione),1,Maschi,Y15-29,15-29 anni,2022,11.614829,,
A,Annuale,ITC4,Lombardia,NEET_I,Incidenza dei giovani Neet di 15-34 anni (non occupati e non in istruzione),1,Maschi,Y15-29,15-29 anni,2023,8.934443,,
A,Annuale,ITC4,Lombardia,NEET_I,Incidenza dei giovani Neet di 15-34 anni (non occupati e non in istruzione),1,Maschi,Y15-29,15-29 anni,2024,8.657217,,
A,Annuale,ITC4,Lombardia,NEET_I,Incidenza dei giovani Neet di 15-34 anni (non occupati e non in istruzione),1,Maschi,Y15-29,15-29 anni,2025,6.517225,,
A,Annuale,ITC4,Lombardia,NEET_I,Incidenza dei giovani Neet di 15-34 anni (non occupati e non in istruzione),2,Femmine,Y15-29,15-29 anni,2018,16.723501,,
A,Annuale,ITC4,Lombardia,NEET_I,Incidenza dei giovani Neet di 15-34 anni (non occupati e non in istruzione),2,Femmine,Y15-29,15-29 anni,2019,17.728409,,
A,Annuale,ITC4,Lombardia,NEET_I,Incidenza dei giovani Neet di 15-34 anni (non occupati e non in istruzione),2,Femmine,Y15-29,15-29 anni,2020,20.357093,,
A,Annuale,ITC4,Lombardia,NEET_I,Incidenza dei giovani Neet di 15-34 anni (non occupati e non in istruzione),2,Femmine,Y15-29,15-29 anni,2021,20.490613,,
A,Annuale,ITC4,Lombardia,NEET_I,Incidenza dei giovani Neet di 15-34 anni (non occupati e non in istruzione),2,Femmine,Y15-29,15-29 anni,2022,15.68935,,
A,Annuale,ITC4,Lombardia,NEET_I,Incidenza dei giovani Neet di 15-34 anni (non occupati e non in istruzione),2,Femmine,Y15-29,15-29 anni,2023,12.484594,,
A,Annuale,ITC4,Lombardia,NEET_I,Incidenza dei giovani Neet di 15-34 anni (non occupati e non in istruzione),2,Femmine,Y15-29,15-29 anni,2024,11.553844,,
A,Annuale,ITC4,Lombardia,NEET_I,Incidenza dei giovani Neet di 15-34 anni (non occupati e non in istruzione),2,Femmine,Y15-29,15-29 anni,2025,10.62779,,
A,Annuale,ITC4,Lombardia,NEET_I,Incidenza dei giovani Neet di 15-34 anni (non occupati e non in istruzione),9,Totale,Y15-29,15-29 anni,2018,15.036368,,
A,Annuale,ITC4,Lombardia,NEET_I,Incidenza dei giovani Neet di 15-34 anni (non occupati e non in istruzione),9,Totale,Y15-29,15-29 anni,2019,14.686107,,
A,Annuale,ITC4,Lombardia,NEET_I,Incidenza dei giovani Neet di 15-34 anni (non occupati e non in istruzione),9,Totale,Y15-29,15-29 anni,2020,17.911056,,
A,Annuale,ITC4,Lombardia,NEET_I,Incidenza dei giovani Neet di 15-34 anni (non occupati e non in istruzione),9,Totale,Y15-29,15-29 anni,2021,18.353668,,
A,Annuale,ITC4,Lombardia,NEET_I,Incidenza dei giovani Neet di 15-34 anni (non occupati e non in istruzione),9,Totale,Y15-29,15-29 anni,2022,13.584102,,
A,Annuale,ITC4,Lombardia,NEET_I,Incidenza dei giovani Neet di 15-34 anni (non occupati e non in istruzione),9,Totale,Y15-29,15-29 anni,2023,10.6473,,
A,Annuale,ITC4,Lombardia,NEET_I,Incidenza dei giovani Neet di 15-34 anni (non occupati e non in istruzione),9,Totale,Y15-29,15-29 anni,2024,10.050766,,
A,Annuale,ITC4,Lombardia,NEET_I,Incidenza dei giovani Neet di 15-34 anni (non occupati e non in istruzione),9,Totale,Y15-29,15-29 anni,2025,8.484758,,
A,Annuale,ITD,Nord-est,NEET_I,Incidenza dei giovani Neet di 15-34 anni (non occupati e non in istruzione),1,Maschi,Y15-29,15-29 anni,2018,11.282829,,
A,Annuale,ITD,Nord-est,NEET_I,Incidenza dei giovani Neet di 15-34 anni (non occupati e non in istruzione),1,Maschi,Y15-29,15-29 anni,2019,10.037504,,
A,Annuale,ITD,Nord-est,NEET_I,Incidenza dei giovani Neet di 15-34 anni (non occupati e non in istruzione),1,Maschi,Y15-29,15-29 anni,2020,11.939181,,
A,Annuale,ITD,Nord-est,NEET_I,Incidenza dei giovani Neet di 15-34 anni (non occupati e non in istruzione),1,Maschi,Y15-29,15-29 anni,2021,12.445647,,
A,Annuale,ITD,Nord-est,NEET_I,Incidenza dei giovani Neet di 15-34 anni (non occupati e non in istruzione),1,Maschi,Y15-29,15-29 anni,2022,11.380587,,
A,Annuale,ITD,Nord-est,NEET_I,Incidenza dei giovani Neet di 15-34 anni (non occupati e non in istruzione),1,Maschi,Y15-29,15-29 anni,2023,7.888052,,
A,Annuale,ITD,Nord-est,NEET_I,Incidenza dei giovani Neet di 15-34 anni (non occupati e non in istruzione),1,Maschi,Y15-29,15-29 anni,2024,6.910512,,
A,Annuale,ITD,Nord-est,NEET_I,Incidenza dei giovani Neet di 15-34 anni (non occupati e non in istruzione),1,Maschi,Y15-29,15-29 anni,2025,6.026871,,
A,Annuale,ITD,Nord-est,NEET_I,Incidenza dei giovani Neet di 15-34 anni (non occupati e non in istruzione),2,Femmine,Y15-29,15-29 anni,2018,18.266784,,
A,Annuale,ITD,Nord-est,NEET_I,Incidenza dei giovani Neet di 15-34 anni (non occupati e non in istruzione),2,Femmine,Y15-29,15-29 anni,2019,16.14283,,
A,Annuale,ITD,Nord-est,NEET_I,Incidenza dei giovani Neet di 15-34 anni (non occupati e non in istruzione),2,Femmine,Y15-29,15-29 anni,2020,18.230377,,
A,Annuale,ITD,Nord-est,NEET_I,Incidenza dei giovani Neet di 15-34 anni (non occupati e non in istruzione),2,Femmine,Y15-29,15-29 anni,2021,17.164142,,
A,Annuale,ITD,Nord-est,NEET_I,Incidenza dei giovani Neet di 15-34 anni (non occupati e non in istruzione),2,Femmine,Y15-29,15-29 anni,2022,13.792741,,
A,Annuale,ITD,Nord-est,NEET_I,Incidenza dei giovani Neet di 15-34 anni (non occupati e non in istruzione),2,Femmine,Y15-29,15-29 anni,2023,13.433277,,
A,Annuale,ITD,Nord-est,NEET_I,Incidenza dei giovani Neet di 15-34 anni (non occupati e non in istruzione),2,Femmine,Y15-29,15-29 anni,2024,11.698034,,
A,Annuale,ITD,Nord-est,NEET_I,Incidenza dei giovani Neet di 15-34 anni (non occupati e non in istruzione),2,Femmine,Y15-29,15-29 anni,2025,10.24625,,
A,Annuale,ITD,Nord-est,NEET_I,Incidenza dei giovani Neet di 15-34 anni (non occupati e non in istruzione),9,Totale,Y15-29,15-29 anni,2018,14.685726,,
A,Annuale,ITD,Nord-est,NEET_I,Incidenza dei giovani Neet di 15-34 anni (non occupati e non in istruzione),9,Totale,Y15-29,15-29 anni,2019,13.00566,,
A,Annuale,ITD,Nord-est,NEET_I,Incidenza dei giovani Neet di 15-34 anni (non occupati e non in istruzione),9,Totale,Y15-29,15-29 anni,2020,14.993331,,
A,Annuale,ITD,Nord-est,NEET_I,Incidenza dei giovani Neet di 15-34 anni (non occupati e non in istruzione),9,Totale,Y15-29,15-29 anni,2021,14.7296,,
A,Annuale,ITD,Nord-est,NEET_I,Incidenza dei giovani Neet di 15-34 anni (non occupati e non in istruzione),9,Totale,Y15-29,15-29 anni,2022,12.544086,,
A,Annuale,ITD,Nord-est,NEET_I,Incidenza dei giovani Neet di 15-34 anni (non occupati e non in istruzione),9,Totale,Y15-29,15-29 anni,2023,10.5623,,
A,Annuale,ITD,Nord-est,NEET_I,Incidenza dei giovani Neet di 15-34 anni (non occupati e non in istruzione),9,Totale,Y15-29,15-29 anni,2024,9.214216,,
A,Annuale,ITD,Nord-est,NEET_I,Incidenza dei giovani Neet di 15-34 anni (non occupati e non in istruzione),9,Totale,Y15-29,15-29 anni,2025,8.049348,,
A,Annuale,ITDA,Trentino Alto Adige / Südtirol,NEET_I,Incidenza dei giovani Neet di 15-34 anni (non occupati e non in istruzione),1,Maschi,Y15-29,15-29 anni,2018,9.749034,,
A,Annuale,ITDA,Trentino Alto Adige / Südtirol,NEET_I,Incidenza dei giovani Neet di 15-34 anni (non occupati e non in istruzione),1,Maschi,Y15-29,15-29 anni,2019,7.725746,,
A,Annuale,ITDA,Trentino Alto Adige / Südtirol,NEET_I,Incidenza dei giovani Neet di 15-34 anni (non occupati e non in istruzione),1,Maschi,Y15-29,15-29 anni,2020,10.058817,,
A,Annuale,ITDA,Trentino Alto Adige / Südtirol,NEET_I,Incidenza dei giovani Neet di 15-34 anni (non occupati e non in istruzione),1,Maschi,Y15-29,15-29 anni,2021,12.673261,,
A,Annuale,ITDA,Trentino Alto Adige / Südtirol,NEET_I,Incidenza dei giovani Neet di 15-34 anni (non occupati e non in istruzione),1,Maschi,Y15-29,15-29 anni,2022,7.93984,,
A,Annuale,ITDA,Trentino Alto Adige / Südtirol,NEET_I,Incidenza dei giovani Neet di 15-34 anni (non occupati e non in istruzione),1,Maschi,Y15-29,15-29 anni,2023,6.684822,,
A,Annuale,ITDA,Trentino Alto Adige / Südtirol,NEET_I,Incidenza dei giovani Neet di 15-34 anni (non occupati e non in istruzione),1,Maschi,Y15-29,15-29 anni,2024,6.395657,,
A,Annuale,ITDA,Trentino Alto Adige / Südtirol,NEET_I,Incidenza dei giovani Neet di 15-34 anni (non occupati e non in istruzione),1,Maschi,Y15-29,15-29 anni,2025,4.066786,,
A,Annuale,ITDA,Trentino Alto Adige / Südtirol,NEET_I,Incidenza dei giovani Neet di 15-34 anni (non occupati e non in istruzione),2,Femmine,Y15-29,15-29 anni,2018,15.407247,,
A,Annuale,ITDA,Trentino Alto Adige / Südtirol,NEET_I,Incidenza dei giovani Neet di 15-34 anni (non occupati e non in istruzione),2,Femmine,Y15-29,15-29 anni,2019,14.286224,,
A,Annuale,ITDA,Trentino Alto Adige / Südtirol,NEET_I,Incidenza dei giovani Neet di 15-34 anni (non occupati e non in istruzione),2,Femmine,Y15-29,15-29 anni,2020,17.14594,,
A,Annuale,ITDA,Trentino Alto Adige / Südtirol,NEET_I,Incidenza dei giovani Neet di 15-34 anni (non occupati e non in istruzione),2,Femmine,Y15-29,15-29 anni,2021,18.237057,,
A,Annuale,ITDA,Trentino Alto Adige / Südtirol,NEET_I,Incidenza dei giovani Neet di 15-34 anni (non occupati e non in istruzione),2,Femmine,Y15-29,15-29 anni,2022,13.154334,,
A,Annuale,ITDA,Trentino Alto Adige / Südtirol,NEET_I,Incidenza dei giovani Neet di 15-34 anni (non occupati e non in istruzione),2,Femmine,Y15-29,15-29 anni,2023,11.099498,,
A,Annuale,ITDA,Trentino Alto Adige / Südtirol,NEET_I,Incidenza dei giovani Neet di 15-34 anni (non occupati e non in istruzione),2,Femmine,Y15-29,15-29 anni,2024,8.998415,,
A,Annuale,ITDA,Trentino Alto Adige / Südtirol,NEET_I,Incidenza dei giovani Neet di 15-34 anni (non occupati e non in istruzione),2,Femmine,Y15-29,15-29 anni,2025,8.354628,,
A,Annuale,ITDA,Trentino Alto Adige / Südtirol,NEET_I,Incidenza dei giovani Neet di 15-34 anni (non occupati e non in istruzione),9,Totale,Y15-29,15-29 anni,2018,12.516967,,
A,Annuale,ITDA,Trentino Alto Adige / Südtirol,NEET_I,Incidenza dei giovani Neet di 15-34 anni (non occupati e non in istruzione),9,Totale,Y15-29,15-29 anni,2019,10.929952,,
A,Annuale,ITDA,Trentino Alto Adige / Südtirol,NEET_I,Incidenza dei giovani Neet di 15-34 anni (non occupati e non in istruzione),9,Totale,Y15-29,15-29 anni,2020,13.518583,,
A,Annuale,ITDA,Trentino Alto Adige / Südtirol,NEET_I,Incidenza dei giovani Neet di 15-34 anni (non occupati e non in istruzione),9,Totale,Y15-29,15-29 anni,2021,15.377163,,
A,Annuale,ITDA,Trentino Alto Adige / Südtirol,NEET_I,Incidenza dei giovani Neet di 15-34 anni (non occupati e non in istruzione),9,Totale,Y15-29,15-29 anni,2022,10.460539,,
A,Annuale,ITDA,Trentino Alto Adige / Südtirol,NEET_I,Incidenza dei giovani Neet di 15-34 anni (non occupati e non in istruzione),9,Totale,Y15-29,15-29 anni,2023,8.819003,,
A,Annuale,ITDA,Trentino Alto Adige / Südtirol,NEET_I,Incidenza dei giovani Neet di 15-34 anni (non occupati e non in istruzione),9,Totale,Y15-29,15-29 anni,2024,7.651727,,
A,Annuale,ITDA,Trentino Alto Adige / Südtirol,NEET_I,Incidenza dei giovani Neet di 15-34 anni (non occupati e non in istruzione),9,Totale,Y15-29,15-29 anni,2025,6.128416,,
A,Annuale,ITD1,Provincia Autonoma Bolzano / Bozen,NEET_I,Incidenza dei giovani Neet di 15-34 anni (non occupati e non in istruzione),1,Maschi,Y15-29,15-29 anni,2018,8.409572,,
A,Annuale,ITD1,Provincia Autonoma Bolzano / Bozen,NEET_I,Incidenza dei giovani Neet di 15-34 anni (non occupati e non in istruzione),1,Maschi,Y15-29,15-29 anni,2019,6.221534,,
A,Annuale,ITD1,Provincia Autonoma Bolzano / Bozen,NEET_I,Incidenza dei giovani Neet di 15-34 anni (non occupati e non in istruzione),1,Maschi,Y15-29,15-29 anni,2020,8.884537,,
A,Annuale,ITD1,Provincia Autonoma Bolzano / Bozen,NEET_I,Incidenza dei giovani Neet di 15-34 anni (non occupati e non in istruzione),1,Maschi,Y15-29,15-29 anni,2021,10.271394,,
A,Annuale,ITD1,Provincia Autonoma Bolzano / Bozen,NEET_I,Incidenza dei giovani Neet di 15-34 anni (non occupati e non in istruzione),1,Maschi,Y15-29,15-29 anni,2022,6.831459,,
A,Annuale,ITD1,Provincia Autonoma Bolzano / Bozen,NEET_I,Incidenza dei giovani Neet di 15-34 anni (non occupati e non in istruzione),1,Maschi,Y15-29,15-29 anni,2023,5.86733,,
A,Annuale,ITD1,Provincia Autonoma Bolzano / Bozen,NEET_I,Incidenza dei giovani Neet di 15-34 anni (non occupati e non in istruzione),1,Maschi,Y15-29,15-29 anni,2024,5.637648,,
A,Annuale,ITD1,Provincia Autonoma Bolzano / Bozen,NEET_I,Incidenza dei giovani Neet di 15-34 anni (non occupati e non in istruzione),1,Maschi,Y15-29,15-29 anni,2025,3.270383,,
A,Annuale,ITD1,Provincia Autonoma Bolzano / Bozen,NEET_I,Incidenza dei giovani Neet di 15-34 anni (non occupati e non in istruzione),2,Femmine,Y15-29,15-29 anni,2018,13.573831,,
A,Annuale,ITD1,Provincia Autonoma Bolzano / Bozen,NEET_I,Incidenza dei giovani Neet di 15-34 anni (non occupati e non in istruzione),2,Femmine,Y15-29,15-29 anni,2019,12.742036,,
A,Annuale,ITD1,Provincia Autonoma Bolzano / Bozen,NEET_I,Incidenza dei giovani Neet di 15-34 anni (non occupati e non in istruzione),2,Femmine,Y15-29,15-29 anni,2020,15.994639,,
A,Annuale,ITD1,Provincia Autonoma Bolzano / Bozen,NEET_I,Incidenza dei giovani Neet di 15-34 anni (non occupati e non in istruzione),2,Femmine,Y15-29,15-29 anni,2021,16.432921,,
A,Annuale,ITD1,Provincia Autonoma Bolzano / Bozen,NEET_I,Incidenza dei giovani Neet di 15-34 anni (non occupati e non in istruzione),2,Femmine,Y15-29,15-29 anni,2022,13.159119,,
A,Annuale,ITD1,Provincia Autonoma Bolzano / Bozen,NEET_I,Incidenza dei giovani Neet di 15-34 anni (non occupati e non in istruzione),2,Femmine,Y15-29,15-29 anni,2023,10.30303,,
A,Annuale,ITD1,Provincia Autonoma Bolzano / Bozen,NEET_I,Incidenza dei giovani Neet di 15-34 anni (non occupati e non in istruzione),2,Femmine,Y15-29,15-29 anni,2024,10.482727,,
A,Annuale,ITD1,Provincia Autonoma Bolzano / Bozen,NEET_I,Incidenza dei giovani Neet di 15-34 anni (non occupati e non in istruzione),2,Femmine,Y15-29,15-29 anni,2025,8.149857,,
A,Annuale,ITD1,Provincia Autonoma Bolzano / Bozen,NEET_I,Incidenza dei giovani Neet di 15-34 anni (non occupati e non in istruzione),9,Totale,Y15-29,15-29 anni,2018,10.937181,,
A,Annuale,ITD1,Provincia Autonoma Bolzano / Bozen,NEET_I,Incidenza dei giovani Neet di 15-34 anni (non occupati e non in istruzione),9,Totale,Y15-29,15-29 anni,2019,9.407855,,
A,Annuale,ITD1,Provincia Autonoma Bolzano / Bozen,NEET_I,Incidenza dei giovani Neet di 15-34 anni (non occupati e non in istruzione),9,Totale,Y15-29,15-29 anni,2020,12.372887,,
A,Annuale,ITD1,Provincia Autonoma Bolzano / Bozen,NEET_I,Incidenza dei giovani Neet di 15-34 anni (non occupati e non in istruzione),9,Totale,Y15-29,15-29 anni,2021,13.271414,,
A,Annuale,ITD1,Provincia Autonoma Bolzano / Bozen,NEET_I,Incidenza dei giovani Neet di 15-34 anni (non occupati e non in istruzione),9,Totale,Y15-29,15-29 anni,2022,9.891953,,
A,Annuale,ITD1,Provincia Autonoma Bolzano / Bozen,NEET_I,Incidenza dei giovani Neet di 15-34 anni (non occupati e non in istruzione),9,Totale,Y15-29,15-29 anni,2023,8.012354,,
A,Annuale,ITD1,Provincia Autonoma Bolzano / Bozen,NEET_I,Incidenza dei giovani Neet di 15-34 anni (non occupati e non in istruzione),9,Totale,Y15-29,15-29 anni,2024,7.972941,,
A,Annuale,ITD1,Provincia Autonoma Bolzano / Bozen,NEET_I,Incidenza dei giovani Neet di 15-34 anni (non occupati e non in istruzione),9,Totale,Y15-29,15-29 anni,2025,5.615461,,
A,Annuale,ITD2,Provincia Autonoma Trento,NEET_I,Incidenza dei giovani Neet di 15-34 anni (non occupati e non in istruzione),1,Maschi,Y15-29,15-29 anni,2018,11.158126,,
A,Annuale,ITD2,Provincia Autonoma Trento,NEET_I,Incidenza dei giovani Neet di 15-34 anni (non occupati e non in istruzione),1,Maschi,Y15-29,15-29 anni,2019,9.312685,,
A,Annuale,ITD2,Provincia Autonoma Trento,NEET_I,Incidenza dei giovani Neet di 15-34 anni (non occupati e non in istruzione),1,Maschi,Y15-29,15-29 anni,2020,11.272108,,
A,Annuale,ITD2,Provincia Autonoma Trento,NEET_I,Incidenza dei giovani Neet di 15-34 anni (non occupati e non in istruzione),1,Maschi,Y15-29,15-29 anni,2021,15.170046,,
A,Annuale,ITD2,Provincia Autonoma Trento,NEET_I,Incidenza dei giovani Neet di 15-34 anni (non occupati e non in istruzione),1,Maschi,Y15-29,15-29 anni,2022,9.091527,,
A,Annuale,ITD2,Provincia Autonoma Trento,NEET_I,Incidenza dei giovani Neet di 15-34 anni (non occupati e non in istruzione),1,Maschi,Y15-29,15-29 anni,2023,7.535332,,
A,Annuale,ITD2,Provincia Autonoma Trento,NEET_I,Incidenza dei giovani Neet di 15-34 anni (non occupati e non in istruzione),1,Maschi,Y15-29,15-29 anni,2024,7.184619,,
A,Annuale,ITD2,Provincia Autonoma Trento,NEET_I,Incidenza dei giovani Neet di 15-34 anni (non occupati e non in istruzione),1,Maschi,Y15-29,15-29 anni,2025,4.88973,,
A,Annuale,ITD2,Provincia Autonoma Trento,NEET_I,Incidenza dei giovani Neet di 15-34 anni (non occupati e non in istruzione),2,Femmine,Y15-29,15-29 anni,2018,17.344366,,
A,Annuale,ITD2,Provincia Autonoma Trento,NEET_I,Incidenza dei giovani Neet di 15-34 anni (non occupati e non in istruzione),2,Femmine,Y15-29,15-29 anni,2019,15.918707,,
A,Annuale,ITD2,Provincia Autonoma Trento,NEET_I,Incidenza dei giovani Neet di 15-34 anni (non occupati e non in istruzione),2,Femmine,Y15-29,15-29 anni,2020,18.359641,,
A,Annuale,ITD2,Provincia Autonoma Trento,NEET_I,Incidenza dei giovani Neet di 15-34 anni (non occupati e non in istruzione),2,Femmine,Y15-29,15-29 anni,2021,20.125589,,
A,Annuale,ITD2,Provincia Autonoma Trento,NEET_I,Incidenza dei giovani Neet di 15-34 anni (non occupati e non in istruzione),2,Femmine,Y15-29,15-29 anni,2022,13.149032,,
A,Annuale,ITD2,Provincia Autonoma Trento,NEET_I,Incidenza dei giovani Neet di 15-34 anni (non occupati e non in istruzione),2,Femmine,Y15-29,15-29 anni,2023,11.926961,,
A,Annuale,ITD2,Provincia Autonoma Trento,NEET_I,Incidenza dei giovani Neet di 15-34 anni (non occupati e non in istruzione),2,Femmine,Y15-29,15-29 anni,2024,7.462507,,
A,Annuale,ITD2,Provincia Autonoma Trento,NEET_I,Incidenza dei giovani Neet di 15-34 anni (non occupati e non in istruzione),2,Femmine,Y15-29,15-29 anni,2025,8.565866,,
A,Annuale,ITD2,Provincia Autonoma Trento,NEET_I,Incidenza dei giovani Neet di 15-34 anni (non occupati e non in istruzione),9,Totale,Y15-29,15-29 anni,2018,14.178774,,
A,Annuale,ITD2,Provincia Autonoma Trento,NEET_I,Incidenza dei giovani Neet di 15-34 anni (non occupati e non in istruzione),9,Totale,Y15-29,15-29 anni,2019,12.537306,,
A,Annuale,ITD2,Provincia Autonoma Trento,NEET_I,Incidenza dei giovani Neet di 15-34 anni (non occupati e non in istruzione),9,Totale,Y15-29,15-29 anni,2020,14.715312,,
A,Annuale,ITD2,Provincia Autonoma Trento,NEET_I,Incidenza dei giovani Neet di 15-34 anni (non occupati e non in istruzione),9,Totale,Y15-29,15-29 anni,2021,17.573075,,
A,Annuale,ITD2,Provincia Autonoma Trento,NEET_I,Incidenza dei giovani Neet di 15-34 anni (non occupati e non in istruzione),9,Totale,Y15-29,15-29 anni,2022,11.051929,,
A,Annuale,ITD2,Provincia Autonoma Trento,NEET_I,Incidenza dei giovani Neet di 15-34 anni (non occupati e non in istruzione),9,Totale,Y15-29,15-29 anni,2023,9.656504,,
A,Annuale,ITD2,Provincia Autonoma Trento,NEET_I,Incidenza dei giovani Neet di 15-34 anni (non occupati e non in istruzione),9,Totale,Y15-29,15-29 anni,2024,7.318831,,
A,Annuale,ITD2,Provincia Autonoma Trento,NEET_I,Incidenza dei giovani Neet di 15-34 anni (non occupati e non in istruzione),9,Totale,Y15-29,15-29 anni,2025,6.658034,,
A,Annuale,ITD3,Veneto,NEET_I,Incidenza dei giovani Neet di 15-34 anni (non occupati e non in istruzione),1,Maschi,Y15-29,15-29 anni,2018,11.990578,,
A,Annuale,ITD3,Veneto,NEET_I,Incidenza dei giovani Neet di 15-34 anni (non occupati e non in istruzione),1,Maschi,Y15-29,15-29 anni,2019,9.513964,,
A,Annuale,ITD3,Veneto,NEET_I,Incidenza dei giovani Neet di 15-34 anni (non occupati e non in istruzione),1,Maschi,Y15-29,15-29 anni,2020,12.824433,,
A,Annuale,ITD3,Veneto,NEET_I,Incidenza dei giovani Neet di 15-34 anni (non occupati e non in istruzione),1,Maschi,Y15-29,15-29 anni,2021,13.033745,,
A,Annuale,ITD3,Veneto,NEET_I,Incidenza dei giovani Neet di 15-34 anni (non occupati e non in istruzione),1,Maschi,Y15-29,15-29 anni,2022,12.718576,,
A,Annuale,ITD3,Veneto,NEET_I,Incidenza dei giovani Neet di 15-34 anni (non occupati e non in istruzione),1,Maschi,Y15-29,15-29 anni,2023,7.779314,,
A,Annuale,ITD3,Veneto,NEET_I,Incidenza dei giovani Neet di 15-34 anni (non occupati e non in istruzione),1,Maschi,Y15-29,15-29 anni,2024,6.704259,,
A,Annuale,ITD3,Veneto,NEET_I,Incidenza dei giovani Neet di 15-34 anni (non occupati e non in istruzione),1,Maschi,Y15-29,15-29 anni,2025,6.27498,,
A,Annuale,ITD3,Veneto,NEET_I,Incidenza dei giovani Neet di 15-34 anni (non occupati e non in istruzione),2,Femmine,Y15-29,15-29 anni,2018,17.666357,,
A,Annuale,ITD3,Veneto,NEET_I,Incidenza dei giovani Neet di 15-34 anni (non occupati e non in istruzione),2,Femmine,Y15-29,15-29 anni,2019,15.47987,,
A,Annuale,ITD3,Veneto,NEET_I,Incidenza dei giovani Neet di 15-34 anni (non occupati e non in istruzione),2,Femmine,Y15-29,15-29 anni,2020,16.842311,,
A,Annuale,ITD3,Veneto,NEET_I,Incidenza dei giovani Neet di 15-34 anni (non occupati e non in istruzione),2,Femmine,Y15-29,15-29 anni,2021,14.797423,,
A,Annuale,ITD3,Veneto,NEET_I,Incidenza dei giovani Neet di 15-34 anni (non occupati e non in istruzione),2,Femmine,Y15-29,15-29 anni,2022,13.590153,,
A,Annuale,ITD3,Veneto,NEET_I,Incidenza dei giovani Neet di 15-34 anni (non occupati e non in istruzione),2,Femmine,Y15-29,15-29 anni,2023,13.425846,,
A,Annuale,ITD3,Veneto,NEET_I,Incidenza dei giovani Neet di 15-34 anni (non occupati e non in istruzione),2,Femmine,Y15-29,15-29 anni,2024,11.410782,,
A,Annuale,ITD3,Veneto,NEET_I,Incidenza dei giovani Neet di 15-34 anni (non occupati e non in istruzione),2,Femmine,Y15-29,15-29 anni,2025,10.450407,,
A,Annuale,ITD3,Veneto,NEET_I,Incidenza dei giovani Neet di 15-34 anni (non occupati e non in istruzione),9,Totale,Y15-29,15-29 anni,2018,14.760315,,
A,Annuale,ITD3,Veneto,NEET_I,Incidenza dei giovani Neet di 15-34 anni (non occupati e non in istruzione),9,Totale,Y15-29,15-29 anni,2019,12.421351,,
A,Annuale,ITD3,Veneto,NEET_I,Incidenza dei giovani Neet di 15-34 anni (non occupati e non in istruzione),9,Totale,Y15-29,15-29 anni,2020,14.778037,,
A,Annuale,ITD3,Veneto,NEET_I,Incidenza dei giovani Neet di 15-34 anni (non occupati e non in istruzione),9,Totale,Y15-29,15-29 anni,2021,13.888638,,
A,Annuale,ITD3,Veneto,NEET_I,Incidenza dei giovani Neet di 15-34 anni (non occupati e non in istruzione),9,Totale,Y15-29,15-29 anni,2022,13.139445,,
A,Annuale,ITD3,Veneto,NEET_I,Incidenza dei giovani Neet di 15-34 anni (non occupati e non in istruzione),9,Totale,Y15-29,15-29 anni,2023,10.507069,,
A,Annuale,ITD3,Veneto,NEET_I,Incidenza dei giovani Neet di 15-34 anni (non occupati e non in istruzione),9,Totale,Y15-29,15-29 anni,2024,8.973313,,
A,Annuale,ITD3,Veneto,NEET_I,Incidenza dei giovani Neet di 15-34 anni (non occupati e non in istruzione),9,Totale,Y15-29,15-29 anni,2025,8.28008,,
A,Annuale,ITD4,Friuli-Venezia Giulia,NEET_I,Incidenza dei giovani Neet di 15-34 anni (non occupati e non in istruzione),1,Maschi,Y15-29,15-29 anni,2018,12.284991,,
A,Annuale,ITD4,Friuli-Venezia Giulia,NEET_I,Incidenza dei giovani Neet di 15-34 anni (non occupati e non in istruzione),1,Maschi,Y15-29,15-29 anni,2019,11.27454,,
A,Annuale,ITD4,Friuli-Venezia Giulia,NEET_I,Incidenza dei giovani Neet di 15-34 anni (non occupati e non in istruzione),1,Maschi,Y15-29,15-29 anni,2020,9.962663,,
A,Annuale,ITD4,Friuli-Venezia Giulia,NEET_I,Incidenza dei giovani Neet di 15-34 anni (non occupati e non in istruzione),1,Maschi,Y15-29,15-29 anni,2021,14.134128,,
A,Annuale,ITD4,Friuli-Venezia Giulia,NEET_I,Incidenza dei giovani Neet di 15-34 anni (non occupati e non in istruzione),1,Maschi,Y15-29,15-29 anni,2022,10.816096,,
A,Annuale,ITD4,Friuli-Venezia Giulia,NEET_I,Incidenza dei giovani Neet di 15-34 anni (non occupati e non in istruzione),1,Maschi,Y15-29,15-29 anni,2023,8.78434,,
A,Annuale,ITD4,Friuli-Venezia Giulia,NEET_I,Incidenza dei giovani Neet di 15-34 anni (non occupati e non in istruzione),1,Maschi,Y15-29,15-29 anni,2024,8.721789,,
A,Annuale,ITD4,Friuli-Venezia Giulia,NEET_I,Incidenza dei giovani Neet di 15-34 anni (non occupati e non in istruzione),1,Maschi,Y15-29,15-29 anni,2025,6.79644,,
A,Annuale,ITD4,Friuli-Venezia Giulia,NEET_I,Incidenza dei giovani Neet di 15-34 anni (non occupati e non in istruzione),2,Femmine,Y15-29,15-29 anni,2018,16.552349,,
A,Annuale,ITD4,Friuli-Venezia Giulia,NEET_I,Incidenza dei giovani Neet di 15-34 anni (non occupati e non in istruzione),2,Femmine,Y15-29,15-29 anni,2019,16.245012,,
A,Annuale,ITD4,Friuli-Venezia Giulia,NEET_I,Incidenza dei giovani Neet di 15-34 anni (non occupati e non in istruzione),2,Femmine,Y15-29,15-29 anni,2020,17.612772,,
A,Annuale,ITD4,Friuli-Venezia Giulia,NEET_I,Incidenza dei giovani Neet di 15-34 anni (non occupati e non in istruzione),2,Femmine,Y15-29,15-29 anni,2021,18.353691,,
A,Annuale,ITD4,Friuli-Venezia Giulia,NEET_I,Incidenza dei giovani Neet di 15-34 anni (non occupati e non in istruzione),2,Femmine,Y15-29,15-29 anni,2022,16.500006,,
A,Annuale,ITD4,Friuli-Venezia Giulia,NEET_I,Incidenza dei giovani Neet di 15-34 anni (non occupati e non in istruzione),2,Femmine,Y15-29,15-29 anni,2023,13.375238,,
A,Annuale,ITD4,Friuli-Venezia Giulia,NEET_I,Incidenza dei giovani Neet di 15-34 anni (non occupati e non in istruzione),2,Femmine,Y15-29,15-29 anni,2024,12.664378,,
A,Annuale,ITD4,Friuli-Venezia Giulia,NEET_I,Incidenza dei giovani Neet di 15-34 anni (non occupati e non in istruzione),2,Femmine,Y15-29,15-29 anni,2025,10.355821,,
A,Annuale,ITD4,Friuli-Venezia Giulia,NEET_I,Incidenza dei giovani Neet di 15-34 anni (non occupati e non in istruzione),9,Totale,Y15-29,15-29 anni,2018,14.35801,,
A,Annuale,ITD4,Friuli-Venezia Giulia,NEET_I,Incidenza dei giovani Neet di 15-34 anni (non occupati e non in istruzione),9,Totale,Y15-29,15-29 anni,2019,13.681505,,
A,Annuale,ITD4,Friuli-Venezia Giulia,NEET_I,Incidenza dei giovani Neet di 15-34 anni (non occupati e non in istruzione),9,Totale,Y15-29,15-29 anni,2020,13.663244,,
A,Annuale,ITD4,Friuli-Venezia Giulia,NEET_I,Incidenza dei giovani Neet di 15-34 anni (non occupati e non in istruzione),9,Totale,Y15-29,15-29 anni,2021,16.168373,,
A,Annuale,ITD4,Friuli-Venezia Giulia,NEET_I,Incidenza dei giovani Neet di 15-34 anni (non occupati e non in istruzione),9,Totale,Y15-29,15-29 anni,2022,13.543224,,
A,Annuale,ITD4,Friuli-Venezia Giulia,NEET_I,Incidenza dei giovani Neet di 15-34 anni (non occupati e non in istruzione),9,Totale,Y15-29,15-29 anni,2023,10.990138,,
A,Annuale,ITD4,Friuli-Venezia Giulia,NEET_I,Incidenza dei giovani Neet di 15-34 anni (non occupati e non in istruzione),9,Totale,Y15-29,15-29 anni,2024,10.612919,,
A,Annuale,ITD4,Friuli-Venezia Giulia,NEET_I,Incidenza dei giovani Neet di 15-34 anni (non occupati e non in istruzione),9,Totale,Y15-29,15-29 anni,2025,8.498152,,
A,Annuale,ITD5,Emilia-Romagna,NEET_I,Incidenza dei giovani Neet di 15-34 anni (non occupati e non in istruzione),1,Maschi,Y15-29,15-29 anni,2018,10.626251,,
A,Annuale,ITD5,Emilia-Romagna,NEET_I,Incidenza dei giovani Neet di 15-34 anni (non occupati e non in istruzione),1,Maschi,Y15-29,15-29 anni,2019,10.971574,,
A,Annuale,ITD5,Emilia-Romagna,NEET_I,Incidenza dei giovani Neet di 15-34 anni (non occupati e non in istruzione),1,Maschi,Y15-29,15-29 anni,2020,11.965964,,
A,Annuale,ITD5,Emilia-Romagna,NEET_I,Incidenza dei giovani Neet di 15-34 anni (non occupati e non in istruzione),1,Maschi,Y15-29,15-29 anni,2021,11.262003,,
A,Annuale,ITD5,Emilia-Romagna,NEET_I,Incidenza dei giovani Neet di 15-34 anni (non occupati e non in istruzione),1,Maschi,Y15-29,15-29 anni,2022,10.956336,,
A,Annuale,ITD5,Emilia-Romagna,NEET_I,Incidenza dei giovani Neet di 15-34 anni (non occupati e non in istruzione),1,Maschi,Y15-29,15-29 anni,2023,8.109859,,
A,Annuale,ITD5,Emilia-Romagna,NEET_I,Incidenza dei giovani Neet di 15-34 anni (non occupati e non in istruzione),1,Maschi,Y15-29,15-29 anni,2024,6.813823,,
A,Annuale,ITD5,Emilia-Romagna,NEET_I,Incidenza dei giovani Neet di 15-34 anni (non occupati e non in istruzione),1,Maschi,Y15-29,15-29 anni,2025,6.08055,,
A,Annuale,ITD5,Emilia-Romagna,NEET_I,Incidenza dei giovani Neet di 15-34 anni (non occupati e non in istruzione),2,Femmine,Y15-29,15-29 anni,2018,20.25532,,
A,Annuale,ITD5,Emilia-Romagna,NEET_I,Incidenza dei giovani Neet di 15-34 anni (non occupati e non in istruzione),2,Femmine,Y15-29,15-29 anni,2019,17.427237,,
A,Annuale,ITD5,Emilia-Romagna,NEET_I,Incidenza dei giovani Neet di 15-34 anni (non occupati e non in istruzione),2,Femmine,Y15-29,15-29 anni,2020,20.315058,,
A,Annuale,ITD5,Emilia-Romagna,NEET_I,Incidenza dei giovani Neet di 15-34 anni (non occupati e non in istruzione),2,Femmine,Y15-29,15-29 anni,2021,19.284473,,
A,Annuale,ITD5,Emilia-Romagna,NEET_I,Incidenza dei giovani Neet di 15-34 anni (non occupati e non in istruzione),2,Femmine,Y15-29,15-29 anni,2022,13.499179,,
A,Annuale,ITD5,Emilia-Romagna,NEET_I,Incidenza dei giovani Neet di 15-34 anni (non occupati e non in istruzione),2,Femmine,Y15-29,15-29 anni,2023,14.106999,,
A,Annuale,ITD5,Emilia-Romagna,NEET_I,Incidenza dei giovani Neet di 15-34 anni (non occupati e non in istruzione),2,Femmine,Y15-29,15-29 anni,2024,12.520765,,
A,Annuale,ITD5,Emilia-Romagna,NEET_I,Incidenza dei giovani Neet di 15-34 anni (non occupati e non in istruzione),2,Femmine,Y15-29,15-29 anni,2025,10.503567,,
A,Annuale,ITD5,Emilia-Romagna,NEET_I,Incidenza dei giovani Neet di 15-34 anni (non occupati e non in istruzione),9,Totale,Y15-29,15-29 anni,2018,15.308302,,
A,Annuale,ITD5,Emilia-Romagna,NEET_I,Incidenza dei giovani Neet di 15-34 anni (non occupati e non in istruzione),9,Totale,Y15-29,15-29 anni,2019,14.10048,,
A,Annuale,ITD5,Emilia-Romagna,NEET_I,Incidenza dei giovani Neet di 15-34 anni (non occupati e non in istruzione),9,Totale,Y15-29,15-29 anni,2020,16.009114,,
A,Annuale,ITD5,Emilia-Romagna,NEET_I,Incidenza dei giovani Neet di 15-34 anni (non occupati e non in istruzione),9,Totale,Y15-29,15-29 anni,2021,15.138667,,
A,Annuale,ITD5,Emilia-Romagna,NEET_I,Incidenza dei giovani Neet di 15-34 anni (non occupati e non in istruzione),9,Totale,Y15-29,15-29 anni,2022,12.182407,,
A,Annuale,ITD5,Emilia-Romagna,NEET_I,Incidenza dei giovani Neet di 15-34 anni (non occupati e non in istruzione),9,Totale,Y15-29,15-29 anni,2023,10.996891,,
A,Annuale,ITD5,Emilia-Romagna,NEET_I,Incidenza dei giovani Neet di 15-34 anni (non occupati e non in istruzione),9,Totale,Y15-29,15-29 anni,2024,9.554061,,
A,Annuale,ITD5,Emilia-Romagna,NEET_I,Incidenza dei giovani Neet di 15-34 anni (non occupati e non in istruzione),9,Totale,Y15-29,15-29 anni,2025,8.195861,,
A,Annuale,ITE,Centro,NEET_I,Incidenza dei giovani Neet di 15-34 anni (non occupati e non in istruzione),1,Maschi,Y15-29,15-29 anni,2018,18.349347,,
A,Annuale,ITE,Centro,NEET_I,Incidenza dei giovani Neet di 15-34 anni (non occupati e non in istruzione),1,Maschi,Y15-29,15-29 anni,2019,16.570239,,
A,Annuale,ITE,Centro,NEET_I,Incidenza dei giovani Neet di 15-34 anni (non occupati e non in istruzione),1,Maschi,Y15-29,15-29 anni,2020,19.18845,,
A,Annuale,ITE,Centro,NEET_I,Incidenza dei giovani Neet di 15-34 anni (non occupati e non in istruzione),1,Maschi,Y15-29,15-29 anni,2021,18.941551,,
A,Annuale,ITE,Centro,NEET_I,Incidenza dei giovani Neet di 15-34 anni (non occupati e non in istruzione),1,Maschi,Y15-29,15-29 anni,2022,14.416015,,
A,Annuale,ITE,Centro,NEET_I,Incidenza dei giovani Neet di 15-34 anni (non occupati e non in istruzione),1,Maschi,Y15-29,15-29 anni,2023,11.278619,,
A,Annuale,ITE,Centro,NEET_I,Incidenza dei giovani Neet di 15-34 anni (non occupati e non in istruzione),1,Maschi,Y15-29,15-29 anni,2024,11.794855,,
A,Annuale,ITE,Centro,NEET_I,Incidenza dei giovani Neet di 15-34 anni (non occupati e non in istruzione),1,Maschi,Y15-29,15-29 anni,2025,10.524498,,
A,Annuale,ITE,Centro,NEET_I,Incidenza dei giovani Neet di 15-34 anni (non occupati e non in istruzione),2,Femmine,Y15-29,15-29 anni,2018,20.532388,,
A,Annuale,ITE,Centro,NEET_I,Incidenza dei giovani Neet di 15-34 anni (non occupati e non in istruzione),2,Femmine,Y15-29,15-29 anni,2019,19.505091,,
A,Annuale,ITE,Centro,NEET_I,Incidenza dei giovani Neet di 15-34 anni (non occupati e non in istruzione),2,Femmine,Y15-29,15-29 anni,2020,21.362448,,
A,Annuale,ITE,Centro,NEET_I,Incidenza dei giovani Neet di 15-34 anni (non occupati e non in istruzione),2,Femmine,Y15-29,15-29 anni,2021,20.236522,,
A,Annuale,ITE,Centro,NEET_I,Incidenza dei giovani Neet di 15-34 anni (non occupati e non in istruzione),2,Femmine,Y15-29,15-29 anni,2022,16.34454,,
A,Annuale,ITE,Centro,NEET_I,Incidenza dei giovani Neet di 15-34 anni (non occupati e non in istruzione),2,Femmine,Y15-29,15-29 anni,2023,13.328597,,
A,Annuale,ITE,Centro,NEET_I,Incidenza dei giovani Neet di 15-34 anni (non occupati e non in istruzione),2,Femmine,Y15-29,15-29 anni,2024,14.18637,,
A,Annuale,ITE,Centro,NEET_I,Incidenza dei giovani Neet di 15-34 anni (non occupati e non in istruzione),2,Femmine,Y15-29,15-29 anni,2025,13.2309,,
A,Annuale,ITE,Centro,NEET_I,Incidenza dei giovani Neet di 15-34 anni (non occupati e non in istruzione),9,Totale,Y15-29,15-29 anni,2018,19.408117,,
A,Annuale,ITE,Centro,NEET_I,Incidenza dei giovani Neet di 15-34 anni (non occupati e non in istruzione),9,Totale,Y15-29,15-29 anni,2019,17.991253,,
A,Annuale,ITE,Centro,NEET_I,Incidenza dei giovani Neet di 15-34 anni (non occupati e non in istruzione),9,Totale,Y15-29,15-29 anni,2020,20.24083,,
A,Annuale,ITE,Centro,NEET_I,Incidenza dei giovani Neet di 15-34 anni (non occupati e non in istruzione),9,Totale,Y15-29,15-29 anni,2021,19.567661,,
A,Annuale,ITE,Centro,NEET_I,Incidenza dei giovani Neet di 15-34 anni (non occupati e non in istruzione),9,Totale,Y15-29,15-29 anni,2022,15.347427,,
A,Annuale,ITE,Centro,NEET_I,Incidenza dei giovani Neet di 15-34 anni (non occupati e non in istruzione),9,Totale,Y15-29,15-29 anni,2023,12.267074,,
A,Annuale,ITE,Centro,NEET_I,Incidenza dei giovani Neet di 15-34 anni (non occupati e non in istruzione),9,Totale,Y15-29,15-29 anni,2024,12.945479,,
A,Annuale,ITE,Centro,NEET_I,Incidenza dei giovani Neet di 15-34 anni (non occupati e non in istruzione),9,Totale,Y15-29,15-29 anni,2025,11.82218,,
A,Annuale,ITE1,Toscana,NEET_I,Incidenza dei giovani Neet di 15-34 anni (non occupati e non in istruzione),1,Maschi,Y15-29,15-29 anni,2018,13.522171,,
A,Annuale,ITE1,Toscana,NEET_I,Incidenza dei giovani Neet di 15-34 anni (non occupati e non in istruzione),1,Maschi,Y15-29,15-29 anni,2019,13.662172,,
A,Annuale,ITE1,Toscana,NEET_I,Incidenza dei giovani Neet di 15-34 anni (non occupati e non in istruzione),1,Maschi,Y15-29,15-29 anni,2020,16.438458,,
A,Annuale,ITE1,Toscana,NEET_I,Incidenza dei giovani Neet di 15-34 anni (non occupati e non in istruzione),1,Maschi,Y15-29,15-29 anni,2021,15.088885,,
A,Annuale,ITE1,Toscana,NEET_I,Incidenza dei giovani Neet di 15-34 anni (non occupati e non in istruzione),1,Maschi,Y15-29,15-29 anni,2022,12.533737,,
A,Annuale,ITE1,Toscana,NEET_I,Incidenza dei giovani Neet di 15-34 anni (non occupati e non in istruzione),1,Maschi,Y15-29,15-29 anni,2023,10.366359,,
A,Annuale,ITE1,Toscana,NEET_I,Incidenza dei giovani Neet di 15-34 anni (non occupati e non in istruzione),1,Maschi,Y15-29,15-29 anni,2024,8.630008,,
A,Annuale,ITE1,Toscana,NEET_I,Incidenza dei giovani Neet di 15-34 anni (non occupati e non in istruzione),1,Maschi,Y15-29,15-29 anni,2025,7.916274,,
A,Annuale,ITE1,Toscana,NEET_I,Incidenza dei giovani Neet di 15-34 anni (non occupati e non in istruzione),2,Femmine,Y15-29,15-29 anni,2018,18.631905,,
A,Annuale,ITE1,Toscana,NEET_I,Incidenza dei giovani Neet di 15-34 anni (non occupati e non in istruzione),2,Femmine,Y15-29,15-29 anni,2019,17.83821,,
A,Annuale,ITE1,Toscana,NEET_I,Incidenza dei giovani Neet di 15-34 anni (non occupati e non in istruzione),2,Femmine,Y15-29,15-29 anni,2020,18.606507,,
A,Annuale,ITE1,Toscana,NEET_I,Incidenza dei giovani Neet di 15-34 anni (non occupati e non in istruzione),2,Femmine,Y15-29,15-29 anni,2021,20.798824,,
A,Annuale,ITE1,Toscana,NEET_I,Incidenza dei giovani Neet di 15-34 anni (non occupati e non in istruzione),2,Femmine,Y15-29,15-29 anni,2022,15.052273,,
A,Annuale,ITE1,Toscana,NEET_I,Incidenza dei giovani Neet di 15-34 anni (non occupati e non in istruzione),2,Femmine,Y15-29,15-29 anni,2023,11.724548,,
A,Annuale,ITE1,Toscana,NEET_I,Incidenza dei giovani Neet di 15-34 anni (non occupati e non in istruzione),2,Femmine,Y15-29,15-29 anni,2024,13.645989,,
A,Annuale,ITE1,Toscana,NEET_I,Incidenza dei giovani Neet di 15-34 anni (non occupati e non in istruzione),2,Femmine,Y15-29,15-29 anni,2025,12.51367,,
A,Annuale,ITE1,Toscana,NEET_I,Incidenza dei giovani Neet di 15-34 anni (non occupati e non in istruzione),9,Totale,Y15-29,15-29 anni,2018,16.002868,,
A,Annuale,ITE1,Toscana,NEET_I,Incidenza dei giovani Neet di 15-34 anni (non occupati e non in istruzione),9,Totale,Y15-29,15-29 anni,2019,15.687991,,
A,Annuale,ITE1,Toscana,NEET_I,Incidenza dei giovani Neet di 15-34 anni (non occupati e non in istruzione),9,Totale,Y15-29,15-29 anni,2020,17.490466,,
A,Annuale,ITE1,Toscana,NEET_I,Incidenza dei giovani Neet di 15-34 anni (non occupati e non in istruzione),9,Totale,Y15-29,15-29 anni,2021,17.856578,,
A,Annuale,ITE1,Toscana,NEET_I,Incidenza dei giovani Neet di 15-34 anni (non occupati e non in istruzione),9,Totale,Y15-29,15-29 anni,2022,13.751564,,
A,Annuale,ITE1,Toscana,NEET_I,Incidenza dei giovani Neet di 15-34 anni (non occupati e non in istruzione),9,Totale,Y15-29,15-29 anni,2023,11.021755,,
A,Annuale,ITE1,Toscana,NEET_I,Incidenza dei giovani Neet di 15-34 anni (non occupati e non in istruzione),9,Totale,Y15-29,15-29 anni,2024,11.040906,,
A,Annuale,ITE1,Toscana,NEET_I,Incidenza dei giovani Neet di 15-34 anni (non occupati e non in istruzione),9,Totale,Y15-29,15-29 anni,2025,10.115167,,
A,Annuale,ITE2,Umbria,NEET_I,Incidenza dei giovani Neet di 15-34 anni (non occupati e non in istruzione),1,Maschi,Y15-29,15-29 anni,2018,15.02761,,
A,Annuale,ITE2,Umbria,NEET_I,Incidenza dei giovani Neet di 15-34 anni (non occupati e non in istruzione),1,Maschi,Y15-29,15-29 anni,2019,13.103001,,
A,Annuale,ITE2,Umbria,NEET_I,Incidenza dei giovani Neet di 15-34 anni (non occupati e non in istruzione),1,Maschi,Y15-29,15-29 anni,2020,18.690963,,
A,Annuale,ITE2,Umbria,NEET_I,Incidenza dei giovani Neet di 15-34 anni (non occupati e non in istruzione),1,Maschi,Y15-29,15-29 anni,2021,16.517421,,
A,Annuale,ITE2,Umbria,NEET_I,Incidenza dei giovani Neet di 15-34 anni (non occupati e non in istruzione),1,Maschi,Y15-29,15-29 anni,2022,14.295008,,
A,Annuale,ITE2,Umbria,NEET_I,Incidenza dei giovani Neet di 15-34 anni (non occupati e non in istruzione),1,Maschi,Y15-29,15-29 anni,2023,11.214012,,
A,Annuale,ITE2,Umbria,NEET_I,Incidenza dei giovani Neet di 15-34 anni (non occupati e non in istruzione),1,Maschi,Y15-29,15-29 anni,2024,8.618247,,
A,Annuale,ITE2,Umbria,NEET_I,Incidenza dei giovani Neet di 15-34 anni (non occupati e non in istruzione),1,Maschi,Y15-29,15-29 anni,2025,6.13028,,
A,Annuale,ITE2,Umbria,NEET_I,Incidenza dei giovani Neet di 15-34 anni (non occupati e non in istruzione),2,Femmine,Y15-29,15-29 anni,2018,22.937688,,
A,Annuale,ITE2,Umbria,NEET_I,Incidenza dei giovani Neet di 15-34 anni (non occupati e non in istruzione),2,Femmine,Y15-29,15-29 anni,2019,17.102381,,
A,Annuale,ITE2,Umbria,NEET_I,Incidenza dei giovani Neet di 15-34 anni (non occupati e non in istruzione),2,Femmine,Y15-29,15-29 anni,2020,19.74938,,
A,Annuale,ITE2,Umbria,NEET_I,Incidenza dei giovani Neet di 15-34 anni (non occupati e non in istruzione),2,Femmine,Y15-29,15-29 anni,2021,22.02604,,
A,Annuale,ITE2,Umbria,NEET_I,Incidenza dei giovani Neet di 15-34 anni (non occupati e non in istruzione),2,Femmine,Y15-29,15-29 anni,2022,14.578627,,
A,Annuale,ITE2,Umbria,NEET_I,Incidenza dei giovani Neet di 15-34 anni (non occupati e non in istruzione),2,Femmine,Y15-29,15-29 anni,2023,9.70118,,
A,Annuale,ITE2,Umbria,NEET_I,Incidenza dei giovani Neet di 15-34 anni (non occupati e non in istruzione),2,Femmine,Y15-29,15-29 anni,2024,11.633366,,
A,Annuale,ITE2,Umbria,NEET_I,Incidenza dei giovani Neet di 15-34 anni (non occupati e non in istruzione),2,Femmine,Y15-29,15-29 anni,2025,10.774002,,
A,Annuale,ITE2,Umbria,NEET_I,Incidenza dei giovani Neet di 15-34 anni (non occupati e non in istruzione),9,Totale,Y15-29,15-29 anni,2018,18.864652,,
A,Annuale,ITE2,Umbria,NEET_I,Incidenza dei giovani Neet di 15-34 anni (non occupati e non in istruzione),9,Totale,Y15-29,15-29 anni,2019,15.032724,,
A,Annuale,ITE2,Umbria,NEET_I,Incidenza dei giovani Neet di 15-34 anni (non occupati e non in istruzione),9,Totale,Y15-29,15-29 anni,2020,19.202788,,
A,Annuale,ITE2,Umbria,NEET_I,Incidenza dei giovani Neet di 15-34 anni (non occupati e non in istruzione),9,Totale,Y15-29,15-29 anni,2021,19.177898,,
A,Annuale,ITE2,Umbria,NEET_I,Incidenza dei giovani Neet di 15-34 anni (non occupati e non in istruzione),9,Totale,Y15-29,15-29 anni,2022,14.432132,,
A,Annuale,ITE2,Umbria,NEET_I,Incidenza dei giovani Neet di 15-34 anni (non occupati e non in istruzione),9,Totale,Y15-29,15-29 anni,2023,10.484685,,
A,Annuale,ITE2,Umbria,NEET_I,Incidenza dei giovani Neet di 15-34 anni (non occupati e non in istruzione),9,Totale,Y15-29,15-29 anni,2024,10.068461,,
A,Annuale,ITE2,Umbria,NEET_I,Incidenza dei giovani Neet di 15-34 anni (non occupati e non in istruzione),9,Totale,Y15-29,15-29 anni,2025,8.354077,,
A,Annuale,ITE3,Marche,NEET_I,Incidenza dei giovani Neet di 15-34 anni (non occupati e non in istruzione),1,Maschi,Y15-29,15-29 anni,2018,13.940754,,
A,Annuale,ITE3,Marche,NEET_I,Incidenza dei giovani Neet di 15-34 anni (non occupati e non in istruzione),1,Maschi,Y15-29,15-29 anni,2019,12.074738,,
A,Annuale,ITE3,Marche,NEET_I,Incidenza dei giovani Neet di 15-34 anni (non occupati e non in istruzione),1,Maschi,Y15-29,15-29 anni,2020,15.015555,,
A,Annuale,ITE3,Marche,NEET_I,Incidenza dei giovani Neet di 15-34 anni (non occupati e non in istruzione),1,Maschi,Y15-29,15-29 anni,2021,14.89697,,
A,Annuale,ITE3,Marche,NEET_I,Incidenza dei giovani Neet di 15-34 anni (non occupati e non in istruzione),1,Maschi,Y15-29,15-29 anni,2022,12.001303,,
A,Annuale,ITE3,Marche,NEET_I,Incidenza dei giovani Neet di 15-34 anni (non occupati e non in istruzione),1,Maschi,Y15-29,15-29 anni,2023,8.383531,,
A,Annuale,ITE3,Marche,NEET_I,Incidenza dei giovani Neet di 15-34 anni (non occupati e non in istruzione),1,Maschi,Y15-29,15-29 anni,2024,9.387229,,
A,Annuale,ITE3,Marche,NEET_I,Incidenza dei giovani Neet di 15-34 anni (non occupati e non in istruzione),1,Maschi,Y15-29,15-29 anni,2025,8.70711,,
A,Annuale,ITE3,Marche,NEET_I,Incidenza dei giovani Neet di 15-34 anni (non occupati e non in istruzione),2,Femmine,Y15-29,15-29 anni,2018,19.476983,,
A,Annuale,ITE3,Marche,NEET_I,Incidenza dei giovani Neet di 15-34 anni (non occupati e non in istruzione),2,Femmine,Y15-29,15-29 anni,2019,18.672628,,
A,Annuale,ITE3,Marche,NEET_I,Incidenza dei giovani Neet di 15-34 anni (non occupati e non in istruzione),2,Femmine,Y15-29,15-29 anni,2020,20.993724,,
A,Annuale,ITE3,Marche,NEET_I,Incidenza dei giovani Neet di 15-34 anni (non occupati e non in istruzione),2,Femmine,Y15-29,15-29 anni,2021,17.146341,,
A,Annuale,ITE3,Marche,NEET_I,Incidenza dei giovani Neet di 15-34 anni (non occupati e non in istruzione),2,Femmine,Y15-29,15-29 anni,2022,14.332251,,
A,Annuale,ITE3,Marche,NEET_I,Incidenza dei giovani Neet di 15-34 anni (non occupati e non in istruzione),2,Femmine,Y15-29,15-29 anni,2023,13.055043,,
A,Annuale,ITE3,Marche,NEET_I,Incidenza dei giovani Neet di 15-34 anni (non occupati e non in istruzione),2,Femmine,Y15-29,15-29 anni,2024,11.903899,,
A,Annuale,ITE3,Marche,NEET_I,Incidenza dei giovani Neet di 15-34 anni (non occupati e non in istruzione),2,Femmine,Y15-29,15-29 anni,2025,13.081938,,
A,Annuale,ITE3,Marche,NEET_I,Incidenza dei giovani Neet di 15-34 anni (non occupati e non in istruzione),9,Totale,Y15-29,15-29 anni,2018,16.633899,,
A,Annuale,ITE3,Marche,NEET_I,Incidenza dei giovani Neet di 15-34 anni (non occupati e non in istruzione),9,Totale,Y15-29,15-29 anni,2019,15.257656,,
A,Annuale,ITE3,Marche,NEET_I,Incidenza dei giovani Neet di 15-34 anni (non occupati e non in istruzione),9,Totale,Y15-29,15-29 anni,2020,17.897508,,
A,Annuale,ITE3,Marche,NEET_I,Incidenza dei giovani Neet di 15-34 anni (non occupati e non in istruzione),9,Totale,Y15-29,15-29 anni,2021,15.979972,,
A,Annuale,ITE3,Marche,NEET_I,Incidenza dei giovani Neet di 15-34 anni (non occupati e non in istruzione),9,Totale,Y15-29,15-29 anni,2022,13.121498,,
A,Annuale,ITE3,Marche,NEET_I,Incidenza dei giovani Neet di 15-34 anni (non occupati e non in istruzione),9,Totale,Y15-29,15-29 anni,2023,10.623826,,
A,Annuale,ITE3,Marche,NEET_I,Incidenza dei giovani Neet di 15-34 anni (non occupati e non in istruzione),9,Totale,Y15-29,15-29 anni,2024,10.589946,,
A,Annuale,ITE3,Marche,NEET_I,Incidenza dei giovani Neet di 15-34 anni (non occupati e non in istruzione),9,Totale,Y15-29,15-29 anni,2025,10.785138,,
A,Annuale,ITE4,Lazio,NEET_I,Incidenza dei giovani Neet di 15-34 anni (non occupati e non in istruzione),1,Maschi,Y15-29,15-29 anni,2018,22.842189,,
A,Annuale,ITE4,Lazio,NEET_I,Incidenza dei giovani Neet di 15-34 anni (non occupati e non in istruzione),1,Maschi,Y15-29,15-29 anni,2019,19.986934,,
A,Annuale,ITE4,Lazio,NEET_I,Incidenza dei giovani Neet di 15-34 anni (non occupati e non in istruzione),1,Maschi,Y15-29,15-29 anni,2020,22.003787,,
A,Annuale,ITE4,Lazio,NEET_I,Incidenza dei giovani Neet di 15-34 anni (non occupati e non in istruzione),1,Maschi,Y15-29,15-29 anni,2021,22.69195,,
A,Annuale,ITE4,Lazio,NEET_I,Incidenza dei giovani Neet di 15-34 anni (non occupati e non in istruzione),1,Maschi,Y15-29,15-29 anni,2022,16.224255,,
A,Annuale,ITE4,Lazio,NEET_I,Incidenza dei giovani Neet di 15-34 anni (non occupati e non in istruzione),1,Maschi,Y15-29,15-29 anni,2023,12.608439,,
A,Annuale,ITE4,Lazio,NEET_I,Incidenza dei giovani Neet di 15-34 anni (non occupati e non in istruzione),1,Maschi,Y15-29,15-29 anni,2024,14.85743,,
A,Annuale,ITE4,Lazio,NEET_I,Incidenza dei giovani Neet di 15-34 anni (non occupati e non in istruzione),1,Maschi,Y15-29,15-29 anni,2025,13.281952,,
A,Annuale,ITE4,Lazio,NEET_I,Incidenza dei giovani Neet di 15-34 anni (non occupati e non in istruzione),2,Femmine,Y15-29,15-29 anni,2018,21.596173,,
A,Annuale,ITE4,Lazio,NEET_I,Incidenza dei giovani Neet di 15-34 anni (non occupati e non in istruzione),2,Femmine,Y15-29,15-29 anni,2019,21.067447,,
A,Annuale,ITE4,Lazio,NEET_I,Incidenza dei giovani Neet di 15-34 anni (non occupati e non in istruzione),2,Femmine,Y15-29,15-29 anni,2020,23.357767,,
A,Annuale,ITE4,Lazio,NEET_I,Incidenza dei giovani Neet di 15-34 anni (non occupati e non in istruzione),2,Femmine,Y15-29,15-29 anni,2021,20.433641,,
A,Annuale,ITE4,Lazio,NEET_I,Incidenza dei giovani Neet di 15-34 anni (non occupati e non in istruzione),2,Femmine,Y15-29,15-29 anni,2022,17.919172,,
A,Annuale,ITE4,Lazio,NEET_I,Incidenza dei giovani Neet di 15-34 anni (non occupati e non in istruzione),2,Femmine,Y15-29,15-29 anni,2023,14.916906,,
A,Annuale,ITE4,Lazio,NEET_I,Incidenza dei giovani Neet di 15-34 anni (non occupati e non in istruzione),2,Femmine,Y15-29,15-29 anni,2024,15.47628,,
A,Annuale,ITE4,Lazio,NEET_I,Incidenza dei giovani Neet di 15-34 anni (non occupati e non in istruzione),2,Femmine,Y15-29,15-29 anni,2025,14.068963,,
A,Annuale,ITE4,Lazio,NEET_I,Incidenza dei giovani Neet di 15-34 anni (non occupati e non in istruzione),9,Totale,Y15-29,15-29 anni,2018,22.238724,,
A,Annuale,ITE4,Lazio,NEET_I,Incidenza dei giovani Neet di 15-34 anni (non occupati e non in istruzione),9,Totale,Y15-29,15-29 anni,2019,20.510114,,
A,Annuale,ITE4,Lazio,NEET_I,Incidenza dei giovani Neet di 15-34 anni (non occupati e non in istruzione),9,Totale,Y15-29,15-29 anni,2020,22.659039,,
A,Annuale,ITE4,Lazio,NEET_I,Incidenza dei giovani Neet di 15-34 anni (non occupati e non in istruzione),9,Totale,Y15-29,15-29 anni,2021,21.600365,,
A,Annuale,ITE4,Lazio,NEET_I,Incidenza dei giovani Neet di 15-34 anni (non occupati e non in istruzione),9,Totale,Y15-29,15-29 anni,2022,17.042921,,
A,Annuale,ITE4,Lazio,NEET_I,Incidenza dei giovani Neet di 15-34 anni (non occupati e non in istruzione),9,Totale,Y15-29,15-29 anni,2023,13.722569,,
A,Annuale,ITE4,Lazio,NEET_I,Incidenza dei giovani Neet di 15-34 anni (non occupati e non in istruzione),9,Totale,Y15-29,15-29 anni,2024,15.155948,,
A,Annuale,ITE4,Lazio,NEET_I,Incidenza dei giovani Neet di 15-34 anni (non occupati e non in istruzione),9,Totale,Y15-29,15-29 anni,2025,13.660885,,
A,Annuale,ITFG,Mezzogiorno,NEET_I,Incidenza dei giovani Neet di 15-34 anni (non occupati e non in istruzione),1,Maschi,Y15-29,15-29 anni,2018,32.240452,,
A,Annuale,ITFG,Mezzogiorno,NEET_I,Incidenza dei giovani Neet di 15-34 anni (non occupati e non in istruzione),1,Maschi,Y15-29,15-29 anni,2019,31.722956,,
A,Annuale,ITFG,Mezzogiorno,NEET_I,Incidenza dei giovani Neet di 15-34 anni (non occupati e non in istruzione),1,Maschi,Y15-29,15-29 anni,2020,31.679698,,
A,Annuale,ITFG,Mezzogiorno,NEET_I,Incidenza dei giovani Neet di 15-34 anni (non occupati e non in istruzione),1,Maschi,Y15-29,15-29 anni,2021,30.060006,,
A,Annuale,ITFG,Mezzogiorno,NEET_I,Incidenza dei giovani Neet di 15-34 anni (non occupati e non in istruzione),1,Maschi,Y15-29,15-29 anni,2022,26.713539,,
A,Annuale,ITFG,Mezzogiorno,NEET_I,Incidenza dei giovani Neet di 15-34 anni (non occupati e non in istruzione),1,Maschi,Y15-29,15-29 anni,2023,23.22475,,
A,Annuale,ITFG,Mezzogiorno,NEET_I,Incidenza dei giovani Neet di 15-34 anni (non occupati e non in istruzione),1,Maschi,Y15-29,15-29 anni,2024,22.235645,,
A,Annuale,ITFG,Mezzogiorno,NEET_I,Incidenza dei giovani Neet di 15-34 anni (non occupati e non in istruzione),1,Maschi,Y15-29,15-29 anni,2025,19.137002,,
A,Annuale,ITFG,Mezzogiorno,NEET_I,Incidenza dei giovani Neet di 15-34 anni (non occupati e non in istruzione),2,Femmine,Y15-29,15-29 anni,2018,35.095884,,
A,Annuale,ITFG,Mezzogiorno,NEET_I,Incidenza dei giovani Neet di 15-34 anni (non occupati e non in istruzione),2,Femmine,Y15-29,15-29 anni,2019,34.138165,,
A,Annuale,ITFG,Mezzogiorno,NEET_I,Incidenza dei giovani Neet di 15-34 anni (non occupati e non in istruzione),2,Femmine,Y15-29,15-29 anni,2020,35.053164,,
A,Annuale,ITFG,Mezzogiorno,NEET_I,Incidenza dei giovani Neet di 15-34 anni (non occupati e non in istruzione),2,Femmine,Y15-29,15-29 anni,2021,34.396065,,
A,Annuale,ITFG,Mezzogiorno,NEET_I,Incidenza dei giovani Neet di 15-34 anni (non occupati e non in istruzione),2,Femmine,Y15-29,15-29 anni,2022,29.15898,,
A,Annuale,ITFG,Mezzogiorno,NEET_I,Incidenza dei giovani Neet di 15-34 anni (non occupati e non in istruzione),2,Femmine,Y15-29,15-29 anni,2023,26.312917,,
A,Annuale,ITFG,Mezzogiorno,NEET_I,Incidenza dei giovani Neet di 15-34 anni (non occupati e non in istruzione),2,Femmine,Y15-29,15-29 anni,2024,24.521964,,
A,Annuale,ITFG,Mezzogiorno,NEET_I,Incidenza dei giovani Neet di 15-34 anni (non occupati e non in istruzione),2,Femmine,Y15-29,15-29 anni,2025,21.323877,,
A,Annuale,ITFG,Mezzogiorno,NEET_I,Incidenza dei giovani Neet di 15-34 anni (non occupati e non in istruzione),9,Totale,Y15-29,15-29 anni,2018,33.629966,,
A,Annuale,ITFG,Mezzogiorno,NEET_I,Incidenza dei giovani Neet di 15-34 anni (non occupati e non in istruzione),9,Totale,Y15-29,15-29 anni,2019,32.898368,,
A,Annuale,ITFG,Mezzogiorno,NEET_I,Incidenza dei giovani Neet di 15-34 anni (non occupati e non in istruzione),9,Totale,Y15-29,15-29 anni,2020,33.323516,,
A,Annuale,ITFG,Mezzogiorno,NEET_I,Incidenza dei giovani Neet di 15-34 anni (non occupati e non in istruzione),9,Totale,Y15-29,15-29 anni,2021,32.169627,,
A,Annuale,ITFG,Mezzogiorno,NEET_I,Incidenza dei giovani Neet di 15-34 anni (non occupati e non in istruzione),9,Totale,Y15-29,15-29 anni,2022,27.902835,,
A,Annuale,ITFG,Mezzogiorno,NEET_I,Incidenza dei giovani Neet di 15-34 anni (non occupati e non in istruzione),9,Totale,Y15-29,15-29 anni,2023,24.723709,,
A,Annuale,ITFG,Mezzogiorno,NEET_I,Incidenza dei giovani Neet di 15-34 anni (non occupati e non in istruzione),9,Totale,Y15-29,15-29 anni,2024,23.343489,,
A,Annuale,ITFG,Mezzogiorno,NEET_I,Incidenza dei giovani Neet di 15-34 anni (non occupati e non in istruzione),9,Totale,Y15-29,15-29 anni,2025,20.193903,,
A,Annuale,ITF1,Abruzzo,NEET_I,Incidenza dei giovani Neet di 15-34 anni (non occupati e non in istruzione),1,Maschi,Y15-29,15-29 anni,2018,18.925875,,
A,Annuale,ITF1,Abruzzo,NEET_I,Incidenza dei giovani Neet di 15-34 anni (non occupati e non in istruzione),1,Maschi,Y15-29,15-29 anni,2019,23.131043,,
A,Annuale,ITF1,Abruzzo,NEET_I,Incidenza dei giovani Neet di 15-34 anni (non occupati e non in istruzione),1,Maschi,Y15-29,15-29 anni,2020,18.69259,,
A,Annuale,ITF1,Abruzzo,NEET_I,Incidenza dei giovani Neet di 15-34 anni (non occupati e non in istruzione),1,Maschi,Y15-29,15-29 anni,2021,19.3215,,
A,Annuale,ITF1,Abruzzo,NEET_I,Incidenza dei giovani Neet di 15-34 anni (non occupati e non in istruzione),1,Maschi,Y15-29,15-29 anni,2022,15.776098,,
A,Annuale,ITF1,Abruzzo,NEET_I,Incidenza dei giovani Neet di 15-34 anni (non occupati e non in istruzione),1,Maschi,Y15-29,15-29 anni,2023,13.736323,,
A,Annuale,ITF1,Abruzzo,NEET_I,Incidenza dei giovani Neet di 15-34 anni (non occupati e non in istruzione),1,Maschi,Y15-29,15-29 anni,2024,16.038399,,
A,Annuale,ITF1,Abruzzo,NEET_I,Incidenza dei giovani Neet di 15-34 anni (non occupati e non in istruzione),1,Maschi,Y15-29,15-29 anni,2025,13.181751,,
A,Annuale,ITF1,Abruzzo,NEET_I,Incidenza dei giovani Neet di 15-34 anni (non occupati e non in istruzione),2,Femmine,Y15-29,15-29 anni,2018,22.221745,,
A,Annuale,ITF1,Abruzzo,NEET_I,Incidenza dei giovani Neet di 15-34 anni (non occupati e non in istruzione),2,Femmine,Y15-29,15-29 anni,2019,22.246823,,
A,Annuale,ITF1,Abruzzo,NEET_I,Incidenza dei giovani Neet di 15-34 anni (non occupati e non in istruzione),2,Femmine,Y15-29,15-29 anni,2020,23.09709,,
A,Annuale,ITF1,Abruzzo,NEET_I,Incidenza dei giovani Neet di 15-34 anni (non occupati e non in istruzione),2,Femmine,Y15-29,15-29 anni,2021,22.985939,,
A,Annuale,ITF1,Abruzzo,NEET_I,Incidenza dei giovani Neet di 15-34 anni (non occupati e non in istruzione),2,Femmine,Y15-29,15-29 anni,2022,20.161281,,
A,Annuale,ITF1,Abruzzo,NEET_I,Incidenza dei giovani Neet di 15-34 anni (non occupati e non in istruzione),2,Femmine,Y15-29,15-29 anni,2023,16.849687,,
A,Annuale,ITF1,Abruzzo,NEET_I,Incidenza dei giovani Neet di 15-34 anni (non occupati e non in istruzione),2,Femmine,Y15-29,15-29 anni,2024,18.487183,,
A,Annuale,ITF1,Abruzzo,NEET_I,Incidenza dei giovani Neet di 15-34 anni (non occupati e non in istruzione),2,Femmine,Y15-29,15-29 anni,2025,14.965264,,
A,Annuale,ITF1,Abruzzo,NEET_I,Incidenza dei giovani Neet di 15-34 anni (non occupati e non in istruzione),9,Totale,Y15-29,15-29 anni,2018,20.529549,,
A,Annuale,ITF1,Abruzzo,NEET_I,Incidenza dei giovani Neet di 15-34 anni (non occupati e non in istruzione),9,Totale,Y15-29,15-29 anni,2019,22.702007,,
A,Annuale,ITF1,Abruzzo,NEET_I,Incidenza dei giovani Neet di 15-34 anni (non occupati e non in istruzione),9,Totale,Y15-29,15-29 anni,2020,20.827213,,
A,Annuale,ITF1,Abruzzo,NEET_I,Incidenza dei giovani Neet di 15-34 anni (non occupati e non in istruzione),9,Totale,Y15-29,15-29 anni,2021,21.093093,,
A,Annuale,ITF1,Abruzzo,NEET_I,Incidenza dei giovani Neet di 15-34 anni (non occupati e non in istruzione),9,Totale,Y15-29,15-29 anni,2022,17.894494,,
A,Annuale,ITF1,Abruzzo,NEET_I,Incidenza dei giovani Neet di 15-34 anni (non occupati e non in istruzione),9,Totale,Y15-29,15-29 anni,2023,15.240714,,
A,Annuale,ITF1,Abruzzo,NEET_I,Incidenza dei giovani Neet di 15-34 anni (non occupati e non in istruzione),9,Totale,Y15-29,15-29 anni,2024,17.217976,,
A,Annuale,ITF1,Abruzzo,NEET_I,Incidenza dei giovani Neet di 15-34 anni (non occupati e non in istruzione),9,Totale,Y15-29,15-29 anni,2025,14.036271,,
A,Annuale,ITF2,Molise,NEET_I,Incidenza dei giovani Neet di 15-34 anni (non occupati e non in istruzione),1,Maschi,Y15-29,15-29 anni,2018,27.856194,,
A,Annuale,ITF2,Molise,NEET_I,Incidenza dei giovani Neet di 15-34 anni (non occupati e non in istruzione),1,Maschi,Y15-29,15-29 anni,2019,25.683685,,
A,Annuale,ITF2,Molise,NEET_I,Incidenza dei giovani Neet di 15-34 anni (non occupati e non in istruzione),1,Maschi,Y15-29,15-29 anni,2020,25.938506,,
A,Annuale,ITF2,Molise,NEET_I,Incidenza dei giovani Neet di 15-34 anni (non occupati e non in istruzione),1,Maschi,Y15-29,15-29 anni,2021,25.82746,,
A,Annuale,ITF2,Molise,NEET_I,Incidenza dei giovani Neet di 15-34 anni (non occupati e non in istruzione),1,Maschi,Y15-29,15-29 anni,2022,22.153228,,
A,Annuale,ITF2,Molise,NEET_I,Incidenza dei giovani Neet di 15-34 anni (non occupati e non in istruzione),1,Maschi,Y15-29,15-29 anni,2023,14.42038,,
A,Annuale,ITF2,Molise,NEET_I,Incidenza dei giovani Neet di 15-34 anni (non occupati e non in istruzione),1,Maschi,Y15-29,15-29 anni,2024,17.27608,,
A,Annuale,ITF2,Molise,NEET_I,Incidenza dei giovani Neet di 15-34 anni (non occupati e non in istruzione),1,Maschi,Y15-29,15-29 anni,2025,12.179077,,
A,Annuale,ITF2,Molise,NEET_I,Incidenza dei giovani Neet di 15-34 anni (non occupati e non in istruzione),2,Femmine,Y15-29,15-29 anni,2018,23.628104,,
A,Annuale,ITF2,Molise,NEET_I,Incidenza dei giovani Neet di 15-34 anni (non occupati e non in istruzione),2,Femmine,Y15-29,15-29 anni,2019,23.178142,,
A,Annuale,ITF2,Molise,NEET_I,Incidenza dei giovani Neet di 15-34 anni (non occupati e non in istruzione),2,Femmine,Y15-29,15-29 anni,2020,31.379971,,
A,Annuale,ITF2,Molise,NEET_I,Incidenza dei giovani Neet di 15-34 anni (non occupati e non in istruzione),2,Femmine,Y15-29,15-29 anni,2021,29.782952,,
A,Annuale,ITF2,Molise,NEET_I,Incidenza dei giovani Neet di 15-34 anni (non occupati e non in istruzione),2,Femmine,Y15-29,15-29 anni,2022,19.615082,,
A,Annuale,ITF2,Molise,NEET_I,Incidenza dei giovani Neet di 15-34 anni (non occupati e non in istruzione),2,Femmine,Y15-29,15-29 anni,2023,22.034831,,
A,Annuale,ITF2,Molise,NEET_I,Incidenza dei giovani Neet di 15-34 anni (non occupati e non in istruzione),2,Femmine,Y15-29,15-29 anni,2024,20.822428,,
A,Annuale,ITF2,Molise,NEET_I,Incidenza dei giovani Neet di 15-34 anni (non occupati e non in istruzione),2,Femmine,Y15-29,15-29 anni,2025,14.320016,,
A,Annuale,ITF2,Molise,NEET_I,Incidenza dei giovani Neet di 15-34 anni (non occupati e non in istruzione),9,Totale,Y15-29,15-29 anni,2018,25.826299,,
A,Annuale,ITF2,Molise,NEET_I,Incidenza dei giovani Neet di 15-34 anni (non occupati e non in istruzione),9,Totale,Y15-29,15-29 anni,2019,24.478675,,
A,Annuale,ITF2,Molise,NEET_I,Incidenza dei giovani Neet di 15-34 anni (non occupati e non in istruzione),9,Totale,Y15-29,15-29 anni,2020,28.58083,,
A,Annuale,ITF2,Molise,NEET_I,Incidenza dei giovani Neet di 15-34 anni (non occupati e non in istruzione),9,Totale,Y15-29,15-29 anni,2021,27.734528,,
A,Annuale,ITF2,Molise,NEET_I,Incidenza dei giovani Neet di 15-34 anni (non occupati e non in istruzione),9,Totale,Y15-29,15-29 anni,2022,20.934199,,
A,Annuale,ITF2,Molise,NEET_I,Incidenza dei giovani Neet di 15-34 anni (non occupati e non in istruzione),9,Totale,Y15-29,15-29 anni,2023,18.066572,,
A,Annuale,ITF2,Molise,NEET_I,Incidenza dei giovani Neet di 15-34 anni (non occupati e non in istruzione),9,Totale,Y15-29,15-29 anni,2024,18.960077,,
A,Annuale,ITF2,Molise,NEET_I,Incidenza dei giovani Neet di 15-34 anni (non occupati e non in istruzione),9,Totale,Y15-29,15-29 anni,2025,13.190073,,
A,Annuale,ITF3,Campania,NEET_I,Incidenza dei giovani Neet di 15-34 anni (non occupati e non in istruzione),1,Maschi,Y15-29,15-29 anni,2018,34.00995,,
A,Annuale,ITF3,Campania,NEET_I,Incidenza dei giovani Neet di 15-34 anni (non occupati e non in istruzione),1,Maschi,Y15-29,15-29 anni,2019,32.870481,,
A,Annuale,ITF3,Campania,NEET_I,Incidenza dei giovani Neet di 15-34 anni (non occupati e non in istruzione),1,Maschi,Y15-29,15-29 anni,2020,33.561075,,
A,Annuale,ITF3,Campania,NEET_I,Incidenza dei giovani Neet di 15-34 anni (non occupati e non in istruzione),1,Maschi,Y15-29,15-29 anni,2021,31.764295,,
A,Annuale,ITF3,Campania,NEET_I,Incidenza dei giovani Neet di 15-34 anni (non occupati e non in istruzione),1,Maschi,Y15-29,15-29 anni,2022,28.58382,,
A,Annuale,ITF3,Campania,NEET_I,Incidenza dei giovani Neet di 15-34 anni (non occupati e non in istruzione),1,Maschi,Y15-29,15-29 anni,2023,25.39146,,
A,Annuale,ITF3,Campania,NEET_I,Incidenza dei giovani Neet di 15-34 anni (non occupati e non in istruzione),1,Maschi,Y15-29,15-29 anni,2024,25.056849,,
A,Annuale,ITF3,Campania,NEET_I,Incidenza dei giovani Neet di 15-34 anni (non occupati e non in istruzione),1,Maschi,Y15-29,15-29 anni,2025,20.87937,,
A,Annuale,ITF3,Campania,NEET_I,Incidenza dei giovani Neet di 15-34 anni (non occupati e non in istruzione),2,Femmine,Y15-29,15-29 anni,2018,37.790797,,
A,Annuale,ITF3,Campania,NEET_I,Incidenza dei giovani Neet di 15-34 anni (non occupati e non in istruzione),2,Femmine,Y15-29,15-29 anni,2019,35.68458,,
A,Annuale,ITF3,Campania,NEET_I,Incidenza dei giovani Neet di 15-34 anni (non occupati e non in istruzione),2,Femmine,Y15-29,15-29 anni,2020,37.174092,,
A,Annuale,ITF3,Campania,NEET_I,Incidenza dei giovani Neet di 15-34 anni (non occupati e non in istruzione),2,Femmine,Y15-29,15-29 anni,2021,36.586406,,
A,Annuale,ITF3,Campania,NEET_I,Incidenza dei giovani Neet di 15-34 anni (non occupati e non in istruzione),2,Femmine,Y15-29,15-29 anni,2022,30.811594,,
A,Annuale,ITF3,Campania,NEET_I,Incidenza dei giovani Neet di 15-34 anni (non occupati e non in istruzione),2,Femmine,Y15-29,15-29 anni,2023,28.542718,,
A,Annuale,ITF3,Campania,NEET_I,Incidenza dei giovani Neet di 15-34 anni (non occupati e non in istruzione),2,Femmine,Y15-29,15-29 anni,2024,24.741476,,
A,Annuale,ITF3,Campania,NEET_I,Incidenza dei giovani Neet di 15-34 anni (non occupati e non in istruzione),2,Femmine,Y15-29,15-29 anni,2025,22.25069,,
A,Annuale,ITF3,Campania,NEET_I,Incidenza dei giovani Neet di 15-34 anni (non occupati e non in istruzione),9,Totale,Y15-29,15-29 anni,2018,35.857493,,
A,Annuale,ITF3,Campania,NEET_I,Incidenza dei giovani Neet di 15-34 anni (non occupati e non in istruzione),9,Totale,Y15-29,15-29 anni,2019,34.24544,,
A,Annuale,ITF3,Campania,NEET_I,Incidenza dei giovani Neet di 15-34 anni (non occupati e non in istruzione),9,Totale,Y15-29,15-29 anni,2020,35.329671,,
A,Annuale,ITF3,Campania,NEET_I,Incidenza dei giovani Neet di 15-34 anni (non occupati e non in istruzione),9,Totale,Y15-29,15-29 anni,2021,34.121402,,
A,Annuale,ITF3,Campania,NEET_I,Incidenza dei giovani Neet di 15-34 anni (non occupati e non in istruzione),9,Totale,Y15-29,15-29 anni,2022,29.671389,,
A,Annuale,ITF3,Campania,NEET_I,Incidenza dei giovani Neet di 15-34 anni (non occupati e non in istruzione),9,Totale,Y15-29,15-29 anni,2023,26.927499,,
A,Annuale,ITF3,Campania,NEET_I,Incidenza dei giovani Neet di 15-34 anni (non occupati e non in istruzione),9,Totale,Y15-29,15-29 anni,2024,24.903245,,
A,Annuale,ITF3,Campania,NEET_I,Incidenza dei giovani Neet di 15-34 anni (non occupati e non in istruzione),9,Totale,Y15-29,15-29 anni,2025,21.545762,,
A,Annuale,ITF4,Puglia,NEET_I,Incidenza dei giovani Neet di 15-34 anni (non occupati e non in istruzione),1,Maschi,Y15-29,15-29 anni,2018,28.436184,,
A,Annuale,ITF4,Puglia,NEET_I,Incidenza dei giovani Neet di 15-34 anni (non occupati e non in istruzione),1,Maschi,Y15-29,15-29 anni,2019,28.999782,,
A,Annuale,ITF4,Puglia,NEET_I,Incidenza dei giovani Neet di 15-34 anni (non occupati e non in istruzione),1,Maschi,Y15-29,15-29 anni,2020,29.73442,,
A,Annuale,ITF4,Puglia,NEET_I,Incidenza dei giovani Neet di 15-34 anni (non occupati e non in istruzione),1,Maschi,Y15-29,15-29 anni,2021,29.336377,,
A,Annuale,ITF4,Puglia,NEET_I,Incidenza dei giovani Neet di 15-34 anni (non occupati e non in istruzione),1,Maschi,Y15-29,15-29 anni,2022,24.461306,,
A,Annuale,ITF4,Puglia,NEET_I,Incidenza dei giovani Neet di 15-34 anni (non occupati e non in istruzione),1,Maschi,Y15-29,15-29 anni,2023,19.838844,,
A,Annuale,ITF4,Puglia,NEET_I,Incidenza dei giovani Neet di 15-34 anni (non occupati e non in istruzione),1,Maschi,Y15-29,15-29 anni,2024,19.518961,,
A,Annuale,ITF4,Puglia,NEET_I,Incidenza dei giovani Neet di 15-34 anni (non occupati e non in istruzione),1,Maschi,Y15-29,15-29 anni,2025,18.343471,,
A,Annuale,ITF4,Puglia,NEET_I,Incidenza dei giovani Neet di 15-34 anni (non occupati e non in istruzione),2,Femmine,Y15-29,15-29 anni,2018,32.442594,,
A,Annuale,ITF4,Puglia,NEET_I,Incidenza dei giovani Neet di 15-34 anni (non occupati e non in istruzione),2,Femmine,Y15-29,15-29 anni,2019,30.153338,,
A,Annuale,ITF4,Puglia,NEET_I,Incidenza dei giovani Neet di 15-34 anni (non occupati e non in istruzione),2,Femmine,Y15-29,15-29 anni,2020,31.354394,,
A,Annuale,ITF4,Puglia,NEET_I,Incidenza dei giovani Neet di 15-34 anni (non occupati e non in istruzione),2,Femmine,Y15-29,15-29 anni,2021,32.015597,,
A,Annuale,ITF4,Puglia,NEET_I,Incidenza dei giovani Neet di 15-34 anni (non occupati e non in istruzione),2,Femmine,Y15-29,15-29 anni,2022,27.576767,,
A,Annuale,ITF4,Puglia,NEET_I,Incidenza dei giovani Neet di 15-34 anni (non occupati e non in istruzione),2,Femmine,Y15-29,15-29 anni,2023,24.792296,,
A,Annuale,ITF4,Puglia,NEET_I,Incidenza dei giovani Neet di 15-34 anni (non occupati e non in istruzione),2,Femmine,Y15-29,15-29 anni,2024,23.442735,,
A,Annuale,ITF4,Puglia,NEET_I,Incidenza dei giovani Neet di 15-34 anni (non occupati e non in istruzione),2,Femmine,Y15-29,15-29 anni,2025,19.724869,,
A,Annuale,ITF4,Puglia,NEET_I,Incidenza dei giovani Neet di 15-34 anni (non occupati e non in istruzione),9,Totale,Y15-29,15-29 anni,2018,30.384458,,
A,Annuale,ITF4,Puglia,NEET_I,Incidenza dei giovani Neet di 15-34 anni (non occupati e non in istruzione),9,Totale,Y15-29,15-29 anni,2019,29.560274,,
A,Annuale,ITF4,Puglia,NEET_I,Incidenza dei giovani Neet di 15-34 anni (non occupati e non in istruzione),9,Totale,Y15-29,15-29 anni,2020,30.521994,,
A,Annuale,ITF4,Puglia,NEET_I,Incidenza dei giovani Neet di 15-34 anni (non occupati e non in istruzione),9,Totale,Y15-29,15-29 anni,2021,30.638374,,
A,Annuale,ITF4,Puglia,NEET_I,Incidenza dei giovani Neet di 15-34 anni (non occupati e non in istruzione),9,Totale,Y15-29,15-29 anni,2022,25.974838,,
A,Annuale,ITF4,Puglia,NEET_I,Incidenza dei giovani Neet di 15-34 anni (non occupati e non in istruzione),9,Totale,Y15-29,15-29 anni,2023,22.24229,,
A,Annuale,ITF4,Puglia,NEET_I,Incidenza dei giovani Neet di 15-34 anni (non occupati e non in istruzione),9,Totale,Y15-29,15-29 anni,2024,21.419766,,
A,Annuale,ITF4,Puglia,NEET_I,Incidenza dei giovani Neet di 15-34 anni (non occupati e non in istruzione),9,Totale,Y15-29,15-29 anni,2025,19.010722,,
A,Annuale,ITF5,Basilicata,NEET_I,Incidenza dei giovani Neet di 15-34 anni (non occupati e non in istruzione),1,Maschi,Y15-29,15-29 anni,2018,25.058,,
A,Annuale,ITF5,Basilicata,NEET_I,Incidenza dei giovani Neet di 15-34 anni (non occupati e non in istruzione),1,Maschi,Y15-29,15-29 anni,2019,23.85073,,
A,Annuale,ITF5,Basilicata,NEET_I,Incidenza dei giovani Neet di 15-34 anni (non occupati e non in istruzione),1,Maschi,Y15-29,15-29 anni,2020,25.740683,,
A,Annuale,ITF5,Basilicata,NEET_I,Incidenza dei giovani Neet di 15-34 anni (non occupati e non in istruzione),1,Maschi,Y15-29,15-29 anni,2021,26.197465,,
A,Annuale,ITF5,Basilicata,NEET_I,Incidenza dei giovani Neet di 15-34 anni (non occupati e non in istruzione),1,Maschi,Y15-29,15-29 anni,2022,19.454242,,
A,Annuale,ITF5,Basilicata,NEET_I,Incidenza dei giovani Neet di 15-34 anni (non occupati e non in istruzione),1,Maschi,Y15-29,15-29 anni,2023,15.994541,,
A,Annuale,ITF5,Basilicata,NEET_I,Incidenza dei giovani Neet di 15-34 anni (non occupati e non in istruzione),1,Maschi,Y15-29,15-29 anni,2024,14.407019,,
A,Annuale,ITF5,Basilicata,NEET_I,Incidenza dei giovani Neet di 15-34 anni (non occupati e non in istruzione),1,Maschi,Y15-29,15-29 anni,2025,15.659308,,
A,Annuale,ITF5,Basilicata,NEET_I,Incidenza dei giovani Neet di 15-34 anni (non occupati e non in istruzione),2,Femmine,Y15-29,15-29 anni,2018,27.087317,,
A,Annuale,ITF5,Basilicata,NEET_I,Incidenza dei giovani Neet di 15-34 anni (non occupati e non in istruzione),2,Femmine,Y15-29,15-29 anni,2019,28.215506,,
A,Annuale,ITF5,Basilicata,NEET_I,Incidenza dei giovani Neet di 15-34 anni (non occupati e non in istruzione),2,Femmine,Y15-29,15-29 anni,2020,27.940791,,
A,Annuale,ITF5,Basilicata,NEET_I,Incidenza dei giovani Neet di 15-34 anni (non occupati e non in istruzione),2,Femmine,Y15-29,15-29 anni,2021,24.093613,,
A,Annuale,ITF5,Basilicata,NEET_I,Incidenza dei giovani Neet di 15-34 anni (non occupati e non in istruzione),2,Femmine,Y15-29,15-29 anni,2022,21.848233,,
A,Annuale,ITF5,Basilicata,NEET_I,Incidenza dei giovani Neet di 15-34 anni (non occupati e non in istruzione),2,Femmine,Y15-29,15-29 anni,2023,17.888766,,
A,Annuale,ITF5,Basilicata,NEET_I,Incidenza dei giovani Neet di 15-34 anni (non occupati e non in istruzione),2,Femmine,Y15-29,15-29 anni,2024,19.934226,,
A,Annuale,ITF5,Basilicata,NEET_I,Incidenza dei giovani Neet di 15-34 anni (non occupati e non in istruzione),2,Femmine,Y15-29,15-29 anni,2025,14.052158,,
A,Annuale,ITF5,Basilicata,NEET_I,Incidenza dei giovani Neet di 15-34 anni (non occupati e non in istruzione),9,Totale,Y15-29,15-29 anni,2018,26.033696,,
A,Annuale,ITF5,Basilicata,NEET_I,Incidenza dei giovani Neet di 15-34 anni (non occupati e non in istruzione),9,Totale,Y15-29,15-29 anni,2019,25.947489,,
A,Annuale,ITF5,Basilicata,NEET_I,Incidenza dei giovani Neet di 15-34 anni (non occupati e non in istruzione),9,Totale,Y15-29,15-29 anni,2020,26.801872,,
A,Annuale,ITF5,Basilicata,NEET_I,Incidenza dei giovani Neet di 15-34 anni (non occupati e non in istruzione),9,Totale,Y15-29,15-29 anni,2021,25.183971,,
A,Annuale,ITF5,Basilicata,NEET_I,Incidenza dei giovani Neet di 15-34 anni (non occupati e non in istruzione),9,Totale,Y15-29,15-29 anni,2022,20.603809,,
A,Annuale,ITF5,Basilicata,NEET_I,Incidenza dei giovani Neet di 15-34 anni (non occupati e non in istruzione),9,Totale,Y15-29,15-29 anni,2023,16.900509,,
A,Annuale,ITF5,Basilicata,NEET_I,Incidenza dei giovani Neet di 15-34 anni (non occupati e non in istruzione),9,Totale,Y15-29,15-29 anni,2024,17.036644,,
A,Annuale,ITF5,Basilicata,NEET_I,Incidenza dei giovani Neet di 15-34 anni (non occupati e non in istruzione),9,Totale,Y15-29,15-29 anni,2025,14.89962,,
A,Annuale,ITF6,Calabria,NEET_I,Incidenza dei giovani Neet di 15-34 anni (non occupati e non in istruzione),1,Maschi,Y15-29,15-29 anni,2018,34.426427,,
A,Annuale,ITF6,Calabria,NEET_I,Incidenza dei giovani Neet di 15-34 anni (non occupati e non in istruzione),1,Maschi,Y15-29,15-29 anni,2019,33.771867,,
A,Annuale,ITF6,Calabria,NEET_I,Incidenza dei giovani Neet di 15-34 anni (non occupati e non in istruzione),1,Maschi,Y15-29,15-29 anni,2020,32.961105,,
A,Annuale,ITF6,Calabria,NEET_I,Incidenza dei giovani Neet di 15-34 anni (non occupati e non in istruzione),1,Maschi,Y15-29,15-29 anni,2021,30.57451,,
A,Annuale,ITF6,Calabria,NEET_I,Incidenza dei giovani Neet di 15-34 anni (non occupati e non in istruzione),1,Maschi,Y15-29,15-29 anni,2022,27.887808,,
A,Annuale,ITF6,Calabria,NEET_I,Incidenza dei giovani Neet di 15-34 anni (non occupati e non in istruzione),1,Maschi,Y15-29,15-29 anni,2023,27.326586,,
A,Annuale,ITF6,Calabria,NEET_I,Incidenza dei giovani Neet di 15-34 anni (non occupati e non in istruzione),1,Maschi,Y15-29,15-29 anni,2024,24.6775,,
A,Annuale,ITF6,Calabria,NEET_I,Incidenza dei giovani Neet di 15-34 anni (non occupati e non in istruzione),1,Maschi,Y15-29,15-29 anni,2025,17.41009,,
A,Annuale,ITF6,Calabria,NEET_I,Incidenza dei giovani Neet di 15-34 anni (non occupati e non in istruzione),2,Femmine,Y15-29,15-29 anni,2018,37.744811,,
A,Annuale,ITF6,Calabria,NEET_I,Incidenza dei giovani Neet di 15-34 anni (non occupati e non in istruzione),2,Femmine,Y15-29,15-29 anni,2019,36.254946,,
A,Annuale,ITF6,Calabria,NEET_I,Incidenza dei giovani Neet di 15-34 anni (non occupati e non in istruzione),2,Femmine,Y15-29,15-29 anni,2020,35.841023,,
A,Annuale,ITF6,Calabria,NEET_I,Incidenza dei giovani Neet di 15-34 anni (non occupati e non in istruzione),2,Femmine,Y15-29,15-29 anni,2021,36.598724,,
A,Annuale,ITF6,Calabria,NEET_I,Incidenza dei giovani Neet di 15-34 anni (non occupati e non in istruzione),2,Femmine,Y15-29,15-29 anni,2022,28.595159,,
A,Annuale,ITF6,Calabria,NEET_I,Incidenza dei giovani Neet di 15-34 anni (non occupati e non in istruzione),2,Femmine,Y15-29,15-29 anni,2023,27.095307,,
A,Annuale,ITF6,Calabria,NEET_I,Incidenza dei giovani Neet di 15-34 anni (non occupati e non in istruzione),2,Femmine,Y15-29,15-29 anni,2024,27.888868,,
A,Annuale,ITF6,Calabria,NEET_I,Incidenza dei giovani Neet di 15-34 anni (non occupati e non in istruzione),2,Femmine,Y15-29,15-29 anni,2025,24.578525,,
A,Annuale,ITF6,Calabria,NEET_I,Incidenza dei giovani Neet di 15-34 anni (non occupati e non in istruzione),9,Totale,Y15-29,15-29 anni,2018,36.038872,,
A,Annuale,ITF6,Calabria,NEET_I,Incidenza dei giovani Neet di 15-34 anni (non occupati e non in istruzione),9,Totale,Y15-29,15-29 anni,2019,34.980033,,
A,Annuale,ITF6,Calabria,NEET_I,Incidenza dei giovani Neet di 15-34 anni (non occupati e non in istruzione),9,Totale,Y15-29,15-29 anni,2020,34.36572,,
A,Annuale,ITF6,Calabria,NEET_I,Incidenza dei giovani Neet di 15-34 anni (non occupati e non in istruzione),9,Totale,Y15-29,15-29 anni,2021,33.505495,,
A,Annuale,ITF6,Calabria,NEET_I,Incidenza dei giovani Neet di 15-34 anni (non occupati e non in istruzione),9,Totale,Y15-29,15-29 anni,2022,28.232164,,
A,Annuale,ITF6,Calabria,NEET_I,Incidenza dei giovani Neet di 15-34 anni (non occupati e non in istruzione),9,Totale,Y15-29,15-29 anni,2023,27.214301,,
A,Annuale,ITF6,Calabria,NEET_I,Incidenza dei giovani Neet di 15-34 anni (non occupati e non in istruzione),9,Totale,Y15-29,15-29 anni,2024,26.232599,,
A,Annuale,ITF6,Calabria,NEET_I,Incidenza dei giovani Neet di 15-34 anni (non occupati e non in istruzione),9,Totale,Y15-29,15-29 anni,2025,20.875886,,
A,Annuale,ITG1,Sicilia,NEET_I,Incidenza dei giovani Neet di 15-34 anni (non occupati e non in istruzione),1,Maschi,Y15-29,15-29 anni,2018,36.582584,,
A,Annuale,ITG1,Sicilia,NEET_I,Incidenza dei giovani Neet di 15-34 anni (non occupati e non in istruzione),1,Maschi,Y15-29,15-29 anni,2019,36.136367,,
A,Annuale,ITG1,Sicilia,NEET_I,Incidenza dei giovani Neet di 15-34 anni (non occupati e non in istruzione),1,Maschi,Y15-29,15-29 anni,2020,36.234991,,
A,Annuale,ITG1,Sicilia,NEET_I,Incidenza dei giovani Neet di 15-34 anni (non occupati e non in istruzione),1,Maschi,Y15-29,15-29 anni,2021,33.438049,,
A,Annuale,ITG1,Sicilia,NEET_I,Incidenza dei giovani Neet di 15-34 anni (non occupati e non in istruzione),1,Maschi,Y15-29,15-29 anni,2022,30.359409,,
A,Annuale,ITG1,Sicilia,NEET_I,Incidenza dei giovani Neet di 15-34 anni (non occupati e non in istruzione),1,Maschi,Y15-29,15-29 anni,2023,25.555972,,
A,Annuale,ITG1,Sicilia,NEET_I,Incidenza dei giovani Neet di 15-34 anni (non occupati e non in istruzione),1,Maschi,Y15-29,15-29 anni,2024,24.185596,,
A,Annuale,ITG1,Sicilia,NEET_I,Incidenza dei giovani Neet di 15-34 anni (non occupati e non in istruzione),1,Maschi,Y15-29,15-29 anni,2025,21.071603,,
A,Annuale,ITG1,Sicilia,NEET_I,Incidenza dei giovani Neet di 15-34 anni (non occupati e non in istruzione),2,Femmine,Y15-29,15-29 anni,2018,40.230506,,
A,Annuale,ITG1,Sicilia,NEET_I,Incidenza dei giovani Neet di 15-34 anni (non occupati e non in istruzione),2,Femmine,Y15-29,15-29 anni,2019,39.900397,,
A,Annuale,ITG1,Sicilia,NEET_I,Incidenza dei giovani Neet di 15-34 anni (non occupati e non in istruzione),2,Femmine,Y15-29,15-29 anni,2020,40.736097,,
A,Annuale,ITG1,Sicilia,NEET_I,Incidenza dei giovani Neet di 15-34 anni (non occupati e non in istruzione),2,Femmine,Y15-29,15-29 anni,2021,39.350964,,
A,Annuale,ITG1,Sicilia,NEET_I,Incidenza dei giovani Neet di 15-34 anni (non occupati e non in istruzione),2,Femmine,Y15-29,15-29 anni,2022,34.569932,,
A,Annuale,ITG1,Sicilia,NEET_I,Incidenza dei giovani Neet di 15-34 anni (non occupati e non in istruzione),2,Femmine,Y15-29,15-29 anni,2023,30.371498,,
A,Annuale,ITG1,Sicilia,NEET_I,Incidenza dei giovani Neet di 15-34 anni (non occupati e non in istruzione),2,Femmine,Y15-29,15-29 anni,2024,27.393836,,
A,Annuale,ITG1,Sicilia,NEET_I,Incidenza dei giovani Neet di 15-34 anni (non occupati e non in istruzione),2,Femmine,Y15-29,15-29 anni,2025,24.712496,,
A,Annuale,ITG1,Sicilia,NEET_I,Incidenza dei giovani Neet di 15-34 anni (non occupati e non in istruzione),9,Totale,Y15-29,15-29 anni,2018,38.361858,,
A,Annuale,ITG1,Sicilia,NEET_I,Incidenza dei giovani Neet di 15-34 anni (non occupati e non in istruzione),9,Totale,Y15-29,15-29 anni,2019,37.97464,,
A,Annuale,ITG1,Sicilia,NEET_I,Incidenza dei giovani Neet di 15-34 anni (non occupati e non in istruzione),9,Totale,Y15-29,15-29 anni,2020,38.434161,,
A,Annuale,ITG1,Sicilia,NEET_I,Incidenza dei giovani Neet di 15-34 anni (non occupati e non in istruzione),9,Totale,Y15-29,15-29 anni,2021,36.320204,,
A,Annuale,ITG1,Sicilia,NEET_I,Incidenza dei giovani Neet di 15-34 anni (non occupati e non in istruzione),9,Totale,Y15-29,15-29 anni,2022,32.410618,,
A,Annuale,ITG1,Sicilia,NEET_I,Incidenza dei giovani Neet di 15-34 anni (non occupati e non in istruzione),9,Totale,Y15-29,15-29 anni,2023,27.896386,,
A,Annuale,ITG1,Sicilia,NEET_I,Incidenza dei giovani Neet di 15-34 anni (non occupati e non in istruzione),9,Totale,Y15-29,15-29 anni,2024,25.742155,,
A,Annuale,ITG1,Sicilia,NEET_I,Incidenza dei giovani Neet di 15-34 anni (non occupati e non in istruzione),9,Totale,Y15-29,15-29 anni,2025,22.835329,,
A,Annuale,ITG2,Sardegna,NEET_I,Incidenza dei giovani Neet di 15-34 anni (non occupati e non in istruzione),1,Maschi,Y15-29,15-29 anni,2018,31.143381,,
A,Annuale,ITG2,Sardegna,NEET_I,Incidenza dei giovani Neet di 15-34 anni (non occupati e non in istruzione),1,Maschi,Y15-29,15-29 anni,2019,27.110139,,
A,Annuale,ITG2,Sardegna,NEET_I,Incidenza dei giovani Neet di 15-34 anni (non occupati e non in istruzione),1,Maschi,Y15-29,15-29 anni,2020,24.990999,,
A,Annuale,ITG2,Sardegna,NEET_I,Incidenza dei giovani Neet di 15-34 anni (non occupati e non in istruzione),1,Maschi,Y15-29,15-29 anni,2021,22.949232,,
A,Annuale,ITG2,Sardegna,NEET_I,Incidenza dei giovani Neet di 15-34 anni (non occupati e non in istruzione),1,Maschi,Y15-29,15-29 anni,2022,23.253028,,
A,Annuale,ITG2,Sardegna,NEET_I,Incidenza dei giovani Neet di 15-34 anni (non occupati e non in istruzione),1,Maschi,Y15-29,15-29 anni,2023,22.138663,,
A,Annuale,ITG2,Sardegna,NEET_I,Incidenza dei giovani Neet di 15-34 anni (non occupati e non in istruzione),1,Maschi,Y15-29,15-29 anni,2024,16.501632,,
A,Annuale,ITG2,Sardegna,NEET_I,Incidenza dei giovani Neet di 15-34 anni (non occupati e non in istruzione),1,Maschi,Y15-29,15-29 anni,2025,16.898868,,
A,Annuale,ITG2,Sardegna,NEET_I,Incidenza dei giovani Neet di 15-34 anni (non occupati e non in istruzione),2,Femmine,Y15-29,15-29 anni,2018,23.788832,,
A,Annuale,ITG2,Sardegna,NEET_I,Incidenza dei giovani Neet di 15-34 anni (non occupati e non in istruzione),2,Femmine,Y15-29,15-29 anni,2019,28.811283,,
A,Annuale,ITG2,Sardegna,NEET_I,Incidenza dei giovani Neet di 15-34 anni (non occupati e non in istruzione),2,Femmine,Y15-29,15-29 anni,2020,27.468417,,
A,Annuale,ITG2,Sardegna,NEET_I,Incidenza dei giovani Neet di 15-34 anni (non occupati e non in istruzione),2,Femmine,Y15-29,15-29 anni,2021,24.386308,,
A,Annuale,ITG2,Sardegna,NEET_I,Incidenza dei giovani Neet di 15-34 anni (non occupati e non in istruzione),2,Femmine,Y15-29,15-29 anni,2022,19.478858,,
A,Annuale,ITG2,Sardegna,NEET_I,Incidenza dei giovani Neet di 15-34 anni (non occupati e non in istruzione),2,Femmine,Y15-29,15-29 anni,2023,16.755226,,
A,Annuale,ITG2,Sardegna,NEET_I,Incidenza dei giovani Neet di 15-34 anni (non occupati e non in istruzione),2,Femmine,Y15-29,15-29 anni,2024,19.183337,,
A,Annuale,ITG2,Sardegna,NEET_I,Incidenza dei giovani Neet di 15-34 anni (non occupati e non in istruzione),2,Femmine,Y15-29,15-29 anni,2025,14.420136,,
A,Annuale,ITG2,Sardegna,NEET_I,Incidenza dei giovani Neet di 15-34 anni (non occupati e non in istruzione),9,Totale,Y15-29,15-29 anni,2018,27.622047,,
A,Annuale,ITG2,Sardegna,NEET_I,Incidenza dei giovani Neet di 15-34 anni (non occupati e non in istruzione),9,Totale,Y15-29,15-29 anni,2019,27.924643,,
A,Annuale,ITG2,Sardegna,NEET_I,Incidenza dei giovani Neet di 15-34 anni (non occupati e non in istruzione),9,Totale,Y15-29,15-29 anni,2020,26.177857,,
A,Annuale,ITG2,Sardegna,NEET_I,Incidenza dei giovani Neet di 15-34 anni (non occupati e non in istruzione),9,Totale,Y15-29,15-29 anni,2021,23.638789,,
A,Annuale,ITG2,Sardegna,NEET_I,Incidenza dei giovani Neet di 15-34 anni (non occupati e non in istruzione),9,Totale,Y15-29,15-29 anni,2022,21.435226,,
A,Annuale,ITG2,Sardegna,NEET_I,Incidenza dei giovani Neet di 15-34 anni (non occupati e non in istruzione),9,Totale,Y15-29,15-29 anni,2023,19.551049,,
A,Annuale,ITG2,Sardegna,NEET_I,Incidenza dei giovani Neet di 15-34 anni (non occupati e non in istruzione),9,Totale,Y15-29,15-29 anni,2024,17.787085,,
A,Annuale,ITG2,Sardegna,NEET_I,Incidenza dei giovani Neet di 15-34 anni (non occupati e non in istruzione),9,Totale,Y15-29,15-29 anni,2025,15.715626,,
