FREQ,Frequenza,REF_AREA,Territorio,DATA_TYPE,Indicatore,AGE,Età,TIME_PERIOD,Osservazione,OBS_STATUS,'Stato dell"'osservazione'
A,Annuale,IT,Italia,NEET,Giovani Neet di 15-34 anni (non occupati e non in istruzione),Y15-24,15-24 anni,2018,1104.784,,
A,Annuale,IT,Italia,NEET,Giovani Neet di 15-34 anni (non occupati e non in istruzione),Y15-24,15-24 anni,2019,1037.021,,
A,Annuale,IT,Italia,NEET,Giovani Neet di 15-34 anni (non occupati e non in istruzione),Y15-24,15-24 anni,2020,1104.479,,
A,Annuale,IT,Italia,NEET,Giovani Neet di 15-34 anni (non occupati e non in istruzione),Y15-24,15-24 anni,2021,1140.401,,
A,Annuale,IT,Italia,NEET,Giovani Neet di 15-34 anni (non occupati e non in istruzione),Y15-24,15-24 anni,2022,916.886,,
A,Annuale,IT,Italia,NEET,Giovani Neet di 15-34 anni (non occupati e non in istruzione),Y15-24,15-24 anni,2023,733.706,,
A,Annuale,IT,Italia,NEET,Giovani Neet di 15-34 anni (non occupati e non in istruzione),Y15-24,15-24 anni,2024,696.434,,
A,Annuale,IT,Italia,NEET,Giovani Neet di 15-34 anni (non occupati e non in istruzione),Y15-24,15-24 anni,2025,579.805,,
A,Annuale,IT,Italia,NEET,Giovani Neet di 15-34 anni (non occupati e non in istruzione),Y18-29,18-29 anni,2018,1975.168,,
A,Annuale,IT,Italia,NEET,Giovani Neet di 15-34 anni (non occupati e non in istruzione),Y18-29,18-29 anni,2019,1859.867,,
A,Annuale,IT,Italia,NEET,Giovani Neet di 15-34 anni (non occupati e non in istruzione),Y18-29,18-29 anni,2020,2013.9,,
A,Annuale,IT,Italia,NEET,Giovani Neet di 15-34 anni (non occupati e non in istruzione),Y18-29,18-29 anni,2021,1887.933,,
A,Annuale,IT,Italia,NEET,Giovani Neet di 15-34 anni (non occupati e non in istruzione),Y18-29,18-29 anni,2022,1558.755,,
A,Annuale,IT,Italia,NEET,Giovani Neet di 15-34 anni (non occupati e non in istruzione),Y18-29,18-29 anni,2023,1365.257,,
A,Annuale,IT,Italia,NEET,Giovani Neet di 15-34 anni (non occupati e non in istruzione),Y18-29,18-29 anni,2024,1302.46,,
A,Annuale,IT,Italia,NEET,Giovani Neet di 15-34 anni (non occupati e non in istruzione),Y18-29,18-29 anni,2025,1153.304,,
A,Annuale,IT,Italia,NEET,Giovani Neet di 15-34 anni (non occupati e non in istruzione),Y15-29,15-29 anni,2018,2072.271,,
A,Annuale,IT,Italia,NEET,Giovani Neet di 15-34 anni (non occupati e non in istruzione),Y15-29,15-29 anni,2019,1960.424,,
A,Annuale,IT,Italia,NEET,Giovani Neet di 15-34 anni (non occupati e non in istruzione),Y15-29,15-29 anni,2020,2098.976,,
A,Annuale,IT,Italia,NEET,Giovani Neet di 15-34 anni (non occupati e non in istruzione),Y15-29,15-29 anni,2021,2031.626,,
A,Annuale,IT,Italia,NEET,Giovani Neet di 15-34 anni (non occupati e non in istruzione),Y15-29,15-29 anni,2022,1669.553,,
A,Annuale,IT,Italia,NEET,Giovani Neet di 15-34 anni (non occupati e non in istruzione),Y15-29,15-29 anni,2023,1405.032,,
A,Annuale,IT,Italia,NEET,Giovani Neet di 15-34 anni (non occupati e non in istruzione),Y15-29,15-29 anni,2024,1337.456,,
A,Annuale,IT,Italia,NEET,Giovani Neet di 15-34 anni (non occupati e non in istruzione),Y15-29,15-29 anni,2025,1178.418,,
A,Annuale,IT,Italia,NEET,Giovani Neet di 15-34 anni (non occupati e non in istruzione),Y15-34,15-34 anni,2018,3011.341,,
A,Annuale,IT,Italia,NEET,Giovani Neet di 15-34 anni (non occupati e non in istruzione),Y15-34,15-34 anni,2019,2875.492,,
A,Annuale,IT,Italia,NEET,Giovani Neet di 15-34 anni (non occupati e non in istruzione),Y15-34,15-34 anni,2020,3083.109,,
A,Annuale,IT,Italia,NEET,Giovani Neet di 15-34 anni (non occupati e non in istruzione),Y15-34,15-34 anni,2021,2938.551,,
A,Annuale,IT,Italia,NEET,Giovani Neet di 15-34 anni (non occupati e non in istruzione),Y15-34,15-34 anni,2022,2488.557,,
A,Annuale,IT,Italia,NEET,Giovani Neet di 15-34 anni (non occupati e non in istruzione),Y15-34,15-34 anni,2023,2152.681,,
A,Annuale,IT,Italia,NEET,Giovani Neet di 15-34 anni (non occupati e non in istruzione),Y15-34,15-34 anni,2024,2078.705,,
A,Annuale,IT,Italia,NEET,Giovani Neet di 15-34 anni (non occupati e non in istruzione),Y15-34,15-34 anni,2025,1874.06,,
A,Annuale,ITCD,Nord,NEET,Giovani Neet di 15-34 anni (non occupati e non in istruzione),Y15-24,15-24 anni,2018,344.191,,
A,Annuale,ITCD,Nord,NEET,Giovani Neet di 15-34 anni (non occupati e non in istruzione),Y15-24,15-24 anni,2019,313.866,,
A,Annuale,ITCD,Nord,NEET,Giovani Neet di 15-34 anni (non occupati e non in istruzione),Y15-24,15-24 anni,2020,369.723,,
A,Annuale,ITCD,Nord,NEET,Giovani Neet di 15-34 anni (non occupati e non in istruzione),Y15-24,15-24 anni,2021,406.703,,
A,Annuale,ITCD,Nord,NEET,Giovani Neet di 15-34 anni (non occupati e non in istruzione),Y15-24,15-24 anni,2022,310.862,,
A,Annuale,ITCD,Nord,NEET,Giovani Neet di 15-34 anni (non occupati e non in istruzione),Y15-24,15-24 anni,2023,230.533,,
A,Annuale,ITCD,Nord,NEET,Giovani Neet di 15-34 anni (non occupati e non in istruzione),Y15-24,15-24 anni,2024,220.116,,
A,Annuale,ITCD,Nord,NEET,Giovani Neet di 15-34 anni (non occupati e non in istruzione),Y15-24,15-24 anni,2025,185.192,,
A,Annuale,ITCD,Nord,NEET,Giovani Neet di 15-34 anni (non occupati e non in istruzione),Y18-29,18-29 anni,2018,565.398,,
A,Annuale,ITCD,Nord,NEET,Giovani Neet di 15-34 anni (non occupati e non in istruzione),Y18-29,18-29 anni,2019,521.994,,
A,Annuale,ITCD,Nord,NEET,Giovani Neet di 15-34 anni (non occupati e non in istruzione),Y18-29,18-29 anni,2020,629.242,,
A,Annuale,ITCD,Nord,NEET,Giovani Neet di 15-34 anni (non occupati e non in istruzione),Y18-29,18-29 anni,2021,604.008,,
A,Annuale,ITCD,Nord,NEET,Giovani Neet di 15-34 anni (non occupati e non in istruzione),Y18-29,18-29 anni,2022,487.338,,
A,Annuale,ITCD,Nord,NEET,Giovani Neet di 15-34 anni (non occupati e non in istruzione),Y18-29,18-29 anni,2023,412.38,,
A,Annuale,ITCD,Nord,NEET,Giovani Neet di 15-34 anni (non occupati e non in istruzione),Y18-29,18-29 anni,2024,378.079,,
A,Annuale,ITCD,Nord,NEET,Giovani Neet di 15-34 anni (non occupati e non in istruzione),Y18-29,18-29 anni,2025,344.399,,
A,Annuale,ITCD,Nord,NEET,Giovani Neet di 15-34 anni (non occupati e non in istruzione),Y15-29,15-29 anni,2018,598.467,,
A,Annuale,ITCD,Nord,NEET,Giovani Neet di 15-34 anni (non occupati e non in istruzione),Y15-29,15-29 anni,2019,557.54,,
A,Annuale,ITCD,Nord,NEET,Giovani Neet di 15-34 anni (non occupati e non in istruzione),Y15-29,15-29 anni,2020,666.434,,
A,Annuale,ITCD,Nord,NEET,Giovani Neet di 15-34 anni (non occupati e non in istruzione),Y15-29,15-29 anni,2021,665.47,,
A,Annuale,ITCD,Nord,NEET,Giovani Neet di 15-34 anni (non occupati e non in istruzione),Y15-29,15-29 anni,2022,532.016,,
A,Annuale,ITCD,Nord,NEET,Giovani Neet di 15-34 anni (non occupati e non in istruzione),Y15-29,15-29 anni,2023,428.402,,
A,Annuale,ITCD,Nord,NEET,Giovani Neet di 15-34 anni (non occupati e non in istruzione),Y15-29,15-29 anni,2024,392.392,,
A,Annuale,ITCD,Nord,NEET,Giovani Neet di 15-34 anni (non occupati e non in istruzione),Y15-29,15-29 anni,2025,353.967,,
A,Annuale,ITCD,Nord,NEET,Giovani Neet di 15-34 anni (non occupati e non in istruzione),Y15-34,15-34 anni,2018,855.87,,
A,Annuale,ITCD,Nord,NEET,Giovani Neet di 15-34 anni (non occupati e non in istruzione),Y15-34,15-34 anni,2019,802.484,,
A,Annuale,ITCD,Nord,NEET,Giovani Neet di 15-34 anni (non occupati e non in istruzione),Y15-34,15-34 anni,2020,950.331,,
A,Annuale,ITCD,Nord,NEET,Giovani Neet di 15-34 anni (non occupati e non in istruzione),Y15-34,15-34 anni,2021,922.083,,
A,Annuale,ITCD,Nord,NEET,Giovani Neet di 15-34 anni (non occupati e non in istruzione),Y15-34,15-34 anni,2022,766.026,,
A,Annuale,ITCD,Nord,NEET,Giovani Neet di 15-34 anni (non occupati e non in istruzione),Y15-34,15-34 anni,2023,634.91,,
A,Annuale,ITCD,Nord,NEET,Giovani Neet di 15-34 anni (non occupati e non in istruzione),Y15-34,15-34 anni,2024,599.376,,
A,Annuale,ITCD,Nord,NEET,Giovani Neet di 15-34 anni (non occupati e non in istruzione),Y15-34,15-34 anni,2025,552.581,,
A,Annuale,ITC,Nord-ovest,NEET,Giovani Neet di 15-34 anni (non occupati e non in istruzione),Y15-24,15-24 anni,2018,205.438,,
A,Annuale,ITC,Nord-ovest,NEET,Giovani Neet di 15-34 anni (non occupati e non in istruzione),Y15-24,15-24 anni,2019,192.636,,
A,Annuale,ITC,Nord-ovest,NEET,Giovani Neet di 15-34 anni (non occupati e non in istruzione),Y15-24,15-24 anni,2020,236.395,,
A,Annuale,ITC,Nord-ovest,NEET,Giovani Neet di 15-34 anni (non occupati e non in istruzione),Y15-24,15-24 anni,2021,257.526,,
A,Annuale,ITC,Nord-ovest,NEET,Giovani Neet di 15-34 anni (non occupati e non in istruzione),Y15-24,15-24 anni,2022,186.962,,
A,Annuale,ITC,Nord-ovest,NEET,Giovani Neet di 15-34 anni (non occupati e non in istruzione),Y15-24,15-24 anni,2023,135.193,,
A,Annuale,ITC,Nord-ovest,NEET,Giovani Neet di 15-34 anni (non occupati e non in istruzione),Y15-24,15-24 anni,2024,138.397,,
A,Annuale,ITC,Nord-ovest,NEET,Giovani Neet di 15-34 anni (non occupati e non in istruzione),Y15-24,15-24 anni,2025,111.328,,
A,Annuale,ITC,Nord-ovest,NEET,Giovani Neet di 15-34 anni (non occupati e non in istruzione),Y18-29,18-29 anni,2018,339.758,,
A,Annuale,ITC,Nord-ovest,NEET,Giovani Neet di 15-34 anni (non occupati e non in istruzione),Y18-29,18-29 anni,2019,320.203,,
A,Annuale,ITC,Nord-ovest,NEET,Giovani Neet di 15-34 anni (non occupati e non in istruzione),Y18-29,18-29 anni,2020,392.958,,
A,Annuale,ITC,Nord-ovest,NEET,Giovani Neet di 15-34 anni (non occupati e non in istruzione),Y18-29,18-29 anni,2021,379.712,,
A,Annuale,ITC,Nord-ovest,NEET,Giovani Neet di 15-34 anni (non occupati e non in istruzione),Y18-29,18-29 anni,2022,294.769,,
A,Annuale,ITC,Nord-ovest,NEET,Giovani Neet di 15-34 anni (non occupati e non in istruzione),Y18-29,18-29 anni,2023,238.421,,
A,Annuale,ITC,Nord-ovest,NEET,Giovani Neet di 15-34 anni (non occupati e non in istruzione),Y18-29,18-29 anni,2024,225.744,,
A,Annuale,ITC,Nord-ovest,NEET,Giovani Neet di 15-34 anni (non occupati e non in istruzione),Y18-29,18-29 anni,2025,209.033,,
A,Annuale,ITC,Nord-ovest,NEET,Giovani Neet di 15-34 anni (non occupati e non in istruzione),Y15-29,15-29 anni,2018,359.087,,
A,Annuale,ITC,Nord-ovest,NEET,Giovani Neet di 15-34 anni (non occupati e non in istruzione),Y15-29,15-29 anni,2019,344.338,,
A,Annuale,ITC,Nord-ovest,NEET,Giovani Neet di 15-34 anni (non occupati e non in istruzione),Y15-29,15-29 anni,2020,419.019,,
A,Annuale,ITC,Nord-ovest,NEET,Giovani Neet di 15-34 anni (non occupati e non in istruzione),Y15-29,15-29 anni,2021,420.71,,
A,Annuale,ITC,Nord-ovest,NEET,Giovani Neet di 15-34 anni (non occupati e non in istruzione),Y15-29,15-29 anni,2022,321.671,,
A,Annuale,ITC,Nord-ovest,NEET,Giovani Neet di 15-34 anni (non occupati e non in istruzione),Y15-29,15-29 anni,2023,250.68,,
A,Annuale,ITC,Nord-ovest,NEET,Giovani Neet di 15-34 anni (non occupati e non in istruzione),Y15-29,15-29 anni,2024,235.828,,
A,Annuale,ITC,Nord-ovest,NEET,Giovani Neet di 15-34 anni (non occupati e non in istruzione),Y15-29,15-29 anni,2025,215.599,,
A,Annuale,ITC,Nord-ovest,NEET,Giovani Neet di 15-34 anni (non occupati e non in istruzione),Y15-34,15-34 anni,2018,509.502,,
A,Annuale,ITC,Nord-ovest,NEET,Giovani Neet di 15-34 anni (non occupati e non in istruzione),Y15-34,15-34 anni,2019,481.191,,
A,Annuale,ITC,Nord-ovest,NEET,Giovani Neet di 15-34 anni (non occupati e non in istruzione),Y15-34,15-34 anni,2020,581.786,,
A,Annuale,ITC,Nord-ovest,NEET,Giovani Neet di 15-34 anni (non occupati e non in istruzione),Y15-34,15-34 anni,2021,574.133,,
A,Annuale,ITC,Nord-ovest,NEET,Giovani Neet di 15-34 anni (non occupati e non in istruzione),Y15-34,15-34 anni,2022,460.734,,
A,Annuale,ITC,Nord-ovest,NEET,Giovani Neet di 15-34 anni (non occupati e non in istruzione),Y15-34,15-34 anni,2023,373.748,,
A,Annuale,ITC,Nord-ovest,NEET,Giovani Neet di 15-34 anni (non occupati e non in istruzione),Y15-34,15-34 anni,2024,359.713,,
A,Annuale,ITC,Nord-ovest,NEET,Giovani Neet di 15-34 anni (non occupati e non in istruzione),Y15-34,15-34 anni,2025,333.272,,
A,Annuale,ITC1,Piemonte,NEET,Giovani Neet di 15-34 anni (non occupati e non in istruzione),Y15-24,15-24 anni,2018,61.151,,
A,Annuale,ITC1,Piemonte,NEET,Giovani Neet di 15-34 anni (non occupati e non in istruzione),Y15-24,15-24 anni,2019,57.316,,
A,Annuale,ITC1,Piemonte,NEET,Giovani Neet di 15-34 anni (non occupati e non in istruzione),Y15-24,15-24 anni,2020,64.334,,
A,Annuale,ITC1,Piemonte,NEET,Giovani Neet di 15-34 anni (non occupati e non in istruzione),Y15-24,15-24 anni,2021,68.523,,
A,Annuale,ITC1,Piemonte,NEET,Giovani Neet di 15-34 anni (non occupati e non in istruzione),Y15-24,15-24 anni,2022,51.292,,
A,Annuale,ITC1,Piemonte,NEET,Giovani Neet di 15-34 anni (non occupati e non in istruzione),Y15-24,15-24 anni,2023,34.565,,
A,Annuale,ITC1,Piemonte,NEET,Giovani Neet di 15-34 anni (non occupati e non in istruzione),Y15-24,15-24 anni,2024,35.679,,
A,Annuale,ITC1,Piemonte,NEET,Giovani Neet di 15-34 anni (non occupati e non in istruzione),Y15-24,15-24 anni,2025,33.903,,
A,Annuale,ITC1,Piemonte,NEET,Giovani Neet di 15-34 anni (non occupati e non in istruzione),Y18-29,18-29 anni,2018,97.926,,
A,Annuale,ITC1,Piemonte,NEET,Giovani Neet di 15-34 anni (non occupati e non in istruzione),Y18-29,18-29 anni,2019,90.081,,
A,Annuale,ITC1,Piemonte,NEET,Giovani Neet di 15-34 anni (non occupati e non in istruzione),Y18-29,18-29 anni,2020,109.336,,
A,Annuale,ITC1,Piemonte,NEET,Giovani Neet di 15-34 anni (non occupati e non in istruzione),Y18-29,18-29 anni,2021,102.414,,
A,Annuale,ITC1,Piemonte,NEET,Giovani Neet di 15-34 anni (non occupati e non in istruzione),Y18-29,18-29 anni,2022,83.926,,
A,Annuale,ITC1,Piemonte,NEET,Giovani Neet di 15-34 anni (non occupati e non in istruzione),Y18-29,18-29 anni,2023,67.393,,
A,Annuale,ITC1,Piemonte,NEET,Giovani Neet di 15-34 anni (non occupati e non in istruzione),Y18-29,18-29 anni,2024,56.362,,
A,Annuale,ITC1,Piemonte,NEET,Giovani Neet di 15-34 anni (non occupati e non in istruzione),Y18-29,18-29 anni,2025,55.274,,
A,Annuale,ITC1,Piemonte,NEET,Giovani Neet di 15-34 anni (non occupati e non in istruzione),Y15-29,15-29 anni,2018,103.418,,
A,Annuale,ITC1,Piemonte,NEET,Giovani Neet di 15-34 anni (non occupati e non in istruzione),Y15-29,15-29 anni,2019,96.819,,
A,Annuale,ITC1,Piemonte,NEET,Giovani Neet di 15-34 anni (non occupati e non in istruzione),Y15-29,15-29 anni,2020,117.639,,
A,Annuale,ITC1,Piemonte,NEET,Giovani Neet di 15-34 anni (non occupati e non in istruzione),Y15-29,15-29 anni,2021,112.874,,
A,Annuale,ITC1,Piemonte,NEET,Giovani Neet di 15-34 anni (non occupati e non in istruzione),Y15-29,15-29 anni,2022,90.615,,
A,Annuale,ITC1,Piemonte,NEET,Giovani Neet di 15-34 anni (non occupati e non in istruzione),Y15-29,15-29 anni,2023,69.5,,
A,Annuale,ITC1,Piemonte,NEET,Giovani Neet di 15-34 anni (non occupati e non in istruzione),Y15-29,15-29 anni,2024,58.861,,
A,Annuale,ITC1,Piemonte,NEET,Giovani Neet di 15-34 anni (non occupati e non in istruzione),Y15-29,15-29 anni,2025,56.693,,
A,Annuale,ITC1,Piemonte,NEET,Giovani Neet di 15-34 anni (non occupati e non in istruzione),Y15-34,15-34 anni,2018,146.439,,
A,Annuale,ITC1,Piemonte,NEET,Giovani Neet di 15-34 anni (non occupati e non in istruzione),Y15-34,15-34 anni,2019,135.965,,
A,Annuale,ITC1,Piemonte,NEET,Giovani Neet di 15-34 anni (non occupati e non in istruzione),Y15-34,15-34 anni,2020,160.77,,
A,Annuale,ITC1,Piemonte,NEET,Giovani Neet di 15-34 anni (non occupati e non in istruzione),Y15-34,15-34 anni,2021,154.153,,
A,Annuale,ITC1,Piemonte,NEET,Giovani Neet di 15-34 anni (non occupati e non in istruzione),Y15-34,15-34 anni,2022,129.332,,
A,Annuale,ITC1,Piemonte,NEET,Giovani Neet di 15-34 anni (non occupati e non in istruzione),Y15-34,15-34 anni,2023,102.402,,
A,Annuale,ITC1,Piemonte,NEET,Giovani Neet di 15-34 anni (non occupati e non in istruzione),Y15-34,15-34 anni,2024,92.487,,
A,Annuale,ITC1,Piemonte,NEET,Giovani Neet di 15-34 anni (non occupati e non in istruzione),Y15-34,15-34 anni,2025,85.074,,
A,Annuale,ITC2,'Valle d"'Aosta / Vallée d"'Aoste',NEET,Giovani Neet di 15-34 anni (non occupati e non in istruzione),Y15-24,15-24 anni,2018,1.629,,
A,Annuale,ITC2,'Valle d"'Aosta / Vallée d"'Aoste',NEET,Giovani Neet di 15-34 anni (non occupati e non in istruzione),Y15-24,15-24 anni,2019,1.463,,
A,Annuale,ITC2,'Valle d"'Aosta / Vallée d"'Aoste',NEET,Giovani Neet di 15-34 anni (non occupati e non in istruzione),Y15-24,15-24 anni,2020,1.704,,
A,Annuale,ITC2,'Valle d"'Aosta / Vallée d"'Aoste',NEET,Giovani Neet di 15-34 anni (non occupati e non in istruzione),Y15-24,15-24 anni,2021,1.893,,
A,Annuale,ITC2,'Valle d"'Aosta / Vallée d"'Aoste',NEET,Giovani Neet di 15-34 anni (non occupati e non in istruzione),Y15-24,15-24 anni,2022,1.821,,
A,Annuale,ITC2,'Valle d"'Aosta / Vallée d"'Aoste',NEET,Giovani Neet di 15-34 anni (non occupati e non in istruzione),Y15-24,15-24 anni,2023,1.001,,
A,Annuale,ITC2,'Valle d"'Aosta / Vallée d"'Aoste',NEET,Giovani Neet di 15-34 anni (non occupati e non in istruzione),Y15-24,15-24 anni,2024,1.008,,
A,Annuale,ITC2,'Valle d"'Aosta / Vallée d"'Aoste',NEET,Giovani Neet di 15-34 anni (non occupati e non in istruzione),Y15-24,15-24 anni,2025,0.804,,
A,Annuale,ITC2,'Valle d"'Aosta / Vallée d"'Aoste',NEET,Giovani Neet di 15-34 anni (non occupati e non in istruzione),Y18-29,18-29 anni,2018,2.637,,
A,Annuale,ITC2,'Valle d"'Aosta / Vallée d"'Aoste',NEET,Giovani Neet di 15-34 anni (non occupati e non in istruzione),Y18-29,18-29 anni,2019,2.379,,
A,Annuale,ITC2,'Valle d"'Aosta / Vallée d"'Aoste',NEET,Giovani Neet di 15-34 anni (non occupati e non in istruzione),Y18-29,18-29 anni,2020,2.873,,
A,Annuale,ITC2,'Valle d"'Aosta / Vallée d"'Aoste',NEET,Giovani Neet di 15-34 anni (non occupati e non in istruzione),Y18-29,18-29 anni,2021,2.949,,
A,Annuale,ITC2,'Valle d"'Aosta / Vallée d"'Aoste',NEET,Giovani Neet di 15-34 anni (non occupati e non in istruzione),Y18-29,18-29 anni,2022,2.49,,
A,Annuale,ITC2,'Valle d"'Aosta / Vallée d"'Aoste',NEET,Giovani Neet di 15-34 anni (non occupati e non in istruzione),Y18-29,18-29 anni,2023,1.726,,
A,Annuale,ITC2,'Valle d"'Aosta / Vallée d"'Aoste',NEET,Giovani Neet di 15-34 anni (non occupati e non in istruzione),Y18-29,18-29 anni,2024,1.773,,
A,Annuale,ITC2,'Valle d"'Aosta / Vallée d"'Aoste',NEET,Giovani Neet di 15-34 anni (non occupati e non in istruzione),Y18-29,18-29 anni,2025,1.421,,
A,Annuale,ITC2,'Valle d"'Aosta / Vallée d"'Aoste',NEET,Giovani Neet di 15-34 anni (non occupati e non in istruzione),Y15-29,15-29 anni,2018,2.843,,
A,Annuale,ITC2,'Valle d"'Aosta / Vallée d"'Aoste',NEET,Giovani Neet di 15-34 anni (non occupati e non in istruzione),Y15-29,15-29 anni,2019,2.579,,
A,Annuale,ITC2,'Valle d"'Aosta / Vallée d"'Aoste',NEET,Giovani Neet di 15-34 anni (non occupati e non in istruzione),Y15-29,15-29 anni,2020,3.01,,
A,Annuale,ITC2,'Valle d"'Aosta / Vallée d"'Aoste',NEET,Giovani Neet di 15-34 anni (non occupati e non in istruzione),Y15-29,15-29 anni,2021,3.162,,
A,Annuale,ITC2,'Valle d"'Aosta / Vallée d"'Aoste',NEET,Giovani Neet di 15-34 anni (non occupati e non in istruzione),Y15-29,15-29 anni,2022,2.71,,
A,Annuale,ITC2,'Valle d"'Aosta / Vallée d"'Aoste',NEET,Giovani Neet di 15-34 anni (non occupati e non in istruzione),Y15-29,15-29 anni,2023,1.756,,
A,Annuale,ITC2,'Valle d"'Aosta / Vallée d"'Aoste',NEET,Giovani Neet di 15-34 anni (non occupati e non in istruzione),Y15-29,15-29 anni,2024,1.852,,
A,Annuale,ITC2,'Valle d"'Aosta / Vallée d"'Aoste',NEET,Giovani Neet di 15-34 anni (non occupati e non in istruzione),Y15-29,15-29 anni,2025,1.47,,
A,Annuale,ITC2,'Valle d"'Aosta / Vallée d"'Aoste',NEET,Giovani Neet di 15-34 anni (non occupati e non in istruzione),Y15-34,15-34 anni,2018,3.94,,
A,Annuale,ITC2,'Valle d"'Aosta / Vallée d"'Aoste',NEET,Giovani Neet di 15-34 anni (non occupati e non in istruzione),Y15-34,15-34 anni,2019,3.836,,
A,Annuale,ITC2,'Valle d"'Aosta / Vallée d"'Aoste',NEET,Giovani Neet di 15-34 anni (non occupati e non in istruzione),Y15-34,15-34 anni,2020,4.319,,
A,Annuale,ITC2,'Valle d"'Aosta / Vallée d"'Aoste',NEET,Giovani Neet di 15-34 anni (non occupati e non in istruzione),Y15-34,15-34 anni,2021,4.307,,
A,Annuale,ITC2,'Valle d"'Aosta / Vallée d"'Aoste',NEET,Giovani Neet di 15-34 anni (non occupati e non in istruzione),Y15-34,15-34 anni,2022,3.528,,
A,Annuale,ITC2,'Valle d"'Aosta / Vallée d"'Aoste',NEET,Giovani Neet di 15-34 anni (non occupati e non in istruzione),Y15-34,15-34 anni,2023,2.516,,
A,Annuale,ITC2,'Valle d"'Aosta / Vallée d"'Aoste',NEET,Giovani Neet di 15-34 anni (non occupati e non in istruzione),Y15-34,15-34 anni,2024,2.68,,
A,Annuale,ITC2,'Valle d"'Aosta / Vallée d"'Aoste',NEET,Giovani Neet di 15-34 anni (non occupati e non in istruzione),Y15-34,15-34 anni,2025,2.183,,
A,Annuale,ITC3,Liguria,NEET,Giovani Neet di 15-34 anni (non occupati e non in istruzione),Y15-24,15-24 anni,2018,22.144,,
A,Annuale,ITC3,Liguria,NEET,Giovani Neet di 15-34 anni (non occupati e non in istruzione),Y15-24,15-24 anni,2019,16.395,,
A,Annuale,ITC3,Liguria,NEET,Giovani Neet di 15-34 anni (non occupati e non in istruzione),Y15-24,15-24 anni,2020,19.913,,
A,Annuale,ITC3,Liguria,NEET,Giovani Neet di 15-34 anni (non occupati e non in istruzione),Y15-24,15-24 anni,2021,22.137,,
A,Annuale,ITC3,Liguria,NEET,Giovani Neet di 15-34 anni (non occupati e non in istruzione),Y15-24,15-24 anni,2022,17.772,,
A,Annuale,ITC3,Liguria,NEET,Giovani Neet di 15-34 anni (non occupati e non in istruzione),Y15-24,15-24 anni,2023,11.173,,
A,Annuale,ITC3,Liguria,NEET,Giovani Neet di 15-34 anni (non occupati e non in istruzione),Y15-24,15-24 anni,2024,13.878,,
A,Annuale,ITC3,Liguria,NEET,Giovani Neet di 15-34 anni (non occupati e non in istruzione),Y15-24,15-24 anni,2025,13.8,,
A,Annuale,ITC3,Liguria,NEET,Giovani Neet di 15-34 anni (non occupati e non in istruzione),Y18-29,18-29 anni,2018,37.116,,
A,Annuale,ITC3,Liguria,NEET,Giovani Neet di 15-34 anni (non occupati e non in istruzione),Y18-29,18-29 anni,2019,33.292,,
A,Annuale,ITC3,Liguria,NEET,Giovani Neet di 15-34 anni (non occupati e non in istruzione),Y18-29,18-29 anni,2020,38.011,,
A,Annuale,ITC3,Liguria,NEET,Giovani Neet di 15-34 anni (non occupati e non in istruzione),Y18-29,18-29 anni,2021,36.428,,
A,Annuale,ITC3,Liguria,NEET,Giovani Neet di 15-34 anni (non occupati e non in istruzione),Y18-29,18-29 anni,2022,26.571,,
A,Annuale,ITC3,Liguria,NEET,Giovani Neet di 15-34 anni (non occupati e non in istruzione),Y18-29,18-29 anni,2023,22.308,,
A,Annuale,ITC3,Liguria,NEET,Giovani Neet di 15-34 anni (non occupati e non in istruzione),Y18-29,18-29 anni,2024,24.589,,
A,Annuale,ITC3,Liguria,NEET,Giovani Neet di 15-34 anni (non occupati e non in istruzione),Y18-29,18-29 anni,2025,28.132,,
A,Annuale,ITC3,Liguria,NEET,Giovani Neet di 15-34 anni (non occupati e non in istruzione),Y15-29,15-29 anni,2018,38.926,,
A,Annuale,ITC3,Liguria,NEET,Giovani Neet di 15-34 anni (non occupati e non in istruzione),Y15-29,15-29 anni,2019,34.773,,
A,Annuale,ITC3,Liguria,NEET,Giovani Neet di 15-34 anni (non occupati e non in istruzione),Y15-29,15-29 anni,2020,39.938,,
A,Annuale,ITC3,Liguria,NEET,Giovani Neet di 15-34 anni (non occupati e non in istruzione),Y15-29,15-29 anni,2021,38.516,,
A,Annuale,ITC3,Liguria,NEET,Giovani Neet di 15-34 anni (non occupati e non in istruzione),Y15-29,15-29 anni,2022,29.432,,
A,Annuale,ITC3,Liguria,NEET,Giovani Neet di 15-34 anni (non occupati e non in istruzione),Y15-29,15-29 anni,2023,22.57,,
A,Annuale,ITC3,Liguria,NEET,Giovani Neet di 15-34 anni (non occupati e non in istruzione),Y15-29,15-29 anni,2024,24.984,,
A,Annuale,ITC3,Liguria,NEET,Giovani Neet di 15-34 anni (non occupati e non in istruzione),Y15-29,15-29 anni,2025,28.655,,
A,Annuale,ITC3,Liguria,NEET,Giovani Neet di 15-34 anni (non occupati e non in istruzione),Y15-34,15-34 anni,2018,52.785,,
A,Annuale,ITC3,Liguria,NEET,Giovani Neet di 15-34 anni (non occupati e non in istruzione),Y15-34,15-34 anni,2019,50.332,,
A,Annuale,ITC3,Liguria,NEET,Giovani Neet di 15-34 anni (non occupati e non in istruzione),Y15-34,15-34 anni,2020,56.736,,
A,Annuale,ITC3,Liguria,NEET,Giovani Neet di 15-34 anni (non occupati e non in istruzione),Y15-34,15-34 anni,2021,52.916,,
A,Annuale,ITC3,Liguria,NEET,Giovani Neet di 15-34 anni (non occupati e non in istruzione),Y15-34,15-34 anni,2022,43.643,,
A,Annuale,ITC3,Liguria,NEET,Giovani Neet di 15-34 anni (non occupati e non in istruzione),Y15-34,15-34 anni,2023,37.562,,
A,Annuale,ITC3,Liguria,NEET,Giovani Neet di 15-34 anni (non occupati e non in istruzione),Y15-34,15-34 anni,2024,40.31,,
A,Annuale,ITC3,Liguria,NEET,Giovani Neet di 15-34 anni (non occupati e non in istruzione),Y15-34,15-34 anni,2025,40.758,,
A,Annuale,ITC4,Lombardia,NEET,Giovani Neet di 15-34 anni (non occupati e non in istruzione),Y15-24,15-24 anni,2018,120.514,,
A,Annuale,ITC4,Lombardia,NEET,Giovani Neet di 15-34 anni (non occupati e non in istruzione),Y15-24,15-24 anni,2019,117.462,,
A,Annuale,ITC4,Lombardia,NEET,Giovani Neet di 15-34 anni (non occupati e non in istruzione),Y15-24,15-24 anni,2020,150.443,,
A,Annuale,ITC4,Lombardia,NEET,Giovani Neet di 15-34 anni (non occupati e non in istruzione),Y15-24,15-24 anni,2021,164.972,,
A,Annuale,ITC4,Lombardia,NEET,Giovani Neet di 15-34 anni (non occupati e non in istruzione),Y15-24,15-24 anni,2022,116.078,,
A,Annuale,ITC4,Lombardia,NEET,Giovani Neet di 15-34 anni (non occupati e non in istruzione),Y15-24,15-24 anni,2023,88.455,,
A,Annuale,ITC4,Lombardia,NEET,Giovani Neet di 15-34 anni (non occupati e non in istruzione),Y15-24,15-24 anni,2024,87.832,,
A,Annuale,ITC4,Lombardia,NEET,Giovani Neet di 15-34 anni (non occupati e non in istruzione),Y15-24,15-24 anni,2025,62.821,,
A,Annuale,ITC4,Lombardia,NEET,Giovani Neet di 15-34 anni (non occupati e non in istruzione),Y18-29,18-29 anni,2018,202.079,,
A,Annuale,ITC4,Lombardia,NEET,Giovani Neet di 15-34 anni (non occupati e non in istruzione),Y18-29,18-29 anni,2019,194.451,,
A,Annuale,ITC4,Lombardia,NEET,Giovani Neet di 15-34 anni (non occupati e non in istruzione),Y18-29,18-29 anni,2020,242.738,,
A,Annuale,ITC4,Lombardia,NEET,Giovani Neet di 15-34 anni (non occupati e non in istruzione),Y18-29,18-29 anni,2021,237.921,,
A,Annuale,ITC4,Lombardia,NEET,Giovani Neet di 15-34 anni (non occupati e non in istruzione),Y18-29,18-29 anni,2022,181.781,,
A,Annuale,ITC4,Lombardia,NEET,Giovani Neet di 15-34 anni (non occupati e non in istruzione),Y18-29,18-29 anni,2023,146.994,,
A,Annuale,ITC4,Lombardia,NEET,Giovani Neet di 15-34 anni (non occupati e non in istruzione),Y18-29,18-29 anni,2024,143.019,,
A,Annuale,ITC4,Lombardia,NEET,Giovani Neet di 15-34 anni (non occupati e non in istruzione),Y18-29,18-29 anni,2025,124.205,,
A,Annuale,ITC4,Lombardia,NEET,Giovani Neet di 15-34 anni (non occupati e non in istruzione),Y15-29,15-29 anni,2018,213.9,,
A,Annuale,ITC4,Lombardia,NEET,Giovani Neet di 15-34 anni (non occupati e non in istruzione),Y15-29,15-29 anni,2019,210.167,,
A,Annuale,ITC4,Lombardia,NEET,Giovani Neet di 15-34 anni (non occupati e non in istruzione),Y15-29,15-29 anni,2020,258.432,,
A,Annuale,ITC4,Lombardia,NEET,Giovani Neet di 15-34 anni (non occupati e non in istruzione),Y15-29,15-29 anni,2021,266.157,,
A,Annuale,ITC4,Lombardia,NEET,Giovani Neet di 15-34 anni (non occupati e non in istruzione),Y15-29,15-29 anni,2022,198.915,,
A,Annuale,ITC4,Lombardia,NEET,Giovani Neet di 15-34 anni (non occupati e non in istruzione),Y15-29,15-29 anni,2023,156.854,,
A,Annuale,ITC4,Lombardia,NEET,Giovani Neet di 15-34 anni (non occupati e non in istruzione),Y15-29,15-29 anni,2024,150.13,,
A,Annuale,ITC4,Lombardia,NEET,Giovani Neet di 15-34 anni (non occupati e non in istruzione),Y15-29,15-29 anni,2025,128.782,,
A,Annuale,ITC4,Lombardia,NEET,Giovani Neet di 15-34 anni (non occupati e non in istruzione),Y15-34,15-34 anni,2018,306.338,,
A,Annuale,ITC4,Lombardia,NEET,Giovani Neet di 15-34 anni (non occupati e non in istruzione),Y15-34,15-34 anni,2019,291.058,,
A,Annuale,ITC4,Lombardia,NEET,Giovani Neet di 15-34 anni (non occupati e non in istruzione),Y15-34,15-34 anni,2020,359.961,,
A,Annuale,ITC4,Lombardia,NEET,Giovani Neet di 15-34 anni (non occupati e non in istruzione),Y15-34,15-34 anni,2021,362.756,,
A,Annuale,ITC4,Lombardia,NEET,Giovani Neet di 15-34 anni (non occupati e non in istruzione),Y15-34,15-34 anni,2022,284.231,,
A,Annuale,ITC4,Lombardia,NEET,Giovani Neet di 15-34 anni (non occupati e non in istruzione),Y15-34,15-34 anni,2023,231.268,,
A,Annuale,ITC4,Lombardia,NEET,Giovani Neet di 15-34 anni (non occupati e non in istruzione),Y15-34,15-34 anni,2024,224.237,,
A,Annuale,ITC4,Lombardia,NEET,Giovani Neet di 15-34 anni (non occupati e non in istruzione),Y15-34,15-34 anni,2025,205.257,,
A,Annuale,ITD,Nord-est,NEET,Giovani Neet di 15-34 anni (non occupati e non in istruzione),Y15-24,15-24 anni,2018,138.753,,
A,Annuale,ITD,Nord-est,NEET,Giovani Neet di 15-34 anni (non occupati e non in istruzione),Y15-24,15-24 anni,2019,121.231,,
A,Annuale,ITD,Nord-est,NEET,Giovani Neet di 15-34 anni (non occupati e non in istruzione),Y15-24,15-24 anni,2020,133.328,,
A,Annuale,ITD,Nord-est,NEET,Giovani Neet di 15-34 anni (non occupati e non in istruzione),Y15-24,15-24 anni,2021,149.178,,
A,Annuale,ITD,Nord-est,NEET,Giovani Neet di 15-34 anni (non occupati e non in istruzione),Y15-24,15-24 anni,2022,123.9,,
A,Annuale,ITD,Nord-est,NEET,Giovani Neet di 15-34 anni (non occupati e non in istruzione),Y15-24,15-24 anni,2023,95.34,,
A,Annuale,ITD,Nord-est,NEET,Giovani Neet di 15-34 anni (non occupati e non in istruzione),Y15-24,15-24 anni,2024,81.719,,
A,Annuale,ITD,Nord-est,NEET,Giovani Neet di 15-34 anni (non occupati e non in istruzione),Y15-24,15-24 anni,2025,73.864,,
A,Annuale,ITD,Nord-est,NEET,Giovani Neet di 15-34 anni (non occupati e non in istruzione),Y18-29,18-29 anni,2018,225.64,,
A,Annuale,ITD,Nord-est,NEET,Giovani Neet di 15-34 anni (non occupati e non in istruzione),Y18-29,18-29 anni,2019,201.792,,
A,Annuale,ITD,Nord-est,NEET,Giovani Neet di 15-34 anni (non occupati e non in istruzione),Y18-29,18-29 anni,2020,236.284,,
A,Annuale,ITD,Nord-est,NEET,Giovani Neet di 15-34 anni (non occupati e non in istruzione),Y18-29,18-29 anni,2021,224.296,,
A,Annuale,ITD,Nord-est,NEET,Giovani Neet di 15-34 anni (non occupati e non in istruzione),Y18-29,18-29 anni,2022,192.569,,
A,Annuale,ITD,Nord-est,NEET,Giovani Neet di 15-34 anni (non occupati e non in istruzione),Y18-29,18-29 anni,2023,173.959,,
A,Annuale,ITD,Nord-est,NEET,Giovani Neet di 15-34 anni (non occupati e non in istruzione),Y18-29,18-29 anni,2024,152.335,,
A,Annuale,ITD,Nord-est,NEET,Giovani Neet di 15-34 anni (non occupati e non in istruzione),Y18-29,18-29 anni,2025,135.366,,
A,Annuale,ITD,Nord-est,NEET,Giovani Neet di 15-34 anni (non occupati e non in istruzione),Y15-29,15-29 anni,2018,239.381,,
A,Annuale,ITD,Nord-est,NEET,Giovani Neet di 15-34 anni (non occupati e non in istruzione),Y15-29,15-29 anni,2019,213.201,,
A,Annuale,ITD,Nord-est,NEET,Giovani Neet di 15-34 anni (non occupati e non in istruzione),Y15-29,15-29 anni,2020,247.415,,
A,Annuale,ITD,Nord-est,NEET,Giovani Neet di 15-34 anni (non occupati e non in istruzione),Y15-29,15-29 anni,2021,244.76,,
A,Annuale,ITD,Nord-est,NEET,Giovani Neet di 15-34 anni (non occupati e non in istruzione),Y15-29,15-29 anni,2022,210.345,,
A,Annuale,ITD,Nord-est,NEET,Giovani Neet di 15-34 anni (non occupati e non in istruzione),Y15-29,15-29 anni,2023,177.722,,
A,Annuale,ITD,Nord-est,NEET,Giovani Neet di 15-34 anni (non occupati e non in istruzione),Y15-29,15-29 anni,2024,156.564,,
A,Annuale,ITD,Nord-est,NEET,Giovani Neet di 15-34 anni (non occupati e non in istruzione),Y15-29,15-29 anni,2025,138.367,,
A,Annuale,ITD,Nord-est,NEET,Giovani Neet di 15-34 anni (non occupati e non in istruzione),Y15-34,15-34 anni,2018,346.369,,
A,Annuale,ITD,Nord-est,NEET,Giovani Neet di 15-34 anni (non occupati e non in istruzione),Y15-34,15-34 anni,2019,321.294,,
A,Annuale,ITD,Nord-est,NEET,Giovani Neet di 15-34 anni (non occupati e non in istruzione),Y15-34,15-34 anni,2020,368.545,,
A,Annuale,ITD,Nord-est,NEET,Giovani Neet di 15-34 anni (non occupati e non in istruzione),Y15-34,15-34 anni,2021,347.95,,
A,Annuale,ITD,Nord-est,NEET,Giovani Neet di 15-34 anni (non occupati e non in istruzione),Y15-34,15-34 anni,2022,305.293,,
A,Annuale,ITD,Nord-est,NEET,Giovani Neet di 15-34 anni (non occupati e non in istruzione),Y15-34,15-34 anni,2023,261.162,,
A,Annuale,ITD,Nord-est,NEET,Giovani Neet di 15-34 anni (non occupati e non in istruzione),Y15-34,15-34 anni,2024,239.663,,
A,Annuale,ITD,Nord-est,NEET,Giovani Neet di 15-34 anni (non occupati e non in istruzione),Y15-34,15-34 anni,2025,219.31,,
A,Annuale,ITDA,Trentino Alto Adige / Südtirol,NEET,Giovani Neet di 15-34 anni (non occupati e non in istruzione),Y15-24,15-24 anni,2018,12.858,,
A,Annuale,ITDA,Trentino Alto Adige / Südtirol,NEET,Giovani Neet di 15-34 anni (non occupati e non in istruzione),Y15-24,15-24 anni,2019,10.488,,
A,Annuale,ITDA,Trentino Alto Adige / Südtirol,NEET,Giovani Neet di 15-34 anni (non occupati e non in istruzione),Y15-24,15-24 anni,2020,12.403,,
A,Annuale,ITDA,Trentino Alto Adige / Südtirol,NEET,Giovani Neet di 15-34 anni (non occupati e non in istruzione),Y15-24,15-24 anni,2021,14.425,,
A,Annuale,ITDA,Trentino Alto Adige / Südtirol,NEET,Giovani Neet di 15-34 anni (non occupati e non in istruzione),Y15-24,15-24 anni,2022,9.984,,
A,Annuale,ITDA,Trentino Alto Adige / Südtirol,NEET,Giovani Neet di 15-34 anni (non occupati e non in istruzione),Y15-24,15-24 anni,2023,8.844,,
A,Annuale,ITDA,Trentino Alto Adige / Südtirol,NEET,Giovani Neet di 15-34 anni (non occupati e non in istruzione),Y15-24,15-24 anni,2024,7.552,,
A,Annuale,ITDA,Trentino Alto Adige / Südtirol,NEET,Giovani Neet di 15-34 anni (non occupati e non in istruzione),Y15-24,15-24 anni,2025,5.888,,
A,Annuale,ITDA,Trentino Alto Adige / Südtirol,NEET,Giovani Neet di 15-34 anni (non occupati e non in istruzione),Y18-29,18-29 anni,2018,19.769,,
A,Annuale,ITDA,Trentino Alto Adige / Südtirol,NEET,Giovani Neet di 15-34 anni (non occupati e non in istruzione),Y18-29,18-29 anni,2019,17.739,,
A,Annuale,ITDA,Trentino Alto Adige / Südtirol,NEET,Giovani Neet di 15-34 anni (non occupati e non in istruzione),Y18-29,18-29 anni,2020,22.128,,
A,Annuale,ITDA,Trentino Alto Adige / Südtirol,NEET,Giovani Neet di 15-34 anni (non occupati e non in istruzione),Y18-29,18-29 anni,2021,24.608,,
A,Annuale,ITDA,Trentino Alto Adige / Südtirol,NEET,Giovani Neet di 15-34 anni (non occupati e non in istruzione),Y18-29,18-29 anni,2022,17.355,,
A,Annuale,ITDA,Trentino Alto Adige / Südtirol,NEET,Giovani Neet di 15-34 anni (non occupati e non in istruzione),Y18-29,18-29 anni,2023,14.894,,
A,Annuale,ITDA,Trentino Alto Adige / Südtirol,NEET,Giovani Neet di 15-34 anni (non occupati e non in istruzione),Y18-29,18-29 anni,2024,12.793,,
A,Annuale,ITDA,Trentino Alto Adige / Südtirol,NEET,Giovani Neet di 15-34 anni (non occupati e non in istruzione),Y18-29,18-29 anni,2025,10.59,,
A,Annuale,ITDA,Trentino Alto Adige / Südtirol,NEET,Giovani Neet di 15-34 anni (non occupati e non in istruzione),Y15-29,15-29 anni,2018,21.486,,
A,Annuale,ITDA,Trentino Alto Adige / Südtirol,NEET,Giovani Neet di 15-34 anni (non occupati e non in istruzione),Y15-29,15-29 anni,2019,18.824,,
A,Annuale,ITDA,Trentino Alto Adige / Südtirol,NEET,Giovani Neet di 15-34 anni (non occupati e non in istruzione),Y15-29,15-29 anni,2020,23.352,,
A,Annuale,ITDA,Trentino Alto Adige / Südtirol,NEET,Giovani Neet di 15-34 anni (non occupati e non in istruzione),Y15-29,15-29 anni,2021,26.823,,
A,Annuale,ITDA,Trentino Alto Adige / Südtirol,NEET,Giovani Neet di 15-34 anni (non occupati e non in istruzione),Y15-29,15-29 anni,2022,18.23,,
A,Annuale,ITDA,Trentino Alto Adige / Südtirol,NEET,Giovani Neet di 15-34 anni (non occupati e non in istruzione),Y15-29,15-29 anni,2023,15.359,,
A,Annuale,ITDA,Trentino Alto Adige / Südtirol,NEET,Giovani Neet di 15-34 anni (non occupati e non in istruzione),Y15-29,15-29 anni,2024,13.402,,
A,Annuale,ITDA,Trentino Alto Adige / Südtirol,NEET,Giovani Neet di 15-34 anni (non occupati e non in istruzione),Y15-29,15-29 anni,2025,10.774,,
A,Annuale,ITDA,Trentino Alto Adige / Südtirol,NEET,Giovani Neet di 15-34 anni (non occupati e non in istruzione),Y15-34,15-34 anni,2018,29.386,,
A,Annuale,ITDA,Trentino Alto Adige / Südtirol,NEET,Giovani Neet di 15-34 anni (non occupati e non in istruzione),Y15-34,15-34 anni,2019,26.807,,
A,Annuale,ITDA,Trentino Alto Adige / Südtirol,NEET,Giovani Neet di 15-34 anni (non occupati e non in istruzione),Y15-34,15-34 anni,2020,33.779,,
A,Annuale,ITDA,Trentino Alto Adige / Südtirol,NEET,Giovani Neet di 15-34 anni (non occupati e non in istruzione),Y15-34,15-34 anni,2021,36.289,,
A,Annuale,ITDA,Trentino Alto Adige / Südtirol,NEET,Giovani Neet di 15-34 anni (non occupati e non in istruzione),Y15-34,15-34 anni,2022,25.449,,
A,Annuale,ITDA,Trentino Alto Adige / Südtirol,NEET,Giovani Neet di 15-34 anni (non occupati e non in istruzione),Y15-34,15-34 anni,2023,23.651,,
A,Annuale,ITDA,Trentino Alto Adige / Südtirol,NEET,Giovani Neet di 15-34 anni (non occupati e non in istruzione),Y15-34,15-34 anni,2024,20.784,,
A,Annuale,ITDA,Trentino Alto Adige / Südtirol,NEET,Giovani Neet di 15-34 anni (non occupati e non in istruzione),Y15-34,15-34 anni,2025,18.134,,
A,Annuale,ITD1,Provincia Autonoma Bolzano / Bozen,NEET,Giovani Neet di 15-34 anni (non occupati e non in istruzione),Y15-24,15-24 anni,2018,5.799,,
A,Annuale,ITD1,Provincia Autonoma Bolzano / Bozen,NEET,Giovani Neet di 15-34 anni (non occupati e non in istruzione),Y15-24,15-24 anni,2019,5.038,,
A,Annuale,ITD1,Provincia Autonoma Bolzano / Bozen,NEET,Giovani Neet di 15-34 anni (non occupati e non in istruzione),Y15-24,15-24 anni,2020,6.067,,
A,Annuale,ITD1,Provincia Autonoma Bolzano / Bozen,NEET,Giovani Neet di 15-34 anni (non occupati e non in istruzione),Y15-24,15-24 anni,2021,6.194,,
A,Annuale,ITD1,Provincia Autonoma Bolzano / Bozen,NEET,Giovani Neet di 15-34 anni (non occupati e non in istruzione),Y15-24,15-24 anni,2022,5.116,,
A,Annuale,ITD1,Provincia Autonoma Bolzano / Bozen,NEET,Giovani Neet di 15-34 anni (non occupati e non in istruzione),Y15-24,15-24 anni,2023,3.859,,
A,Annuale,ITD1,Provincia Autonoma Bolzano / Bozen,NEET,Giovani Neet di 15-34 anni (non occupati e non in istruzione),Y15-24,15-24 anni,2024,3.608,,
A,Annuale,ITD1,Provincia Autonoma Bolzano / Bozen,NEET,Giovani Neet di 15-34 anni (non occupati e non in istruzione),Y15-24,15-24 anni,2025,2.609,,
A,Annuale,ITD1,Provincia Autonoma Bolzano / Bozen,NEET,Giovani Neet di 15-34 anni (non occupati e non in istruzione),Y18-29,18-29 anni,2018,8.766,,
A,Annuale,ITD1,Provincia Autonoma Bolzano / Bozen,NEET,Giovani Neet di 15-34 anni (non occupati e non in istruzione),Y18-29,18-29 anni,2019,7.744,,
A,Annuale,ITD1,Provincia Autonoma Bolzano / Bozen,NEET,Giovani Neet di 15-34 anni (non occupati e non in istruzione),Y18-29,18-29 anni,2020,10.379,,
A,Annuale,ITD1,Provincia Autonoma Bolzano / Bozen,NEET,Giovani Neet di 15-34 anni (non occupati e non in istruzione),Y18-29,18-29 anni,2021,11.114,,
A,Annuale,ITD1,Provincia Autonoma Bolzano / Bozen,NEET,Giovani Neet di 15-34 anni (non occupati e non in istruzione),Y18-29,18-29 anni,2022,8.202,,
A,Annuale,ITD1,Provincia Autonoma Bolzano / Bozen,NEET,Giovani Neet di 15-34 anni (non occupati e non in istruzione),Y18-29,18-29 anni,2023,7.01,,
A,Annuale,ITD1,Provincia Autonoma Bolzano / Bozen,NEET,Giovani Neet di 15-34 anni (non occupati e non in istruzione),Y18-29,18-29 anni,2024,6.74,,
A,Annuale,ITD1,Provincia Autonoma Bolzano / Bozen,NEET,Giovani Neet di 15-34 anni (non occupati e non in istruzione),Y18-29,18-29 anni,2025,4.951,,
A,Annuale,ITD1,Provincia Autonoma Bolzano / Bozen,NEET,Giovani Neet di 15-34 anni (non occupati e non in istruzione),Y15-29,15-29 anni,2018,9.628,,
A,Annuale,ITD1,Provincia Autonoma Bolzano / Bozen,NEET,Giovani Neet di 15-34 anni (non occupati e non in istruzione),Y15-29,15-29 anni,2019,8.322,,
A,Annuale,ITD1,Provincia Autonoma Bolzano / Bozen,NEET,Giovani Neet di 15-34 anni (non occupati e non in istruzione),Y15-29,15-29 anni,2020,10.914,,
A,Annuale,ITD1,Provincia Autonoma Bolzano / Bozen,NEET,Giovani Neet di 15-34 anni (non occupati e non in istruzione),Y15-29,15-29 anni,2021,11.817,,
A,Annuale,ITD1,Provincia Autonoma Bolzano / Bozen,NEET,Giovani Neet di 15-34 anni (non occupati e non in istruzione),Y15-29,15-29 anni,2022,8.789,,
A,Annuale,ITD1,Provincia Autonoma Bolzano / Bozen,NEET,Giovani Neet di 15-34 anni (non occupati e non in istruzione),Y15-29,15-29 anni,2023,7.108,,
A,Annuale,ITD1,Provincia Autonoma Bolzano / Bozen,NEET,Giovani Neet di 15-34 anni (non occupati e non in istruzione),Y15-29,15-29 anni,2024,7.107,,
A,Annuale,ITD1,Provincia Autonoma Bolzano / Bozen,NEET,Giovani Neet di 15-34 anni (non occupati e non in istruzione),Y15-29,15-29 anni,2025,5.015,,
A,Annuale,ITD1,Provincia Autonoma Bolzano / Bozen,NEET,Giovani Neet di 15-34 anni (non occupati e non in istruzione),Y15-34,15-34 anni,2018,13.563,,
A,Annuale,ITD1,Provincia Autonoma Bolzano / Bozen,NEET,Giovani Neet di 15-34 anni (non occupati e non in istruzione),Y15-34,15-34 anni,2019,12.112,,
A,Annuale,ITD1,Provincia Autonoma Bolzano / Bozen,NEET,Giovani Neet di 15-34 anni (non occupati e non in istruzione),Y15-34,15-34 anni,2020,16.354,,
A,Annuale,ITD1,Provincia Autonoma Bolzano / Bozen,NEET,Giovani Neet di 15-34 anni (non occupati e non in istruzione),Y15-34,15-34 anni,2021,16.962,,
A,Annuale,ITD1,Provincia Autonoma Bolzano / Bozen,NEET,Giovani Neet di 15-34 anni (non occupati e non in istruzione),Y15-34,15-34 anni,2022,12.517,,
A,Annuale,ITD1,Provincia Autonoma Bolzano / Bozen,NEET,Giovani Neet di 15-34 anni (non occupati e non in istruzione),Y15-34,15-34 anni,2023,11.879,,
A,Annuale,ITD1,Provincia Autonoma Bolzano / Bozen,NEET,Giovani Neet di 15-34 anni (non occupati e non in istruzione),Y15-34,15-34 anni,2024,11.67,,
A,Annuale,ITD1,Provincia Autonoma Bolzano / Bozen,NEET,Giovani Neet di 15-34 anni (non occupati e non in istruzione),Y15-34,15-34 anni,2025,9.545,,
A,Annuale,ITD2,Provincia Autonoma Trento,NEET,Giovani Neet di 15-34 anni (non occupati e non in istruzione),Y15-24,15-24 anni,2018,7.059,,
A,Annuale,ITD2,Provincia Autonoma Trento,NEET,Giovani Neet di 15-34 anni (non occupati e non in istruzione),Y15-24,15-24 anni,2019,5.449,,
A,Annuale,ITD2,Provincia Autonoma Trento,NEET,Giovani Neet di 15-34 anni (non occupati e non in istruzione),Y15-24,15-24 anni,2020,6.335,,
A,Annuale,ITD2,Provincia Autonoma Trento,NEET,Giovani Neet di 15-34 anni (non occupati e non in istruzione),Y15-24,15-24 anni,2021,8.23,,
A,Annuale,ITD2,Provincia Autonoma Trento,NEET,Giovani Neet di 15-34 anni (non occupati e non in istruzione),Y15-24,15-24 anni,2022,4.869,,
A,Annuale,ITD2,Provincia Autonoma Trento,NEET,Giovani Neet di 15-34 anni (non occupati e non in istruzione),Y15-24,15-24 anni,2023,4.984,,
A,Annuale,ITD2,Provincia Autonoma Trento,NEET,Giovani Neet di 15-34 anni (non occupati e non in istruzione),Y15-24,15-24 anni,2024,3.943,,
A,Annuale,ITD2,Provincia Autonoma Trento,NEET,Giovani Neet di 15-34 anni (non occupati e non in istruzione),Y15-24,15-24 anni,2025,3.279,,
A,Annuale,ITD2,Provincia Autonoma Trento,NEET,Giovani Neet di 15-34 anni (non occupati e non in istruzione),Y18-29,18-29 anni,2018,11.002,,
A,Annuale,ITD2,Provincia Autonoma Trento,NEET,Giovani Neet di 15-34 anni (non occupati e non in istruzione),Y18-29,18-29 anni,2019,9.995,,
A,Annuale,ITD2,Provincia Autonoma Trento,NEET,Giovani Neet di 15-34 anni (non occupati e non in istruzione),Y18-29,18-29 anni,2020,11.749,,
A,Annuale,ITD2,Provincia Autonoma Trento,NEET,Giovani Neet di 15-34 anni (non occupati e non in istruzione),Y18-29,18-29 anni,2021,13.494,,
A,Annuale,ITD2,Provincia Autonoma Trento,NEET,Giovani Neet di 15-34 anni (non occupati e non in istruzione),Y18-29,18-29 anni,2022,9.153,,
A,Annuale,ITD2,Provincia Autonoma Trento,NEET,Giovani Neet di 15-34 anni (non occupati e non in istruzione),Y18-29,18-29 anni,2023,7.884,,
A,Annuale,ITD2,Provincia Autonoma Trento,NEET,Giovani Neet di 15-34 anni (non occupati e non in istruzione),Y18-29,18-29 anni,2024,6.053,,
A,Annuale,ITD2,Provincia Autonoma Trento,NEET,Giovani Neet di 15-34 anni (non occupati e non in istruzione),Y18-29,18-29 anni,2025,5.639,,
A,Annuale,ITD2,Provincia Autonoma Trento,NEET,Giovani Neet di 15-34 anni (non occupati e non in istruzione),Y15-29,15-29 anni,2018,11.857,,
A,Annuale,ITD2,Provincia Autonoma Trento,NEET,Giovani Neet di 15-34 anni (non occupati e non in istruzione),Y15-29,15-29 anni,2019,10.502,,
A,Annuale,ITD2,Provincia Autonoma Trento,NEET,Giovani Neet di 15-34 anni (non occupati e non in istruzione),Y15-29,15-29 anni,2020,12.439,,
A,Annuale,ITD2,Provincia Autonoma Trento,NEET,Giovani Neet di 15-34 anni (non occupati e non in istruzione),Y15-29,15-29 anni,2021,15.006,,
A,Annuale,ITD2,Provincia Autonoma Trento,NEET,Giovani Neet di 15-34 anni (non occupati e non in istruzione),Y15-29,15-29 anni,2022,9.441,,
A,Annuale,ITD2,Provincia Autonoma Trento,NEET,Giovani Neet di 15-34 anni (non occupati e non in istruzione),Y15-29,15-29 anni,2023,8.251,,
A,Annuale,ITD2,Provincia Autonoma Trento,NEET,Giovani Neet di 15-34 anni (non occupati e non in istruzione),Y15-29,15-29 anni,2024,6.295,,
A,Annuale,ITD2,Provincia Autonoma Trento,NEET,Giovani Neet di 15-34 anni (non occupati e non in istruzione),Y15-29,15-29 anni,2025,5.759,,
A,Annuale,ITD2,Provincia Autonoma Trento,NEET,Giovani Neet di 15-34 anni (non occupati e non in istruzione),Y15-34,15-34 anni,2018,15.823,,
A,Annuale,ITD2,Provincia Autonoma Trento,NEET,Giovani Neet di 15-34 anni (non occupati e non in istruzione),Y15-34,15-34 anni,2019,14.694,,
A,Annuale,ITD2,Provincia Autonoma Trento,NEET,Giovani Neet di 15-34 anni (non occupati e non in istruzione),Y15-34,15-34 anni,2020,17.425,,
A,Annuale,ITD2,Provincia Autonoma Trento,NEET,Giovani Neet di 15-34 anni (non occupati e non in istruzione),Y15-34,15-34 anni,2021,19.327,,
A,Annuale,ITD2,Provincia Autonoma Trento,NEET,Giovani Neet di 15-34 anni (non occupati e non in istruzione),Y15-34,15-34 anni,2022,12.932,,
A,Annuale,ITD2,Provincia Autonoma Trento,NEET,Giovani Neet di 15-34 anni (non occupati e non in istruzione),Y15-34,15-34 anni,2023,11.772,,
A,Annuale,ITD2,Provincia Autonoma Trento,NEET,Giovani Neet di 15-34 anni (non occupati e non in istruzione),Y15-34,15-34 anni,2024,9.113,,
A,Annuale,ITD2,Provincia Autonoma Trento,NEET,Giovani Neet di 15-34 anni (non occupati e non in istruzione),Y15-34,15-34 anni,2025,8.589,,
A,Annuale,ITD3,Veneto,NEET,Giovani Neet di 15-34 anni (non occupati e non in istruzione),Y15-24,15-24 anni,2018,66.625,,
A,Annuale,ITD3,Veneto,NEET,Giovani Neet di 15-34 anni (non occupati e non in istruzione),Y15-24,15-24 anni,2019,51.488,,
A,Annuale,ITD3,Veneto,NEET,Giovani Neet di 15-34 anni (non occupati e non in istruzione),Y15-24,15-24 anni,2020,57.545,,
A,Annuale,ITD3,Veneto,NEET,Giovani Neet di 15-34 anni (non occupati e non in istruzione),Y15-24,15-24 anni,2021,64.131,,
A,Annuale,ITD3,Veneto,NEET,Giovani Neet di 15-34 anni (non occupati e non in istruzione),Y15-24,15-24 anni,2022,57.536,,
A,Annuale,ITD3,Veneto,NEET,Giovani Neet di 15-34 anni (non occupati e non in istruzione),Y15-24,15-24 anni,2023,40.578,,
A,Annuale,ITD3,Veneto,NEET,Giovani Neet di 15-34 anni (non occupati e non in istruzione),Y15-24,15-24 anni,2024,34.595,,
A,Annuale,ITD3,Veneto,NEET,Giovani Neet di 15-34 anni (non occupati e non in istruzione),Y15-24,15-24 anni,2025,33.271,,
A,Annuale,ITD3,Veneto,NEET,Giovani Neet di 15-34 anni (non occupati e non in istruzione),Y18-29,18-29 anni,2018,97.048,,
A,Annuale,ITD3,Veneto,NEET,Giovani Neet di 15-34 anni (non occupati e non in istruzione),Y18-29,18-29 anni,2019,81.832,,
A,Annuale,ITD3,Veneto,NEET,Giovani Neet di 15-34 anni (non occupati e non in istruzione),Y18-29,18-29 anni,2020,99.283,,
A,Annuale,ITD3,Veneto,NEET,Giovani Neet di 15-34 anni (non occupati e non in istruzione),Y18-29,18-29 anni,2021,89.183,,
A,Annuale,ITD3,Veneto,NEET,Giovani Neet di 15-34 anni (non occupati e non in istruzione),Y18-29,18-29 anni,2022,82.668,,
A,Annuale,ITD3,Veneto,NEET,Giovani Neet di 15-34 anni (non occupati e non in istruzione),Y18-29,18-29 anni,2023,73.769,,
A,Annuale,ITD3,Veneto,NEET,Giovani Neet di 15-34 anni (non occupati e non in istruzione),Y18-29,18-29 anni,2024,63.727,,
A,Annuale,ITD3,Veneto,NEET,Giovani Neet di 15-34 anni (non occupati e non in istruzione),Y18-29,18-29 anni,2025,59.109,,
A,Annuale,ITD3,Veneto,NEET,Giovani Neet di 15-34 anni (non occupati e non in istruzione),Y15-29,15-29 anni,2018,103.538,,
A,Annuale,ITD3,Veneto,NEET,Giovani Neet di 15-34 anni (non occupati e non in istruzione),Y15-29,15-29 anni,2019,87.417,,
A,Annuale,ITD3,Veneto,NEET,Giovani Neet di 15-34 anni (non occupati e non in istruzione),Y15-29,15-29 anni,2020,104.429,,
A,Annuale,ITD3,Veneto,NEET,Giovani Neet di 15-34 anni (non occupati e non in istruzione),Y15-29,15-29 anni,2021,98.606,,
A,Annuale,ITD3,Veneto,NEET,Giovani Neet di 15-34 anni (non occupati e non in istruzione),Y15-29,15-29 anni,2022,93.972,,
A,Annuale,ITD3,Veneto,NEET,Giovani Neet di 15-34 anni (non occupati e non in istruzione),Y15-29,15-29 anni,2023,75.28,,
A,Annuale,ITD3,Veneto,NEET,Giovani Neet di 15-34 anni (non occupati e non in istruzione),Y15-29,15-29 anni,2024,64.777,,
A,Annuale,ITD3,Veneto,NEET,Giovani Neet di 15-34 anni (non occupati e non in istruzione),Y15-29,15-29 anni,2025,60.302,,
A,Annuale,ITD3,Veneto,NEET,Giovani Neet di 15-34 anni (non occupati e non in istruzione),Y15-34,15-34 anni,2018,152.579,,
A,Annuale,ITD3,Veneto,NEET,Giovani Neet di 15-34 anni (non occupati e non in istruzione),Y15-34,15-34 anni,2019,135.762,,
A,Annuale,ITD3,Veneto,NEET,Giovani Neet di 15-34 anni (non occupati e non in istruzione),Y15-34,15-34 anni,2020,157.071,,
A,Annuale,ITD3,Veneto,NEET,Giovani Neet di 15-34 anni (non occupati e non in istruzione),Y15-34,15-34 anni,2021,145.628,,
A,Annuale,ITD3,Veneto,NEET,Giovani Neet di 15-34 anni (non occupati e non in istruzione),Y15-34,15-34 anni,2022,134.94,,
A,Annuale,ITD3,Veneto,NEET,Giovani Neet di 15-34 anni (non occupati e non in istruzione),Y15-34,15-34 anni,2023,109.859,,
A,Annuale,ITD3,Veneto,NEET,Giovani Neet di 15-34 anni (non occupati e non in istruzione),Y15-34,15-34 anni,2024,98.187,,
A,Annuale,ITD3,Veneto,NEET,Giovani Neet di 15-34 anni (non occupati e non in istruzione),Y15-34,15-34 anni,2025,92.704,,
A,Annuale,ITD4,Friuli-Venezia Giulia,NEET,Giovani Neet di 15-34 anni (non occupati e non in istruzione),Y15-24,15-24 anni,2018,12.129,,
A,Annuale,ITD4,Friuli-Venezia Giulia,NEET,Giovani Neet di 15-34 anni (non occupati e non in istruzione),Y15-24,15-24 anni,2019,12.569,,
A,Annuale,ITD4,Friuli-Venezia Giulia,NEET,Giovani Neet di 15-34 anni (non occupati e non in istruzione),Y15-24,15-24 anni,2020,11.364,,
A,Annuale,ITD4,Friuli-Venezia Giulia,NEET,Giovani Neet di 15-34 anni (non occupati e non in istruzione),Y15-24,15-24 anni,2021,16.164,,
A,Annuale,ITD4,Friuli-Venezia Giulia,NEET,Giovani Neet di 15-34 anni (non occupati e non in istruzione),Y15-24,15-24 anni,2022,13.096,,
A,Annuale,ITD4,Friuli-Venezia Giulia,NEET,Giovani Neet di 15-34 anni (non occupati e non in istruzione),Y15-24,15-24 anni,2023,8.799,,
A,Annuale,ITD4,Friuli-Venezia Giulia,NEET,Giovani Neet di 15-34 anni (non occupati e non in istruzione),Y15-24,15-24 anni,2024,8.81,,
A,Annuale,ITD4,Friuli-Venezia Giulia,NEET,Giovani Neet di 15-34 anni (non occupati e non in istruzione),Y15-24,15-24 anni,2025,7.235,,
A,Annuale,ITD4,Friuli-Venezia Giulia,NEET,Giovani Neet di 15-34 anni (non occupati e non in istruzione),Y18-29,18-29 anni,2018,22.012,,
A,Annuale,ITD4,Friuli-Venezia Giulia,NEET,Giovani Neet di 15-34 anni (non occupati e non in istruzione),Y18-29,18-29 anni,2019,20.634,,
A,Annuale,ITD4,Friuli-Venezia Giulia,NEET,Giovani Neet di 15-34 anni (non occupati e non in istruzione),Y18-29,18-29 anni,2020,20.791,,
A,Annuale,ITD4,Friuli-Venezia Giulia,NEET,Giovani Neet di 15-34 anni (non occupati e non in istruzione),Y18-29,18-29 anni,2021,23.608,,
A,Annuale,ITD4,Friuli-Venezia Giulia,NEET,Giovani Neet di 15-34 anni (non occupati e non in istruzione),Y18-29,18-29 anni,2022,20.298,,
A,Annuale,ITD4,Friuli-Venezia Giulia,NEET,Giovani Neet di 15-34 anni (non occupati e non in istruzione),Y18-29,18-29 anni,2023,17.591,,
A,Annuale,ITD4,Friuli-Venezia Giulia,NEET,Giovani Neet di 15-34 anni (non occupati e non in istruzione),Y18-29,18-29 anni,2024,16.598,,
A,Annuale,ITD4,Friuli-Venezia Giulia,NEET,Giovani Neet di 15-34 anni (non occupati e non in istruzione),Y18-29,18-29 anni,2025,13.331,,
A,Annuale,ITD4,Friuli-Venezia Giulia,NEET,Giovani Neet di 15-34 anni (non occupati e non in istruzione),Y15-29,15-29 anni,2018,22.839,,
A,Annuale,ITD4,Friuli-Venezia Giulia,NEET,Giovani Neet di 15-34 anni (non occupati e non in istruzione),Y15-29,15-29 anni,2019,21.877,,
A,Annuale,ITD4,Friuli-Venezia Giulia,NEET,Giovani Neet di 15-34 anni (non occupati e non in istruzione),Y15-29,15-29 anni,2020,21.903,,
A,Annuale,ITD4,Friuli-Venezia Giulia,NEET,Giovani Neet di 15-34 anni (non occupati e non in istruzione),Y15-29,15-29 anni,2021,26.104,,
A,Annuale,ITD4,Friuli-Venezia Giulia,NEET,Giovani Neet di 15-34 anni (non occupati e non in istruzione),Y15-29,15-29 anni,2022,22.102,,
A,Annuale,ITD4,Friuli-Venezia Giulia,NEET,Giovani Neet di 15-34 anni (non occupati e non in istruzione),Y15-29,15-29 anni,2023,18.008,,
A,Annuale,ITD4,Friuli-Venezia Giulia,NEET,Giovani Neet di 15-34 anni (non occupati e non in istruzione),Y15-29,15-29 anni,2024,17.537,,
A,Annuale,ITD4,Friuli-Venezia Giulia,NEET,Giovani Neet di 15-34 anni (non occupati e non in istruzione),Y15-29,15-29 anni,2025,14.162,,
A,Annuale,ITD4,Friuli-Venezia Giulia,NEET,Giovani Neet di 15-34 anni (non occupati e non in istruzione),Y15-34,15-34 anni,2018,34.257,,
A,Annuale,ITD4,Friuli-Venezia Giulia,NEET,Giovani Neet di 15-34 anni (non occupati e non in istruzione),Y15-34,15-34 anni,2019,32.274,,
A,Annuale,ITD4,Friuli-Venezia Giulia,NEET,Giovani Neet di 15-34 anni (non occupati e non in istruzione),Y15-34,15-34 anni,2020,34.253,,
A,Annuale,ITD4,Friuli-Venezia Giulia,NEET,Giovani Neet di 15-34 anni (non occupati e non in istruzione),Y15-34,15-34 anni,2021,34.661,,
A,Annuale,ITD4,Friuli-Venezia Giulia,NEET,Giovani Neet di 15-34 anni (non occupati e non in istruzione),Y15-34,15-34 anni,2022,31.09,,
A,Annuale,ITD4,Friuli-Venezia Giulia,NEET,Giovani Neet di 15-34 anni (non occupati e non in istruzione),Y15-34,15-34 anni,2023,27.011,,
A,Annuale,ITD4,Friuli-Venezia Giulia,NEET,Giovani Neet di 15-34 anni (non occupati e non in istruzione),Y15-34,15-34 anni,2024,26.789,,
A,Annuale,ITD4,Friuli-Venezia Giulia,NEET,Giovani Neet di 15-34 anni (non occupati e non in istruzione),Y15-34,15-34 anni,2025,23.313,,
A,Annuale,ITD5,Emilia-Romagna,NEET,Giovani Neet di 15-34 anni (non occupati e non in istruzione),Y15-24,15-24 anni,2018,47.14,,
A,Annuale,ITD5,Emilia-Romagna,NEET,Giovani Neet di 15-34 anni (non occupati e non in istruzione),Y15-24,15-24 anni,2019,46.686,,
A,Annuale,ITD5,Emilia-Romagna,NEET,Giovani Neet di 15-34 anni (non occupati e non in istruzione),Y15-24,15-24 anni,2020,52.017,,
A,Annuale,ITD5,Emilia-Romagna,NEET,Giovani Neet di 15-34 anni (non occupati e non in istruzione),Y15-24,15-24 anni,2021,54.459,,
A,Annuale,ITD5,Emilia-Romagna,NEET,Giovani Neet di 15-34 anni (non occupati e non in istruzione),Y15-24,15-24 anni,2022,43.284,,
A,Annuale,ITD5,Emilia-Romagna,NEET,Giovani Neet di 15-34 anni (non occupati e non in istruzione),Y15-24,15-24 anni,2023,37.119,,
A,Annuale,ITD5,Emilia-Romagna,NEET,Giovani Neet di 15-34 anni (non occupati e non in istruzione),Y15-24,15-24 anni,2024,30.763,,
A,Annuale,ITD5,Emilia-Romagna,NEET,Giovani Neet di 15-34 anni (non occupati e non in istruzione),Y15-24,15-24 anni,2025,27.47,,
A,Annuale,ITD5,Emilia-Romagna,NEET,Giovani Neet di 15-34 anni (non occupati e non in istruzione),Y18-29,18-29 anni,2018,86.811,,
A,Annuale,ITD5,Emilia-Romagna,NEET,Giovani Neet di 15-34 anni (non occupati e non in istruzione),Y18-29,18-29 anni,2019,81.587,,
A,Annuale,ITD5,Emilia-Romagna,NEET,Giovani Neet di 15-34 anni (non occupati e non in istruzione),Y18-29,18-29 anni,2020,94.083,,
A,Annuale,ITD5,Emilia-Romagna,NEET,Giovani Neet di 15-34 anni (non occupati e non in istruzione),Y18-29,18-29 anni,2021,86.897,,
A,Annuale,ITD5,Emilia-Romagna,NEET,Giovani Neet di 15-34 anni (non occupati e non in istruzione),Y18-29,18-29 anni,2022,72.248,,
A,Annuale,ITD5,Emilia-Romagna,NEET,Giovani Neet di 15-34 anni (non occupati e non in istruzione),Y18-29,18-29 anni,2023,67.704,,
A,Annuale,ITD5,Emilia-Romagna,NEET,Giovani Neet di 15-34 anni (non occupati e non in istruzione),Y18-29,18-29 anni,2024,59.217,,
A,Annuale,ITD5,Emilia-Romagna,NEET,Giovani Neet di 15-34 anni (non occupati e non in istruzione),Y18-29,18-29 anni,2025,52.336,,
A,Annuale,ITD5,Emilia-Romagna,NEET,Giovani Neet di 15-34 anni (non occupati e non in istruzione),Y15-29,15-29 anni,2018,91.519,,
A,Annuale,ITD5,Emilia-Romagna,NEET,Giovani Neet di 15-34 anni (non occupati e non in istruzione),Y15-29,15-29 anni,2019,85.083,,
A,Annuale,ITD5,Emilia-Romagna,NEET,Giovani Neet di 15-34 anni (non occupati e non in istruzione),Y15-29,15-29 anni,2020,97.731,,
A,Annuale,ITD5,Emilia-Romagna,NEET,Giovani Neet di 15-34 anni (non occupati e non in istruzione),Y15-29,15-29 anni,2021,93.228,,
A,Annuale,ITD5,Emilia-Romagna,NEET,Giovani Neet di 15-34 anni (non occupati e non in istruzione),Y15-29,15-29 anni,2022,76.041,,
A,Annuale,ITD5,Emilia-Romagna,NEET,Giovani Neet di 15-34 anni (non occupati e non in istruzione),Y15-29,15-29 anni,2023,69.074,,
A,Annuale,ITD5,Emilia-Romagna,NEET,Giovani Neet di 15-34 anni (non occupati e non in istruzione),Y15-29,15-29 anni,2024,60.848,,
A,Annuale,ITD5,Emilia-Romagna,NEET,Giovani Neet di 15-34 anni (non occupati e non in istruzione),Y15-29,15-29 anni,2025,53.13,,
A,Annuale,ITD5,Emilia-Romagna,NEET,Giovani Neet di 15-34 anni (non occupati e non in istruzione),Y15-34,15-34 anni,2018,130.146,,
A,Annuale,ITD5,Emilia-Romagna,NEET,Giovani Neet di 15-34 anni (non occupati e non in istruzione),Y15-34,15-34 anni,2019,126.45,,
A,Annuale,ITD5,Emilia-Romagna,NEET,Giovani Neet di 15-34 anni (non occupati e non in istruzione),Y15-34,15-34 anni,2020,143.443,,
A,Annuale,ITD5,Emilia-Romagna,NEET,Giovani Neet di 15-34 anni (non occupati e non in istruzione),Y15-34,15-34 anni,2021,131.372,,
A,Annuale,ITD5,Emilia-Romagna,NEET,Giovani Neet di 15-34 anni (non occupati e non in istruzione),Y15-34,15-34 anni,2022,113.815,,
A,Annuale,ITD5,Emilia-Romagna,NEET,Giovani Neet di 15-34 anni (non occupati e non in istruzione),Y15-34,15-34 anni,2023,100.64,,
A,Annuale,ITD5,Emilia-Romagna,NEET,Giovani Neet di 15-34 anni (non occupati e non in istruzione),Y15-34,15-34 anni,2024,93.903,,
A,Annuale,ITD5,Emilia-Romagna,NEET,Giovani Neet di 15-34 anni (non occupati e non in istruzione),Y15-34,15-34 anni,2025,85.159,,
A,Annuale,ITE,Centro,NEET,Giovani Neet di 15-34 anni (non occupati e non in istruzione),Y15-24,15-24 anni,2018,163.597,,
A,Annuale,ITE,Centro,NEET,Giovani Neet di 15-34 anni (non occupati e non in istruzione),Y15-24,15-24 anni,2019,158.434,,
A,Annuale,ITE,Centro,NEET,Giovani Neet di 15-34 anni (non occupati e non in istruzione),Y15-24,15-24 anni,2020,175.93,,
A,Annuale,ITE,Centro,NEET,Giovani Neet di 15-34 anni (non occupati e non in istruzione),Y15-24,15-24 anni,2021,179.873,,
A,Annuale,ITE,Centro,NEET,Giovani Neet di 15-34 anni (non occupati e non in istruzione),Y15-24,15-24 anni,2022,141.419,,
A,Annuale,ITE,Centro,NEET,Giovani Neet di 15-34 anni (non occupati e non in istruzione),Y15-24,15-24 anni,2023,101.934,,
A,Annuale,ITE,Centro,NEET,Giovani Neet di 15-34 anni (non occupati e non in istruzione),Y15-24,15-24 anni,2024,107.411,,
A,Annuale,ITE,Centro,NEET,Giovani Neet di 15-34 anni (non occupati e non in istruzione),Y15-24,15-24 anni,2025,97.7,,
A,Annuale,ITE,Centro,NEET,Giovani Neet di 15-34 anni (non occupati e non in istruzione),Y18-29,18-29 anni,2018,307.476,,
A,Annuale,ITE,Centro,NEET,Giovani Neet di 15-34 anni (non occupati e non in istruzione),Y18-29,18-29 anni,2019,281.948,,
A,Annuale,ITE,Centro,NEET,Giovani Neet di 15-34 anni (non occupati e non in istruzione),Y18-29,18-29 anni,2020,323.808,,
A,Annuale,ITE,Centro,NEET,Giovani Neet di 15-34 anni (non occupati e non in istruzione),Y18-29,18-29 anni,2021,302.7,,
A,Annuale,ITE,Centro,NEET,Giovani Neet di 15-34 anni (non occupati e non in istruzione),Y18-29,18-29 anni,2022,235.906,,
A,Annuale,ITE,Centro,NEET,Giovani Neet di 15-34 anni (non occupati e non in istruzione),Y18-29,18-29 anni,2023,198.666,,
A,Annuale,ITE,Centro,NEET,Giovani Neet di 15-34 anni (non occupati e non in istruzione),Y18-29,18-29 anni,2024,210.398,,
A,Annuale,ITE,Centro,NEET,Giovani Neet di 15-34 anni (non occupati e non in istruzione),Y18-29,18-29 anni,2025,192.805,,
A,Annuale,ITE,Centro,NEET,Giovani Neet di 15-34 anni (non occupati e non in istruzione),Y15-29,15-29 anni,2018,322.127,,
A,Annuale,ITE,Centro,NEET,Giovani Neet di 15-34 anni (non occupati e non in istruzione),Y15-29,15-29 anni,2019,297.512,,
A,Annuale,ITE,Centro,NEET,Giovani Neet di 15-34 anni (non occupati e non in istruzione),Y15-29,15-29 anni,2020,333.881,,
A,Annuale,ITE,Centro,NEET,Giovani Neet di 15-34 anni (non occupati e non in istruzione),Y15-29,15-29 anni,2021,322.885,,
A,Annuale,ITE,Centro,NEET,Giovani Neet di 15-34 anni (non occupati e non in istruzione),Y15-29,15-29 anni,2022,254.317,,
A,Annuale,ITE,Centro,NEET,Giovani Neet di 15-34 anni (non occupati e non in istruzione),Y15-29,15-29 anni,2023,203.037,,
A,Annuale,ITE,Centro,NEET,Giovani Neet di 15-34 anni (non occupati e non in istruzione),Y15-29,15-29 anni,2024,215.939,,
A,Annuale,ITE,Centro,NEET,Giovani Neet di 15-34 anni (non occupati e non in istruzione),Y15-29,15-29 anni,2025,198.628,,
A,Annuale,ITE,Centro,NEET,Giovani Neet di 15-34 anni (non occupati e non in istruzione),Y15-34,15-34 anni,2018,465.327,,
A,Annuale,ITE,Centro,NEET,Giovani Neet di 15-34 anni (non occupati e non in istruzione),Y15-34,15-34 anni,2019,444.928,,
A,Annuale,ITE,Centro,NEET,Giovani Neet di 15-34 anni (non occupati e non in istruzione),Y15-34,15-34 anni,2020,487.303,,
A,Annuale,ITE,Centro,NEET,Giovani Neet di 15-34 anni (non occupati e non in istruzione),Y15-34,15-34 anni,2021,470.196,,
A,Annuale,ITE,Centro,NEET,Giovani Neet di 15-34 anni (non occupati e non in istruzione),Y15-34,15-34 anni,2022,375.083,,
A,Annuale,ITE,Centro,NEET,Giovani Neet di 15-34 anni (non occupati e non in istruzione),Y15-34,15-34 anni,2023,308.127,,
A,Annuale,ITE,Centro,NEET,Giovani Neet di 15-34 anni (non occupati e non in istruzione),Y15-34,15-34 anni,2024,323.29,,
A,Annuale,ITE,Centro,NEET,Giovani Neet di 15-34 anni (non occupati e non in istruzione),Y15-34,15-34 anni,2025,304.208,,
A,Annuale,ITE1,Toscana,NEET,Giovani Neet di 15-34 anni (non occupati e non in istruzione),Y15-24,15-24 anni,2018,37.743,,
A,Annuale,ITE1,Toscana,NEET,Giovani Neet di 15-34 anni (non occupati e non in istruzione),Y15-24,15-24 anni,2019,41.267,,
A,Annuale,ITE1,Toscana,NEET,Giovani Neet di 15-34 anni (non occupati e non in istruzione),Y15-24,15-24 anni,2020,50.237,,
A,Annuale,ITE1,Toscana,NEET,Giovani Neet di 15-34 anni (non occupati e non in istruzione),Y15-24,15-24 anni,2021,54.142,,
A,Annuale,ITE1,Toscana,NEET,Giovani Neet di 15-34 anni (non occupati e non in istruzione),Y15-24,15-24 anni,2022,42.283,,
A,Annuale,ITE1,Toscana,NEET,Giovani Neet di 15-34 anni (non occupati e non in istruzione),Y15-24,15-24 anni,2023,27.922,,
A,Annuale,ITE1,Toscana,NEET,Giovani Neet di 15-34 anni (non occupati e non in istruzione),Y15-24,15-24 anni,2024,29.609,,
A,Annuale,ITE1,Toscana,NEET,Giovani Neet di 15-34 anni (non occupati e non in istruzione),Y15-24,15-24 anni,2025,28.052,,
A,Annuale,ITE1,Toscana,NEET,Giovani Neet di 15-34 anni (non occupati e non in istruzione),Y18-29,18-29 anni,2018,76.614,,
A,Annuale,ITE1,Toscana,NEET,Giovani Neet di 15-34 anni (non occupati e non in istruzione),Y18-29,18-29 anni,2019,73.974,,
A,Annuale,ITE1,Toscana,NEET,Giovani Neet di 15-34 anni (non occupati e non in istruzione),Y18-29,18-29 anni,2020,83.804,,
A,Annuale,ITE1,Toscana,NEET,Giovani Neet di 15-34 anni (non occupati e non in istruzione),Y18-29,18-29 anni,2021,80.18,,
A,Annuale,ITE1,Toscana,NEET,Giovani Neet di 15-34 anni (non occupati e non in istruzione),Y18-29,18-29 anni,2022,61.408,,
A,Annuale,ITE1,Toscana,NEET,Giovani Neet di 15-34 anni (non occupati e non in istruzione),Y18-29,18-29 anni,2023,54.433,,
A,Annuale,ITE1,Toscana,NEET,Giovani Neet di 15-34 anni (non occupati e non in istruzione),Y18-29,18-29 anni,2024,54.543,,
A,Annuale,ITE1,Toscana,NEET,Giovani Neet di 15-34 anni (non occupati e non in istruzione),Y18-29,18-29 anni,2025,50.408,,
A,Annuale,ITE1,Toscana,NEET,Giovani Neet di 15-34 anni (non occupati e non in istruzione),Y15-29,15-29 anni,2018,79.235,,
A,Annuale,ITE1,Toscana,NEET,Giovani Neet di 15-34 anni (non occupati e non in istruzione),Y15-29,15-29 anni,2019,77.595,,
A,Annuale,ITE1,Toscana,NEET,Giovani Neet di 15-34 anni (non occupati e non in istruzione),Y15-29,15-29 anni,2020,86.727,,
A,Annuale,ITE1,Toscana,NEET,Giovani Neet di 15-34 anni (non occupati e non in istruzione),Y15-29,15-29 anni,2021,89.182,,
A,Annuale,ITE1,Toscana,NEET,Giovani Neet di 15-34 anni (non occupati e non in istruzione),Y15-29,15-29 anni,2022,69.555,,
A,Annuale,ITE1,Toscana,NEET,Giovani Neet di 15-34 anni (non occupati e non in istruzione),Y15-29,15-29 anni,2023,55.739,,
A,Annuale,ITE1,Toscana,NEET,Giovani Neet di 15-34 anni (non occupati e non in istruzione),Y15-29,15-29 anni,2024,56.406,,
A,Annuale,ITE1,Toscana,NEET,Giovani Neet di 15-34 anni (non occupati e non in istruzione),Y15-29,15-29 anni,2025,52.215,,
A,Annuale,ITE1,Toscana,NEET,Giovani Neet di 15-34 anni (non occupati e non in istruzione),Y15-34,15-34 anni,2018,115.052,,
A,Annuale,ITE1,Toscana,NEET,Giovani Neet di 15-34 anni (non occupati e non in istruzione),Y15-34,15-34 anni,2019,115.519,,
A,Annuale,ITE1,Toscana,NEET,Giovani Neet di 15-34 anni (non occupati e non in istruzione),Y15-34,15-34 anni,2020,124.304,,
A,Annuale,ITE1,Toscana,NEET,Giovani Neet di 15-34 anni (non occupati e non in istruzione),Y15-34,15-34 anni,2021,124.591,,
A,Annuale,ITE1,Toscana,NEET,Giovani Neet di 15-34 anni (non occupati e non in istruzione),Y15-34,15-34 anni,2022,98.122,,
A,Annuale,ITE1,Toscana,NEET,Giovani Neet di 15-34 anni (non occupati e non in istruzione),Y15-34,15-34 anni,2023,82.768,,
A,Annuale,ITE1,Toscana,NEET,Giovani Neet di 15-34 anni (non occupati e non in istruzione),Y15-34,15-34 anni,2024,83.821,,
A,Annuale,ITE1,Toscana,NEET,Giovani Neet di 15-34 anni (non occupati e non in istruzione),Y15-34,15-34 anni,2025,77.097,,
A,Annuale,ITE2,Umbria,NEET,Giovani Neet di 15-34 anni (non occupati e non in istruzione),Y15-24,15-24 anni,2018,11.995,,
A,Annuale,ITE2,Umbria,NEET,Giovani Neet di 15-34 anni (non occupati e non in istruzione),Y15-24,15-24 anni,2019,9.864,,
A,Annuale,ITE2,Umbria,NEET,Giovani Neet di 15-34 anni (non occupati e non in istruzione),Y15-24,15-24 anni,2020,11.741,,
A,Annuale,ITE2,Umbria,NEET,Giovani Neet di 15-34 anni (non occupati e non in istruzione),Y15-24,15-24 anni,2021,13.02,,
A,Annuale,ITE2,Umbria,NEET,Giovani Neet di 15-34 anni (non occupati e non in istruzione),Y15-24,15-24 anni,2022,9.032,,
A,Annuale,ITE2,Umbria,NEET,Giovani Neet di 15-34 anni (non occupati e non in istruzione),Y15-24,15-24 anni,2023,6.085,,
A,Annuale,ITE2,Umbria,NEET,Giovani Neet di 15-34 anni (non occupati e non in istruzione),Y15-24,15-24 anni,2024,6.005,,
A,Annuale,ITE2,Umbria,NEET,Giovani Neet di 15-34 anni (non occupati e non in istruzione),Y15-24,15-24 anni,2025,4.754,,
A,Annuale,ITE2,Umbria,NEET,Giovani Neet di 15-34 anni (non occupati e non in istruzione),Y18-29,18-29 anni,2018,21.608,,
A,Annuale,ITE2,Umbria,NEET,Giovani Neet di 15-34 anni (non occupati e non in istruzione),Y18-29,18-29 anni,2019,17.111,,
A,Annuale,ITE2,Umbria,NEET,Giovani Neet di 15-34 anni (non occupati e non in istruzione),Y18-29,18-29 anni,2020,21.995,,
A,Annuale,ITE2,Umbria,NEET,Giovani Neet di 15-34 anni (non occupati e non in istruzione),Y18-29,18-29 anni,2021,21.288,,
A,Annuale,ITE2,Umbria,NEET,Giovani Neet di 15-34 anni (non occupati e non in istruzione),Y18-29,18-29 anni,2022,16.218,,
A,Annuale,ITE2,Umbria,NEET,Giovani Neet di 15-34 anni (non occupati e non in istruzione),Y18-29,18-29 anni,2023,12.183,,
A,Annuale,ITE2,Umbria,NEET,Giovani Neet di 15-34 anni (non occupati e non in istruzione),Y18-29,18-29 anni,2024,11.751,,
A,Annuale,ITE2,Umbria,NEET,Giovani Neet di 15-34 anni (non occupati e non in istruzione),Y18-29,18-29 anni,2025,9.795,,
A,Annuale,ITE2,Umbria,NEET,Giovani Neet di 15-34 anni (non occupati e non in istruzione),Y15-29,15-29 anni,2018,22.624,,
A,Annuale,ITE2,Umbria,NEET,Giovani Neet di 15-34 anni (non occupati e non in istruzione),Y15-29,15-29 anni,2019,17.916,,
A,Annuale,ITE2,Umbria,NEET,Giovani Neet di 15-34 anni (non occupati e non in istruzione),Y15-29,15-29 anni,2020,22.753,,
A,Annuale,ITE2,Umbria,NEET,Giovani Neet di 15-34 anni (non occupati e non in istruzione),Y15-29,15-29 anni,2021,22.782,,
A,Annuale,ITE2,Umbria,NEET,Giovani Neet di 15-34 anni (non occupati e non in istruzione),Y15-29,15-29 anni,2022,17.179,,
A,Annuale,ITE2,Umbria,NEET,Giovani Neet di 15-34 anni (non occupati e non in istruzione),Y15-29,15-29 anni,2023,12.46,,
A,Annuale,ITE2,Umbria,NEET,Giovani Neet di 15-34 anni (non occupati e non in istruzione),Y15-29,15-29 anni,2024,12.045,,
A,Annuale,ITE2,Umbria,NEET,Giovani Neet di 15-34 anni (non occupati e non in istruzione),Y15-29,15-29 anni,2025,10.068,,
A,Annuale,ITE2,Umbria,NEET,Giovani Neet di 15-34 anni (non occupati e non in istruzione),Y15-34,15-34 anni,2018,32.594,,
A,Annuale,ITE2,Umbria,NEET,Giovani Neet di 15-34 anni (non occupati e non in istruzione),Y15-34,15-34 anni,2019,27.084,,
A,Annuale,ITE2,Umbria,NEET,Giovani Neet di 15-34 anni (non occupati e non in istruzione),Y15-34,15-34 anni,2020,34.339,,
A,Annuale,ITE2,Umbria,NEET,Giovani Neet di 15-34 anni (non occupati e non in istruzione),Y15-34,15-34 anni,2021,31.514,,
A,Annuale,ITE2,Umbria,NEET,Giovani Neet di 15-34 anni (non occupati e non in istruzione),Y15-34,15-34 anni,2022,27.586,,
A,Annuale,ITE2,Umbria,NEET,Giovani Neet di 15-34 anni (non occupati e non in istruzione),Y15-34,15-34 anni,2023,19.95,,
A,Annuale,ITE2,Umbria,NEET,Giovani Neet di 15-34 anni (non occupati e non in istruzione),Y15-34,15-34 anni,2024,18.545,,
A,Annuale,ITE2,Umbria,NEET,Giovani Neet di 15-34 anni (non occupati e non in istruzione),Y15-34,15-34 anni,2025,16.318,,
A,Annuale,ITE3,Marche,NEET,Giovani Neet di 15-34 anni (non occupati e non in istruzione),Y15-24,15-24 anni,2018,18.712,,
A,Annuale,ITE3,Marche,NEET,Giovani Neet di 15-34 anni (non occupati e non in istruzione),Y15-24,15-24 anni,2019,15.948,,
A,Annuale,ITE3,Marche,NEET,Giovani Neet di 15-34 anni (non occupati e non in istruzione),Y15-24,15-24 anni,2020,19.71,,
A,Annuale,ITE3,Marche,NEET,Giovani Neet di 15-34 anni (non occupati e non in istruzione),Y15-24,15-24 anni,2021,17.803,,
A,Annuale,ITE3,Marche,NEET,Giovani Neet di 15-34 anni (non occupati e non in istruzione),Y15-24,15-24 anni,2022,16.08,,
A,Annuale,ITE3,Marche,NEET,Giovani Neet di 15-34 anni (non occupati e non in istruzione),Y15-24,15-24 anni,2023,10.9,,
A,Annuale,ITE3,Marche,NEET,Giovani Neet di 15-34 anni (non occupati e non in istruzione),Y15-24,15-24 anni,2024,11.59,,
A,Annuale,ITE3,Marche,NEET,Giovani Neet di 15-34 anni (non occupati e non in istruzione),Y15-24,15-24 anni,2025,12.81,,
A,Annuale,ITE3,Marche,NEET,Giovani Neet di 15-34 anni (non occupati e non in istruzione),Y18-29,18-29 anni,2018,33.664,,
A,Annuale,ITE3,Marche,NEET,Giovani Neet di 15-34 anni (non occupati e non in istruzione),Y18-29,18-29 anni,2019,30.693,,
A,Annuale,ITE3,Marche,NEET,Giovani Neet di 15-34 anni (non occupati e non in istruzione),Y18-29,18-29 anni,2020,36.643,,
A,Annuale,ITE3,Marche,NEET,Giovani Neet di 15-34 anni (non occupati e non in istruzione),Y18-29,18-29 anni,2021,31.687,,
A,Annuale,ITE3,Marche,NEET,Giovani Neet di 15-34 anni (non occupati e non in istruzione),Y18-29,18-29 anni,2022,26.144,,
A,Annuale,ITE3,Marche,NEET,Giovani Neet di 15-34 anni (non occupati e non in istruzione),Y18-29,18-29 anni,2023,22.192,,
A,Annuale,ITE3,Marche,NEET,Giovani Neet di 15-34 anni (non occupati e non in istruzione),Y18-29,18-29 anni,2024,22.013,,
A,Annuale,ITE3,Marche,NEET,Giovani Neet di 15-34 anni (non occupati e non in istruzione),Y18-29,18-29 anni,2025,23.025,,
A,Annuale,ITE3,Marche,NEET,Giovani Neet di 15-34 anni (non occupati e non in istruzione),Y15-29,15-29 anni,2018,35.788,,
A,Annuale,ITE3,Marche,NEET,Giovani Neet di 15-34 anni (non occupati e non in istruzione),Y15-29,15-29 anni,2019,32.753,,
A,Annuale,ITE3,Marche,NEET,Giovani Neet di 15-34 anni (non occupati e non in istruzione),Y15-29,15-29 anni,2020,38.211,,
A,Annuale,ITE3,Marche,NEET,Giovani Neet di 15-34 anni (non occupati e non in istruzione),Y15-29,15-29 anni,2021,34.022,,
A,Annuale,ITE3,Marche,NEET,Giovani Neet di 15-34 anni (non occupati e non in istruzione),Y15-29,15-29 anni,2022,27.911,,
A,Annuale,ITE3,Marche,NEET,Giovani Neet di 15-34 anni (non occupati e non in istruzione),Y15-29,15-29 anni,2023,22.57,,
A,Annuale,ITE3,Marche,NEET,Giovani Neet di 15-34 anni (non occupati e non in istruzione),Y15-29,15-29 anni,2024,22.643,,
A,Annuale,ITE3,Marche,NEET,Giovani Neet di 15-34 anni (non occupati e non in istruzione),Y15-29,15-29 anni,2025,23.23,,
A,Annuale,ITE3,Marche,NEET,Giovani Neet di 15-34 anni (non occupati e non in istruzione),Y15-34,15-34 anni,2018,50.319,,
A,Annuale,ITE3,Marche,NEET,Giovani Neet di 15-34 anni (non occupati e non in istruzione),Y15-34,15-34 anni,2019,46.321,,
A,Annuale,ITE3,Marche,NEET,Giovani Neet di 15-34 anni (non occupati e non in istruzione),Y15-34,15-34 anni,2020,54.291,,
A,Annuale,ITE3,Marche,NEET,Giovani Neet di 15-34 anni (non occupati e non in istruzione),Y15-34,15-34 anni,2021,49.85,,
A,Annuale,ITE3,Marche,NEET,Giovani Neet di 15-34 anni (non occupati e non in istruzione),Y15-34,15-34 anni,2022,41.18,,
A,Annuale,ITE3,Marche,NEET,Giovani Neet di 15-34 anni (non occupati e non in istruzione),Y15-34,15-34 anni,2023,33.186,,
A,Annuale,ITE3,Marche,NEET,Giovani Neet di 15-34 anni (non occupati e non in istruzione),Y15-34,15-34 anni,2024,32.173,,
A,Annuale,ITE3,Marche,NEET,Giovani Neet di 15-34 anni (non occupati e non in istruzione),Y15-34,15-34 anni,2025,33.876,,
A,Annuale,ITE4,Lazio,NEET,Giovani Neet di 15-34 anni (non occupati e non in istruzione),Y15-24,15-24 anni,2018,95.147,,
A,Annuale,ITE4,Lazio,NEET,Giovani Neet di 15-34 anni (non occupati e non in istruzione),Y15-24,15-24 anni,2019,91.354,,
A,Annuale,ITE4,Lazio,NEET,Giovani Neet di 15-34 anni (non occupati e non in istruzione),Y15-24,15-24 anni,2020,94.241,,
A,Annuale,ITE4,Lazio,NEET,Giovani Neet di 15-34 anni (non occupati e non in istruzione),Y15-24,15-24 anni,2021,94.908,,
A,Annuale,ITE4,Lazio,NEET,Giovani Neet di 15-34 anni (non occupati e non in istruzione),Y15-24,15-24 anni,2022,74.024,,
A,Annuale,ITE4,Lazio,NEET,Giovani Neet di 15-34 anni (non occupati e non in istruzione),Y15-24,15-24 anni,2023,57.027,,
A,Annuale,ITE4,Lazio,NEET,Giovani Neet di 15-34 anni (non occupati e non in istruzione),Y15-24,15-24 anni,2024,60.206,,
A,Annuale,ITE4,Lazio,NEET,Giovani Neet di 15-34 anni (non occupati e non in istruzione),Y15-24,15-24 anni,2025,52.083,,
A,Annuale,ITE4,Lazio,NEET,Giovani Neet di 15-34 anni (non occupati e non in istruzione),Y18-29,18-29 anni,2018,175.59,,
A,Annuale,ITE4,Lazio,NEET,Giovani Neet di 15-34 anni (non occupati e non in istruzione),Y18-29,18-29 anni,2019,160.171,,
A,Annuale,ITE4,Lazio,NEET,Giovani Neet di 15-34 anni (non occupati e non in istruzione),Y18-29,18-29 anni,2020,181.366,,
A,Annuale,ITE4,Lazio,NEET,Giovani Neet di 15-34 anni (non occupati e non in istruzione),Y18-29,18-29 anni,2021,169.544,,
A,Annuale,ITE4,Lazio,NEET,Giovani Neet di 15-34 anni (non occupati e non in istruzione),Y18-29,18-29 anni,2022,132.136,,
A,Annuale,ITE4,Lazio,NEET,Giovani Neet di 15-34 anni (non occupati e non in istruzione),Y18-29,18-29 anni,2023,109.858,,
A,Annuale,ITE4,Lazio,NEET,Giovani Neet di 15-34 anni (non occupati e non in istruzione),Y18-29,18-29 anni,2024,122.092,,
A,Annuale,ITE4,Lazio,NEET,Giovani Neet di 15-34 anni (non occupati e non in istruzione),Y18-29,18-29 anni,2025,109.578,,
A,Annuale,ITE4,Lazio,NEET,Giovani Neet di 15-34 anni (non occupati e non in istruzione),Y15-29,15-29 anni,2018,184.48,,
A,Annuale,ITE4,Lazio,NEET,Giovani Neet di 15-34 anni (non occupati e non in istruzione),Y15-29,15-29 anni,2019,169.247,,
A,Annuale,ITE4,Lazio,NEET,Giovani Neet di 15-34 anni (non occupati e non in istruzione),Y15-29,15-29 anni,2020,186.19,,
A,Annuale,ITE4,Lazio,NEET,Giovani Neet di 15-34 anni (non occupati e non in istruzione),Y15-29,15-29 anni,2021,176.899,,
A,Annuale,ITE4,Lazio,NEET,Giovani Neet di 15-34 anni (non occupati e non in istruzione),Y15-29,15-29 anni,2022,139.671,,
A,Annuale,ITE4,Lazio,NEET,Giovani Neet di 15-34 anni (non occupati e non in istruzione),Y15-29,15-29 anni,2023,112.269,,
A,Annuale,ITE4,Lazio,NEET,Giovani Neet di 15-34 anni (non occupati e non in istruzione),Y15-29,15-29 anni,2024,124.845,,
A,Annuale,ITE4,Lazio,NEET,Giovani Neet di 15-34 anni (non occupati e non in istruzione),Y15-29,15-29 anni,2025,113.115,,
A,Annuale,ITE4,Lazio,NEET,Giovani Neet di 15-34 anni (non occupati e non in istruzione),Y15-34,15-34 anni,2018,267.362,,
A,Annuale,ITE4,Lazio,NEET,Giovani Neet di 15-34 anni (non occupati e non in istruzione),Y15-34,15-34 anni,2019,256.005,,
A,Annuale,ITE4,Lazio,NEET,Giovani Neet di 15-34 anni (non occupati e non in istruzione),Y15-34,15-34 anni,2020,274.37,,
A,Annuale,ITE4,Lazio,NEET,Giovani Neet di 15-34 anni (non occupati e non in istruzione),Y15-34,15-34 anni,2021,264.242,,
A,Annuale,ITE4,Lazio,NEET,Giovani Neet di 15-34 anni (non occupati e non in istruzione),Y15-34,15-34 anni,2022,208.194,,
A,Annuale,ITE4,Lazio,NEET,Giovani Neet di 15-34 anni (non occupati e non in istruzione),Y15-34,15-34 anni,2023,172.224,,
A,Annuale,ITE4,Lazio,NEET,Giovani Neet di 15-34 anni (non occupati e non in istruzione),Y15-34,15-34 anni,2024,188.75,,
A,Annuale,ITE4,Lazio,NEET,Giovani Neet di 15-34 anni (non occupati e non in istruzione),Y15-34,15-34 anni,2025,176.918,,
A,Annuale,ITFG,Mezzogiorno,NEET,Giovani Neet di 15-34 anni (non occupati e non in istruzione),Y15-24,15-24 anni,2018,596.996,,
A,Annuale,ITFG,Mezzogiorno,NEET,Giovani Neet di 15-34 anni (non occupati e non in istruzione),Y15-24,15-24 anni,2019,564.721,,
A,Annuale,ITFG,Mezzogiorno,NEET,Giovani Neet di 15-34 anni (non occupati e non in istruzione),Y15-24,15-24 anni,2020,558.826,,
A,Annuale,ITFG,Mezzogiorno,NEET,Giovani Neet di 15-34 anni (non occupati e non in istruzione),Y15-24,15-24 anni,2021,553.824,,
A,Annuale,ITFG,Mezzogiorno,NEET,Giovani Neet di 15-34 anni (non occupati e non in istruzione),Y15-24,15-24 anni,2022,464.604,,
A,Annuale,ITFG,Mezzogiorno,NEET,Giovani Neet di 15-34 anni (non occupati e non in istruzione),Y15-24,15-24 anni,2023,401.239,,
A,Annuale,ITFG,Mezzogiorno,NEET,Giovani Neet di 15-34 anni (non occupati e non in istruzione),Y15-24,15-24 anni,2024,368.907,,
A,Annuale,ITFG,Mezzogiorno,NEET,Giovani Neet di 15-34 anni (non occupati e non in istruzione),Y15-24,15-24 anni,2025,296.913,,
A,Annuale,ITFG,Mezzogiorno,NEET,Giovani Neet di 15-34 anni (non occupati e non in istruzione),Y18-29,18-29 anni,2018,1102.294,,
A,Annuale,ITFG,Mezzogiorno,NEET,Giovani Neet di 15-34 anni (non occupati e non in istruzione),Y18-29,18-29 anni,2019,1055.924,,
A,Annuale,ITFG,Mezzogiorno,NEET,Giovani Neet di 15-34 anni (non occupati e non in istruzione),Y18-29,18-29 anni,2020,1060.849,,
A,Annuale,ITFG,Mezzogiorno,NEET,Giovani Neet di 15-34 anni (non occupati e non in istruzione),Y18-29,18-29 anni,2021,981.225,,
A,Annuale,ITFG,Mezzogiorno,NEET,Giovani Neet di 15-34 anni (non occupati e non in istruzione),Y18-29,18-29 anni,2022,835.511,,
A,Annuale,ITFG,Mezzogiorno,NEET,Giovani Neet di 15-34 anni (non occupati e non in istruzione),Y18-29,18-29 anni,2023,754.212,,
A,Annuale,ITFG,Mezzogiorno,NEET,Giovani Neet di 15-34 anni (non occupati e non in istruzione),Y18-29,18-29 anni,2024,713.982,,
A,Annuale,ITFG,Mezzogiorno,NEET,Giovani Neet di 15-34 anni (non occupati e non in istruzione),Y18-29,18-29 anni,2025,616.1,,
A,Annuale,ITFG,Mezzogiorno,NEET,Giovani Neet di 15-34 anni (non occupati e non in istruzione),Y15-29,15-29 anni,2018,1151.676,,
A,Annuale,ITFG,Mezzogiorno,NEET,Giovani Neet di 15-34 anni (non occupati e non in istruzione),Y15-29,15-29 anni,2019,1105.372,,
A,Annuale,ITFG,Mezzogiorno,NEET,Giovani Neet di 15-34 anni (non occupati e non in istruzione),Y15-29,15-29 anni,2020,1098.66,,
A,Annuale,ITFG,Mezzogiorno,NEET,Giovani Neet di 15-34 anni (non occupati e non in istruzione),Y15-29,15-29 anni,2021,1043.27,,
A,Annuale,ITFG,Mezzogiorno,NEET,Giovani Neet di 15-34 anni (non occupati e non in istruzione),Y15-29,15-29 anni,2022,883.221,,
A,Annuale,ITFG,Mezzogiorno,NEET,Giovani Neet di 15-34 anni (non occupati e non in istruzione),Y15-29,15-29 anni,2023,773.593,,
A,Annuale,ITFG,Mezzogiorno,NEET,Giovani Neet di 15-34 anni (non occupati e non in istruzione),Y15-29,15-29 anni,2024,729.125,,
A,Annuale,ITFG,Mezzogiorno,NEET,Giovani Neet di 15-34 anni (non occupati e non in istruzione),Y15-29,15-29 anni,2025,625.823,,
A,Annuale,ITFG,Mezzogiorno,NEET,Giovani Neet di 15-34 anni (non occupati e non in istruzione),Y15-34,15-34 anni,2018,1690.144,,
A,Annuale,ITFG,Mezzogiorno,NEET,Giovani Neet di 15-34 anni (non occupati e non in istruzione),Y15-34,15-34 anni,2019,1628.079,,
A,Annuale,ITFG,Mezzogiorno,NEET,Giovani Neet di 15-34 anni (non occupati e non in istruzione),Y15-34,15-34 anni,2020,1645.474,,
A,Annuale,ITFG,Mezzogiorno,NEET,Giovani Neet di 15-34 anni (non occupati e non in istruzione),Y15-34,15-34 anni,2021,1546.273,,
A,Annuale,ITFG,Mezzogiorno,NEET,Giovani Neet di 15-34 anni (non occupati e non in istruzione),Y15-34,15-34 anni,2022,1347.447,,
A,Annuale,ITFG,Mezzogiorno,NEET,Giovani Neet di 15-34 anni (non occupati e non in istruzione),Y15-34,15-34 anni,2023,1209.644,,
A,Annuale,ITFG,Mezzogiorno,NEET,Giovani Neet di 15-34 anni (non occupati e non in istruzione),Y15-34,15-34 anni,2024,1156.039,,
A,Annuale,ITFG,Mezzogiorno,NEET,Giovani Neet di 15-34 anni (non occupati e non in istruzione),Y15-34,15-34 anni,2025,1017.271,,
A,Annuale,ITF1,Abruzzo,NEET,Giovani Neet di 15-34 anni (non occupati e non in istruzione),Y15-24,15-24 anni,2018,19.45,,
A,Annuale,ITF1,Abruzzo,NEET,Giovani Neet di 15-34 anni (non occupati e non in istruzione),Y15-24,15-24 anni,2019,19.76,,
A,Annuale,ITF1,Abruzzo,NEET,Giovani Neet di 15-34 anni (non occupati e non in istruzione),Y15-24,15-24 anni,2020,18.194,,
A,Annuale,ITF1,Abruzzo,NEET,Giovani Neet di 15-34 anni (non occupati e non in istruzione),Y15-24,15-24 anni,2021,20.169,,
A,Annuale,ITF1,Abruzzo,NEET,Giovani Neet di 15-34 anni (non occupati e non in istruzione),Y15-24,15-24 anni,2022,16.637,,
A,Annuale,ITF1,Abruzzo,NEET,Giovani Neet di 15-34 anni (non occupati e non in istruzione),Y15-24,15-24 anni,2023,11.47,,
A,Annuale,ITF1,Abruzzo,NEET,Giovani Neet di 15-34 anni (non occupati e non in istruzione),Y15-24,15-24 anni,2024,14.506,,
A,Annuale,ITF1,Abruzzo,NEET,Giovani Neet di 15-34 anni (non occupati e non in istruzione),Y15-24,15-24 anni,2025,13.101,,
A,Annuale,ITF1,Abruzzo,NEET,Giovani Neet di 15-34 anni (non occupati e non in istruzione),Y18-29,18-29 anni,2018,37.325,,
A,Annuale,ITF1,Abruzzo,NEET,Giovani Neet di 15-34 anni (non occupati e non in istruzione),Y18-29,18-29 anni,2019,40.414,,
A,Annuale,ITF1,Abruzzo,NEET,Giovani Neet di 15-34 anni (non occupati e non in istruzione),Y18-29,18-29 anni,2020,37.932,,
A,Annuale,ITF1,Abruzzo,NEET,Giovani Neet di 15-34 anni (non occupati e non in istruzione),Y18-29,18-29 anni,2021,37.007,,
A,Annuale,ITF1,Abruzzo,NEET,Giovani Neet di 15-34 anni (non occupati e non in istruzione),Y18-29,18-29 anni,2022,30.679,,
A,Annuale,ITF1,Abruzzo,NEET,Giovani Neet di 15-34 anni (non occupati e non in istruzione),Y18-29,18-29 anni,2023,27.023,,
A,Annuale,ITF1,Abruzzo,NEET,Giovani Neet di 15-34 anni (non occupati e non in istruzione),Y18-29,18-29 anni,2024,30.136,,
A,Annuale,ITF1,Abruzzo,NEET,Giovani Neet di 15-34 anni (non occupati e non in istruzione),Y18-29,18-29 anni,2025,24.376,,
A,Annuale,ITF1,Abruzzo,NEET,Giovani Neet di 15-34 anni (non occupati e non in istruzione),Y15-29,15-29 anni,2018,39.303,,
A,Annuale,ITF1,Abruzzo,NEET,Giovani Neet di 15-34 anni (non occupati e non in istruzione),Y15-29,15-29 anni,2019,42.885,,
A,Annuale,ITF1,Abruzzo,NEET,Giovani Neet di 15-34 anni (non occupati e non in istruzione),Y15-29,15-29 anni,2020,38.849,,
A,Annuale,ITF1,Abruzzo,NEET,Giovani Neet di 15-34 anni (non occupati e non in istruzione),Y15-29,15-29 anni,2021,38.879,,
A,Annuale,ITF1,Abruzzo,NEET,Giovani Neet di 15-34 anni (non occupati e non in istruzione),Y15-29,15-29 anni,2022,32.561,,
A,Annuale,ITF1,Abruzzo,NEET,Giovani Neet di 15-34 anni (non occupati e non in istruzione),Y15-29,15-29 anni,2023,27.545,,
A,Annuale,ITF1,Abruzzo,NEET,Giovani Neet di 15-34 anni (non occupati e non in istruzione),Y15-29,15-29 anni,2024,31.179,,
A,Annuale,ITF1,Abruzzo,NEET,Giovani Neet di 15-34 anni (non occupati e non in istruzione),Y15-29,15-29 anni,2025,25.386,,
A,Annuale,ITF1,Abruzzo,NEET,Giovani Neet di 15-34 anni (non occupati e non in istruzione),Y15-34,15-34 anni,2018,59.907,,
A,Annuale,ITF1,Abruzzo,NEET,Giovani Neet di 15-34 anni (non occupati e non in istruzione),Y15-34,15-34 anni,2019,62.092,,
A,Annuale,ITF1,Abruzzo,NEET,Giovani Neet di 15-34 anni (non occupati e non in istruzione),Y15-34,15-34 anni,2020,59.778,,
A,Annuale,ITF1,Abruzzo,NEET,Giovani Neet di 15-34 anni (non occupati e non in istruzione),Y15-34,15-34 anni,2021,55.96,,
A,Annuale,ITF1,Abruzzo,NEET,Giovani Neet di 15-34 anni (non occupati e non in istruzione),Y15-34,15-34 anni,2022,50.618,,
A,Annuale,ITF1,Abruzzo,NEET,Giovani Neet di 15-34 anni (non occupati e non in istruzione),Y15-34,15-34 anni,2023,43.01,,
A,Annuale,ITF1,Abruzzo,NEET,Giovani Neet di 15-34 anni (non occupati e non in istruzione),Y15-34,15-34 anni,2024,46.848,,
A,Annuale,ITF1,Abruzzo,NEET,Giovani Neet di 15-34 anni (non occupati e non in istruzione),Y15-34,15-34 anni,2025,39.226,,
A,Annuale,ITF2,Molise,NEET,Giovani Neet di 15-34 anni (non occupati e non in istruzione),Y15-24,15-24 anni,2018,5.784,,
A,Annuale,ITF2,Molise,NEET,Giovani Neet di 15-34 anni (non occupati e non in istruzione),Y15-24,15-24 anni,2019,5.748,,
A,Annuale,ITF2,Molise,NEET,Giovani Neet di 15-34 anni (non occupati e non in istruzione),Y15-24,15-24 anni,2020,6.943,,
A,Annuale,ITF2,Molise,NEET,Giovani Neet di 15-34 anni (non occupati e non in istruzione),Y15-24,15-24 anni,2021,5.645,,
A,Annuale,ITF2,Molise,NEET,Giovani Neet di 15-34 anni (non occupati e non in istruzione),Y15-24,15-24 anni,2022,4.342,,
A,Annuale,ITF2,Molise,NEET,Giovani Neet di 15-34 anni (non occupati e non in istruzione),Y15-24,15-24 anni,2023,3.603,,
A,Annuale,ITF2,Molise,NEET,Giovani Neet di 15-34 anni (non occupati e non in istruzione),Y15-24,15-24 anni,2024,3.811,,
A,Annuale,ITF2,Molise,NEET,Giovani Neet di 15-34 anni (non occupati e non in istruzione),Y15-24,15-24 anni,2025,2.249,,
A,Annuale,ITF2,Molise,NEET,Giovani Neet di 15-34 anni (non occupati e non in istruzione),Y18-29,18-29 anni,2018,11.906,,
A,Annuale,ITF2,Molise,NEET,Giovani Neet di 15-34 anni (non occupati e non in istruzione),Y18-29,18-29 anni,2019,10.977,,
A,Annuale,ITF2,Molise,NEET,Giovani Neet di 15-34 anni (non occupati e non in istruzione),Y18-29,18-29 anni,2020,11.642,,
A,Annuale,ITF2,Molise,NEET,Giovani Neet di 15-34 anni (non occupati e non in istruzione),Y18-29,18-29 anni,2021,11.491,,
A,Annuale,ITF2,Molise,NEET,Giovani Neet di 15-34 anni (non occupati e non in istruzione),Y18-29,18-29 anni,2022,8.669,,
A,Annuale,ITF2,Molise,NEET,Giovani Neet di 15-34 anni (non occupati e non in istruzione),Y18-29,18-29 anni,2023,7.244,,
A,Annuale,ITF2,Molise,NEET,Giovani Neet di 15-34 anni (non occupati e non in istruzione),Y18-29,18-29 anni,2024,7.726,,
A,Annuale,ITF2,Molise,NEET,Giovani Neet di 15-34 anni (non occupati e non in istruzione),Y18-29,18-29 anni,2025,5.469,,
A,Annuale,ITF2,Molise,NEET,Giovani Neet di 15-34 anni (non occupati e non in istruzione),Y15-29,15-29 anni,2018,11.963,,
A,Annuale,ITF2,Molise,NEET,Giovani Neet di 15-34 anni (non occupati e non in istruzione),Y15-29,15-29 anni,2019,11.14,,
A,Annuale,ITF2,Molise,NEET,Giovani Neet di 15-34 anni (non occupati e non in istruzione),Y15-29,15-29 anni,2020,12.595,,
A,Annuale,ITF2,Molise,NEET,Giovani Neet di 15-34 anni (non occupati e non in istruzione),Y15-29,15-29 anni,2021,12.006,,
A,Annuale,ITF2,Molise,NEET,Giovani Neet di 15-34 anni (non occupati e non in istruzione),Y15-29,15-29 anni,2022,8.838,,
A,Annuale,ITF2,Molise,NEET,Giovani Neet di 15-34 anni (non occupati e non in istruzione),Y15-29,15-29 anni,2023,7.539,,
A,Annuale,ITF2,Molise,NEET,Giovani Neet di 15-34 anni (non occupati e non in istruzione),Y15-29,15-29 anni,2024,7.931,,
A,Annuale,ITF2,Molise,NEET,Giovani Neet di 15-34 anni (non occupati e non in istruzione),Y15-29,15-29 anni,2025,5.469,,
A,Annuale,ITF2,Molise,NEET,Giovani Neet di 15-34 anni (non occupati e non in istruzione),Y15-34,15-34 anni,2018,18.051,,
A,Annuale,ITF2,Molise,NEET,Giovani Neet di 15-34 anni (non occupati e non in istruzione),Y15-34,15-34 anni,2019,17.452,,
A,Annuale,ITF2,Molise,NEET,Giovani Neet di 15-34 anni (non occupati e non in istruzione),Y15-34,15-34 anni,2020,19.026,,
A,Annuale,ITF2,Molise,NEET,Giovani Neet di 15-34 anni (non occupati e non in istruzione),Y15-34,15-34 anni,2021,17.194,,
A,Annuale,ITF2,Molise,NEET,Giovani Neet di 15-34 anni (non occupati e non in istruzione),Y15-34,15-34 anni,2022,13.093,,
A,Annuale,ITF2,Molise,NEET,Giovani Neet di 15-34 anni (non occupati e non in istruzione),Y15-34,15-34 anni,2023,11.439,,
A,Annuale,ITF2,Molise,NEET,Giovani Neet di 15-34 anni (non occupati e non in istruzione),Y15-34,15-34 anni,2024,10.955,,
A,Annuale,ITF2,Molise,NEET,Giovani Neet di 15-34 anni (non occupati e non in istruzione),Y15-34,15-34 anni,2025,9.167,,
A,Annuale,ITF3,Campania,NEET,Giovani Neet di 15-34 anni (non occupati e non in istruzione),Y15-24,15-24 anni,2018,198.252,,
A,Annuale,ITF3,Campania,NEET,Giovani Neet di 15-34 anni (non occupati e non in istruzione),Y15-24,15-24 anni,2019,181.338,,
A,Annuale,ITF3,Campania,NEET,Giovani Neet di 15-34 anni (non occupati e non in istruzione),Y15-24,15-24 anni,2020,187.95,,
A,Annuale,ITF3,Campania,NEET,Giovani Neet di 15-34 anni (non occupati e non in istruzione),Y15-24,15-24 anni,2021,179.917,,
A,Annuale,ITF3,Campania,NEET,Giovani Neet di 15-34 anni (non occupati e non in istruzione),Y15-24,15-24 anni,2022,157.324,,
A,Annuale,ITF3,Campania,NEET,Giovani Neet di 15-34 anni (non occupati e non in istruzione),Y15-24,15-24 anni,2023,137.911,,
A,Annuale,ITF3,Campania,NEET,Giovani Neet di 15-34 anni (non occupati e non in istruzione),Y15-24,15-24 anni,2024,122.706,,
A,Annuale,ITF3,Campania,NEET,Giovani Neet di 15-34 anni (non occupati e non in istruzione),Y15-24,15-24 anni,2025,100.847,,
A,Annuale,ITF3,Campania,NEET,Giovani Neet di 15-34 anni (non occupati e non in istruzione),Y18-29,18-29 anni,2018,352.09,,
A,Annuale,ITF3,Campania,NEET,Giovani Neet di 15-34 anni (non occupati e non in istruzione),Y18-29,18-29 anni,2019,331.533,,
A,Annuale,ITF3,Campania,NEET,Giovani Neet di 15-34 anni (non occupati e non in istruzione),Y18-29,18-29 anni,2020,343.662,,
A,Annuale,ITF3,Campania,NEET,Giovani Neet di 15-34 anni (non occupati e non in istruzione),Y18-29,18-29 anni,2021,317.151,,
A,Annuale,ITF3,Campania,NEET,Giovani Neet di 15-34 anni (non occupati e non in istruzione),Y18-29,18-29 anni,2022,268.32,,
A,Annuale,ITF3,Campania,NEET,Giovani Neet di 15-34 anni (non occupati e non in istruzione),Y18-29,18-29 anni,2023,247.643,,
A,Annuale,ITF3,Campania,NEET,Giovani Neet di 15-34 anni (non occupati e non in istruzione),Y18-29,18-29 anni,2024,230.598,,
A,Annuale,ITF3,Campania,NEET,Giovani Neet di 15-34 anni (non occupati e non in istruzione),Y18-29,18-29 anni,2025,199.308,,
A,Annuale,ITF3,Campania,NEET,Giovani Neet di 15-34 anni (non occupati e non in istruzione),Y15-29,15-29 anni,2018,373.241,,
A,Annuale,ITF3,Campania,NEET,Giovani Neet di 15-34 anni (non occupati e non in istruzione),Y15-29,15-29 anni,2019,350.912,,
A,Annuale,ITF3,Campania,NEET,Giovani Neet di 15-34 anni (non occupati e non in istruzione),Y15-29,15-29 anni,2020,356.564,,
A,Annuale,ITF3,Campania,NEET,Giovani Neet di 15-34 anni (non occupati e non in istruzione),Y15-29,15-29 anni,2021,338.673,,
A,Annuale,ITF3,Campania,NEET,Giovani Neet di 15-34 anni (non occupati e non in istruzione),Y15-29,15-29 anni,2022,286.058,,
A,Annuale,ITF3,Campania,NEET,Giovani Neet di 15-34 anni (non occupati e non in istruzione),Y15-29,15-29 anni,2023,256.461,,
A,Annuale,ITF3,Campania,NEET,Giovani Neet di 15-34 anni (non occupati e non in istruzione),Y15-29,15-29 anni,2024,236.987,,
A,Annuale,ITF3,Campania,NEET,Giovani Neet di 15-34 anni (non occupati e non in istruzione),Y15-29,15-29 anni,2025,203.537,,
A,Annuale,ITF3,Campania,NEET,Giovani Neet di 15-34 anni (non occupati e non in istruzione),Y15-34,15-34 anni,2018,543.651,,
A,Annuale,ITF3,Campania,NEET,Giovani Neet di 15-34 anni (non occupati e non in istruzione),Y15-34,15-34 anni,2019,521.084,,
A,Annuale,ITF3,Campania,NEET,Giovani Neet di 15-34 anni (non occupati e non in istruzione),Y15-34,15-34 anni,2020,535.491,,
A,Annuale,ITF3,Campania,NEET,Giovani Neet di 15-34 anni (non occupati e non in istruzione),Y15-34,15-34 anni,2021,500.285,,
A,Annuale,ITF3,Campania,NEET,Giovani Neet di 15-34 anni (non occupati e non in istruzione),Y15-34,15-34 anni,2022,433.89,,
A,Annuale,ITF3,Campania,NEET,Giovani Neet di 15-34 anni (non occupati e non in istruzione),Y15-34,15-34 anni,2023,402.451,,
A,Annuale,ITF3,Campania,NEET,Giovani Neet di 15-34 anni (non occupati e non in istruzione),Y15-34,15-34 anni,2024,372.897,,
A,Annuale,ITF3,Campania,NEET,Giovani Neet di 15-34 anni (non occupati e non in istruzione),Y15-34,15-34 anni,2025,332.883,,
A,Annuale,ITF4,Puglia,NEET,Giovani Neet di 15-34 anni (non occupati e non in istruzione),Y15-24,15-24 anni,2018,101.697,,
A,Annuale,ITF4,Puglia,NEET,Giovani Neet di 15-34 anni (non occupati e non in istruzione),Y15-24,15-24 anni,2019,99.046,,
A,Annuale,ITF4,Puglia,NEET,Giovani Neet di 15-34 anni (non occupati e non in istruzione),Y15-24,15-24 anni,2020,99.46,,
A,Annuale,ITF4,Puglia,NEET,Giovani Neet di 15-34 anni (non occupati e non in istruzione),Y15-24,15-24 anni,2021,102.274,,
A,Annuale,ITF4,Puglia,NEET,Giovani Neet di 15-34 anni (non occupati e non in istruzione),Y15-24,15-24 anni,2022,81.038,,
A,Annuale,ITF4,Puglia,NEET,Giovani Neet di 15-34 anni (non occupati e non in istruzione),Y15-24,15-24 anni,2023,70.593,,
A,Annuale,ITF4,Puglia,NEET,Giovani Neet di 15-34 anni (non occupati e non in istruzione),Y15-24,15-24 anni,2024,69.373,,
A,Annuale,ITF4,Puglia,NEET,Giovani Neet di 15-34 anni (non occupati e non in istruzione),Y15-24,15-24 anni,2025,55.718,,
A,Annuale,ITF4,Puglia,NEET,Giovani Neet di 15-34 anni (non occupati e non in istruzione),Y18-29,18-29 anni,2018,194.03,,
A,Annuale,ITF4,Puglia,NEET,Giovani Neet di 15-34 anni (non occupati e non in istruzione),Y18-29,18-29 anni,2019,184.921,,
A,Annuale,ITF4,Puglia,NEET,Giovani Neet di 15-34 anni (non occupati e non in istruzione),Y18-29,18-29 anni,2020,189.324,,
A,Annuale,ITF4,Puglia,NEET,Giovani Neet di 15-34 anni (non occupati e non in istruzione),Y18-29,18-29 anni,2021,183.656,,
A,Annuale,ITF4,Puglia,NEET,Giovani Neet di 15-34 anni (non occupati e non in istruzione),Y18-29,18-29 anni,2022,154.36,,
A,Annuale,ITF4,Puglia,NEET,Giovani Neet di 15-34 anni (non occupati e non in istruzione),Y18-29,18-29 anni,2023,134.478,,
A,Annuale,ITF4,Puglia,NEET,Giovani Neet di 15-34 anni (non occupati e non in istruzione),Y18-29,18-29 anni,2024,130.316,,
A,Annuale,ITF4,Puglia,NEET,Giovani Neet di 15-34 anni (non occupati e non in istruzione),Y18-29,18-29 anni,2025,113.863,,
A,Annuale,ITF4,Puglia,NEET,Giovani Neet di 15-34 anni (non occupati e non in istruzione),Y15-29,15-29 anni,2018,200.923,,
A,Annuale,ITF4,Puglia,NEET,Giovani Neet di 15-34 anni (non occupati e non in istruzione),Y15-29,15-29 anni,2019,192.349,,
A,Annuale,ITF4,Puglia,NEET,Giovani Neet di 15-34 anni (non occupati e non in istruzione),Y15-29,15-29 anni,2020,195.425,,
A,Annuale,ITF4,Puglia,NEET,Giovani Neet di 15-34 anni (non occupati e non in istruzione),Y15-29,15-29 anni,2021,194.027,,
A,Annuale,ITF4,Puglia,NEET,Giovani Neet di 15-34 anni (non occupati e non in istruzione),Y15-29,15-29 anni,2022,162.11,,
A,Annuale,ITF4,Puglia,NEET,Giovani Neet di 15-34 anni (non occupati e non in istruzione),Y15-29,15-29 anni,2023,136.946,,
A,Annuale,ITF4,Puglia,NEET,Giovani Neet di 15-34 anni (non occupati e non in istruzione),Y15-29,15-29 anni,2024,131.192,,
A,Annuale,ITF4,Puglia,NEET,Giovani Neet di 15-34 anni (non occupati e non in istruzione),Y15-29,15-29 anni,2025,115.07,,
A,Annuale,ITF4,Puglia,NEET,Giovani Neet di 15-34 anni (non occupati e non in istruzione),Y15-34,15-34 anni,2018,296.392,,
A,Annuale,ITF4,Puglia,NEET,Giovani Neet di 15-34 anni (non occupati e non in istruzione),Y15-34,15-34 anni,2019,288.258,,
A,Annuale,ITF4,Puglia,NEET,Giovani Neet di 15-34 anni (non occupati e non in istruzione),Y15-34,15-34 anni,2020,292.025,,
A,Annuale,ITF4,Puglia,NEET,Giovani Neet di 15-34 anni (non occupati e non in istruzione),Y15-34,15-34 anni,2021,281.933,,
A,Annuale,ITF4,Puglia,NEET,Giovani Neet di 15-34 anni (non occupati e non in istruzione),Y15-34,15-34 anni,2022,244.902,,
A,Annuale,ITF4,Puglia,NEET,Giovani Neet di 15-34 anni (non occupati e non in istruzione),Y15-34,15-34 anni,2023,210.276,,
A,Annuale,ITF4,Puglia,NEET,Giovani Neet di 15-34 anni (non occupati e non in istruzione),Y15-34,15-34 anni,2024,214.207,,
A,Annuale,ITF4,Puglia,NEET,Giovani Neet di 15-34 anni (non occupati e non in istruzione),Y15-34,15-34 anni,2025,186.328,,
A,Annuale,ITF5,Basilicata,NEET,Giovani Neet di 15-34 anni (non occupati e non in istruzione),Y15-24,15-24 anni,2018,11.66,,
A,Annuale,ITF5,Basilicata,NEET,Giovani Neet di 15-34 anni (non occupati e non in istruzione),Y15-24,15-24 anni,2019,11.086,,
A,Annuale,ITF5,Basilicata,NEET,Giovani Neet di 15-34 anni (non occupati e non in istruzione),Y15-24,15-24 anni,2020,12.015,,
A,Annuale,ITF5,Basilicata,NEET,Giovani Neet di 15-34 anni (non occupati e non in istruzione),Y15-24,15-24 anni,2021,11.685,,
A,Annuale,ITF5,Basilicata,NEET,Giovani Neet di 15-34 anni (non occupati e non in istruzione),Y15-24,15-24 anni,2022,8.472,,
A,Annuale,ITF5,Basilicata,NEET,Giovani Neet di 15-34 anni (non occupati e non in istruzione),Y15-24,15-24 anni,2023,7.033,,
A,Annuale,ITF5,Basilicata,NEET,Giovani Neet di 15-34 anni (non occupati e non in istruzione),Y15-24,15-24 anni,2024,7.131,,
A,Annuale,ITF5,Basilicata,NEET,Giovani Neet di 15-34 anni (non occupati e non in istruzione),Y15-24,15-24 anni,2025,5.778,,
A,Annuale,ITF5,Basilicata,NEET,Giovani Neet di 15-34 anni (non occupati e non in istruzione),Y18-29,18-29 anni,2018,23.156,,
A,Annuale,ITF5,Basilicata,NEET,Giovani Neet di 15-34 anni (non occupati e non in istruzione),Y18-29,18-29 anni,2019,22.43,,
A,Annuale,ITF5,Basilicata,NEET,Giovani Neet di 15-34 anni (non occupati e non in istruzione),Y18-29,18-29 anni,2020,22.514,,
A,Annuale,ITF5,Basilicata,NEET,Giovani Neet di 15-34 anni (non occupati e non in istruzione),Y18-29,18-29 anni,2021,19.757,,
A,Annuale,ITF5,Basilicata,NEET,Giovani Neet di 15-34 anni (non occupati e non in istruzione),Y18-29,18-29 anni,2022,16.076,,
A,Annuale,ITF5,Basilicata,NEET,Giovani Neet di 15-34 anni (non occupati e non in istruzione),Y18-29,18-29 anni,2023,13.37,,
A,Annuale,ITF5,Basilicata,NEET,Giovani Neet di 15-34 anni (non occupati e non in istruzione),Y18-29,18-29 anni,2024,13.408,,
A,Annuale,ITF5,Basilicata,NEET,Giovani Neet di 15-34 anni (non occupati e non in istruzione),Y18-29,18-29 anni,2025,11.465,,
A,Annuale,ITF5,Basilicata,NEET,Giovani Neet di 15-34 anni (non occupati e non in istruzione),Y15-29,15-29 anni,2018,23.781,,
A,Annuale,ITF5,Basilicata,NEET,Giovani Neet di 15-34 anni (non occupati e non in istruzione),Y15-29,15-29 anni,2019,23.086,,
A,Annuale,ITF5,Basilicata,NEET,Giovani Neet di 15-34 anni (non occupati e non in istruzione),Y15-29,15-29 anni,2020,23.312,,
A,Annuale,ITF5,Basilicata,NEET,Giovani Neet di 15-34 anni (non occupati e non in istruzione),Y15-29,15-29 anni,2021,21.355,,
A,Annuale,ITF5,Basilicata,NEET,Giovani Neet di 15-34 anni (non occupati e non in istruzione),Y15-29,15-29 anni,2022,17.082,,
A,Annuale,ITF5,Basilicata,NEET,Giovani Neet di 15-34 anni (non occupati e non in istruzione),Y15-29,15-29 anni,2023,13.768,,
A,Annuale,ITF5,Basilicata,NEET,Giovani Neet di 15-34 anni (non occupati e non in istruzione),Y15-29,15-29 anni,2024,13.822,,
A,Annuale,ITF5,Basilicata,NEET,Giovani Neet di 15-34 anni (non occupati e non in istruzione),Y15-29,15-29 anni,2025,11.934,,
A,Annuale,ITF5,Basilicata,NEET,Giovani Neet di 15-34 anni (non occupati e non in istruzione),Y15-34,15-34 anni,2018,35.053,,
A,Annuale,ITF5,Basilicata,NEET,Giovani Neet di 15-34 anni (non occupati e non in istruzione),Y15-34,15-34 anni,2019,35.138,,
A,Annuale,ITF5,Basilicata,NEET,Giovani Neet di 15-34 anni (non occupati e non in istruzione),Y15-34,15-34 anni,2020,35.543,,
A,Annuale,ITF5,Basilicata,NEET,Giovani Neet di 15-34 anni (non occupati e non in istruzione),Y15-34,15-34 anni,2021,31.967,,
A,Annuale,ITF5,Basilicata,NEET,Giovani Neet di 15-34 anni (non occupati e non in istruzione),Y15-34,15-34 anni,2022,26.589,,
A,Annuale,ITF5,Basilicata,NEET,Giovani Neet di 15-34 anni (non occupati e non in istruzione),Y15-34,15-34 anni,2023,22.327,,
A,Annuale,ITF5,Basilicata,NEET,Giovani Neet di 15-34 anni (non occupati e non in istruzione),Y15-34,15-34 anni,2024,22.525,,
A,Annuale,ITF5,Basilicata,NEET,Giovani Neet di 15-34 anni (non occupati e non in istruzione),Y15-34,15-34 anni,2025,20.74,,
A,Annuale,ITF6,Calabria,NEET,Giovani Neet di 15-34 anni (non occupati e non in istruzione),Y15-24,15-24 anni,2018,60.816,,
A,Annuale,ITF6,Calabria,NEET,Giovani Neet di 15-34 anni (non occupati e non in istruzione),Y15-24,15-24 anni,2019,56.326,,
A,Annuale,ITF6,Calabria,NEET,Giovani Neet di 15-34 anni (non occupati e non in istruzione),Y15-24,15-24 anni,2020,51.173,,
A,Annuale,ITF6,Calabria,NEET,Giovani Neet di 15-34 anni (non occupati e non in istruzione),Y15-24,15-24 anni,2021,52.244,,
A,Annuale,ITF6,Calabria,NEET,Giovani Neet di 15-34 anni (non occupati e non in istruzione),Y15-24,15-24 anni,2022,41.138,,
A,Annuale,ITF6,Calabria,NEET,Giovani Neet di 15-34 anni (non occupati e non in istruzione),Y15-24,15-24 anni,2023,35.257,,
A,Annuale,ITF6,Calabria,NEET,Giovani Neet di 15-34 anni (non occupati e non in istruzione),Y15-24,15-24 anni,2024,36.261,,
A,Annuale,ITF6,Calabria,NEET,Giovani Neet di 15-34 anni (non occupati e non in istruzione),Y15-24,15-24 anni,2025,22.452,,
A,Annuale,ITF6,Calabria,NEET,Giovani Neet di 15-34 anni (non occupati e non in istruzione),Y18-29,18-29 anni,2018,112.013,,
A,Annuale,ITF6,Calabria,NEET,Giovani Neet di 15-34 anni (non occupati e non in istruzione),Y18-29,18-29 anni,2019,105.944,,
A,Annuale,ITF6,Calabria,NEET,Giovani Neet di 15-34 anni (non occupati e non in istruzione),Y18-29,18-29 anni,2020,101.202,,
A,Annuale,ITF6,Calabria,NEET,Giovani Neet di 15-34 anni (non occupati e non in istruzione),Y18-29,18-29 anni,2021,94.401,,
A,Annuale,ITF6,Calabria,NEET,Giovani Neet di 15-34 anni (non occupati e non in istruzione),Y18-29,18-29 anni,2022,77.452,,
A,Annuale,ITF6,Calabria,NEET,Giovani Neet di 15-34 anni (non occupati e non in istruzione),Y18-29,18-29 anni,2023,75.653,,
A,Annuale,ITF6,Calabria,NEET,Giovani Neet di 15-34 anni (non occupati e non in istruzione),Y18-29,18-29 anni,2024,73.296,,
A,Annuale,ITF6,Calabria,NEET,Giovani Neet di 15-34 anni (non occupati e non in istruzione),Y18-29,18-29 anni,2025,58.595,,
A,Annuale,ITF6,Calabria,NEET,Giovani Neet di 15-34 anni (non occupati e non in istruzione),Y15-29,15-29 anni,2018,116.336,,
A,Annuale,ITF6,Calabria,NEET,Giovani Neet di 15-34 anni (non occupati e non in istruzione),Y15-29,15-29 anni,2019,109.93,,
A,Annuale,ITF6,Calabria,NEET,Giovani Neet di 15-34 anni (non occupati e non in istruzione),Y15-29,15-29 anni,2020,104.734,,
A,Annuale,ITF6,Calabria,NEET,Giovani Neet di 15-34 anni (non occupati e non in istruzione),Y15-29,15-29 anni,2021,99.838,,
A,Annuale,ITF6,Calabria,NEET,Giovani Neet di 15-34 anni (non occupati e non in istruzione),Y15-29,15-29 anni,2022,81.694,,
A,Annuale,ITF6,Calabria,NEET,Giovani Neet di 15-34 anni (non occupati e non in istruzione),Y15-29,15-29 anni,2023,77.702,,
A,Annuale,ITF6,Calabria,NEET,Giovani Neet di 15-34 anni (non occupati e non in istruzione),Y15-29,15-29 anni,2024,74.717,,
A,Annuale,ITF6,Calabria,NEET,Giovani Neet di 15-34 anni (non occupati e non in istruzione),Y15-29,15-29 anni,2025,58.932,,
A,Annuale,ITF6,Calabria,NEET,Giovani Neet di 15-34 anni (non occupati e non in istruzione),Y15-34,15-34 anni,2018,173.183,,
A,Annuale,ITF6,Calabria,NEET,Giovani Neet di 15-34 anni (non occupati e non in istruzione),Y15-34,15-34 anni,2019,162.827,,
A,Annuale,ITF6,Calabria,NEET,Giovani Neet di 15-34 anni (non occupati e non in istruzione),Y15-34,15-34 anni,2020,161.297,,
A,Annuale,ITF6,Calabria,NEET,Giovani Neet di 15-34 anni (non occupati e non in istruzione),Y15-34,15-34 anni,2021,149.441,,
A,Annuale,ITF6,Calabria,NEET,Giovani Neet di 15-34 anni (non occupati e non in istruzione),Y15-34,15-34 anni,2022,127.334,,
A,Annuale,ITF6,Calabria,NEET,Giovani Neet di 15-34 anni (non occupati e non in istruzione),Y15-34,15-34 anni,2023,118.962,,
A,Annuale,ITF6,Calabria,NEET,Giovani Neet di 15-34 anni (non occupati e non in istruzione),Y15-34,15-34 anni,2024,117.694,,
A,Annuale,ITF6,Calabria,NEET,Giovani Neet di 15-34 anni (non occupati e non in istruzione),Y15-34,15-34 anni,2025,93.685,,
A,Annuale,ITG1,Sicilia,NEET,Giovani Neet di 15-34 anni (non occupati e non in istruzione),Y15-24,15-24 anni,2018,168.608,,
A,Annuale,ITG1,Sicilia,NEET,Giovani Neet di 15-34 anni (non occupati e non in istruzione),Y15-24,15-24 anni,2019,160.018,,
A,Annuale,ITG1,Sicilia,NEET,Giovani Neet di 15-34 anni (non occupati e non in istruzione),Y15-24,15-24 anni,2020,156.714,,
A,Annuale,ITG1,Sicilia,NEET,Giovani Neet di 15-34 anni (non occupati e non in istruzione),Y15-24,15-24 anni,2021,155.84,,
A,Annuale,ITG1,Sicilia,NEET,Giovani Neet di 15-34 anni (non occupati e non in istruzione),Y15-24,15-24 anni,2022,133.783,,
A,Annuale,ITG1,Sicilia,NEET,Giovani Neet di 15-34 anni (non occupati e non in istruzione),Y15-24,15-24 anni,2023,111.745,,
A,Annuale,ITG1,Sicilia,NEET,Giovani Neet di 15-34 anni (non occupati e non in istruzione),Y15-24,15-24 anni,2024,98.664,,
A,Annuale,ITG1,Sicilia,NEET,Giovani Neet di 15-34 anni (non occupati e non in istruzione),Y15-24,15-24 anni,2025,81.343,,
A,Annuale,ITG1,Sicilia,NEET,Giovani Neet di 15-34 anni (non occupati e non in istruzione),Y18-29,18-29 anni,2018,310.193,,
A,Annuale,ITG1,Sicilia,NEET,Giovani Neet di 15-34 anni (non occupati e non in istruzione),Y18-29,18-29 anni,2019,298.767,,
A,Annuale,ITG1,Sicilia,NEET,Giovani Neet di 15-34 anni (non occupati e non in istruzione),Y18-29,18-29 anni,2020,299.333,,
A,Annuale,ITG1,Sicilia,NEET,Giovani Neet di 15-34 anni (non occupati e non in istruzione),Y18-29,18-29 anni,2021,269.232,,
A,Annuale,ITG1,Sicilia,NEET,Giovani Neet di 15-34 anni (non occupati e non in istruzione),Y18-29,18-29 anni,2022,237.129,,
A,Annuale,ITG1,Sicilia,NEET,Giovani Neet di 15-34 anni (non occupati e non in istruzione),Y18-29,18-29 anni,2023,209.172,,
A,Annuale,ITG1,Sicilia,NEET,Giovani Neet di 15-34 anni (non occupati e non in istruzione),Y18-29,18-29 anni,2024,192.763,,
A,Annuale,ITG1,Sicilia,NEET,Giovani Neet di 15-34 anni (non occupati e non in istruzione),Y18-29,18-29 anni,2025,170.835,,
A,Annuale,ITG1,Sicilia,NEET,Giovani Neet di 15-34 anni (non occupati e non in istruzione),Y15-29,15-29 anni,2018,323.064,,
A,Annuale,ITG1,Sicilia,NEET,Giovani Neet di 15-34 anni (non occupati e non in istruzione),Y15-29,15-29 anni,2019,312.578,,
A,Annuale,ITG1,Sicilia,NEET,Giovani Neet di 15-34 anni (non occupati e non in istruzione),Y15-29,15-29 anni,2020,309.935,,
A,Annuale,ITG1,Sicilia,NEET,Giovani Neet di 15-34 anni (non occupati e non in istruzione),Y15-29,15-29 anni,2021,287.818,,
A,Annuale,ITG1,Sicilia,NEET,Giovani Neet di 15-34 anni (non occupati e non in istruzione),Y15-29,15-29 anni,2022,250.01,,
A,Annuale,ITG1,Sicilia,NEET,Giovani Neet di 15-34 anni (non occupati e non in istruzione),Y15-29,15-29 anni,2023,212.985,,
A,Annuale,ITG1,Sicilia,NEET,Giovani Neet di 15-34 anni (non occupati e non in istruzione),Y15-29,15-29 anni,2024,196.347,,
A,Annuale,ITG1,Sicilia,NEET,Giovani Neet di 15-34 anni (non occupati e non in istruzione),Y15-29,15-29 anni,2025,172.992,,
A,Annuale,ITG1,Sicilia,NEET,Giovani Neet di 15-34 anni (non occupati e non in istruzione),Y15-34,15-34 anni,2018,471.411,,
A,Annuale,ITG1,Sicilia,NEET,Giovani Neet di 15-34 anni (non occupati e non in istruzione),Y15-34,15-34 anni,2019,453.288,,
A,Annuale,ITG1,Sicilia,NEET,Giovani Neet di 15-34 anni (non occupati e non in istruzione),Y15-34,15-34 anni,2020,458.368,,
A,Annuale,ITG1,Sicilia,NEET,Giovani Neet di 15-34 anni (non occupati e non in istruzione),Y15-34,15-34 anni,2021,433.169,,
A,Annuale,ITG1,Sicilia,NEET,Giovani Neet di 15-34 anni (non occupati e non in istruzione),Y15-34,15-34 anni,2022,381.954,,
A,Annuale,ITG1,Sicilia,NEET,Giovani Neet di 15-34 anni (non occupati e non in istruzione),Y15-34,15-34 anni,2023,335.413,,
A,Annuale,ITG1,Sicilia,NEET,Giovani Neet di 15-34 anni (non occupati e non in istruzione),Y15-34,15-34 anni,2024,312.877,,
A,Annuale,ITG1,Sicilia,NEET,Giovani Neet di 15-34 anni (non occupati e non in istruzione),Y15-34,15-34 anni,2025,282.652,,
A,Annuale,ITG2,Sardegna,NEET,Giovani Neet di 15-34 anni (non occupati e non in istruzione),Y15-24,15-24 anni,2018,30.73,,
A,Annuale,ITG2,Sardegna,NEET,Giovani Neet di 15-34 anni (non occupati e non in istruzione),Y15-24,15-24 anni,2019,31.4,,
A,Annuale,ITG2,Sardegna,NEET,Giovani Neet di 15-34 anni (non occupati e non in istruzione),Y15-24,15-24 anni,2020,26.377,,
A,Annuale,ITG2,Sardegna,NEET,Giovani Neet di 15-34 anni (non occupati e non in istruzione),Y15-24,15-24 anni,2021,26.051,,
A,Annuale,ITG2,Sardegna,NEET,Giovani Neet di 15-34 anni (non occupati e non in istruzione),Y15-24,15-24 anni,2022,21.869,,
A,Annuale,ITG2,Sardegna,NEET,Giovani Neet di 15-34 anni (non occupati e non in istruzione),Y15-24,15-24 anni,2023,23.627,,
A,Annuale,ITG2,Sardegna,NEET,Giovani Neet di 15-34 anni (non occupati e non in istruzione),Y15-24,15-24 anni,2024,16.455,,
A,Annuale,ITG2,Sardegna,NEET,Giovani Neet di 15-34 anni (non occupati e non in istruzione),Y15-24,15-24 anni,2025,15.426,,
A,Annuale,ITG2,Sardegna,NEET,Giovani Neet di 15-34 anni (non occupati e non in istruzione),Y18-29,18-29 anni,2018,61.58,,
A,Annuale,ITG2,Sardegna,NEET,Giovani Neet di 15-34 anni (non occupati e non in istruzione),Y18-29,18-29 anni,2019,60.938,,
A,Annuale,ITG2,Sardegna,NEET,Giovani Neet di 15-34 anni (non occupati e non in istruzione),Y18-29,18-29 anni,2020,55.24,,
A,Annuale,ITG2,Sardegna,NEET,Giovani Neet di 15-34 anni (non occupati e non in istruzione),Y18-29,18-29 anni,2021,48.531,,
A,Annuale,ITG2,Sardegna,NEET,Giovani Neet di 15-34 anni (non occupati e non in istruzione),Y18-29,18-29 anni,2022,42.825,,
A,Annuale,ITG2,Sardegna,NEET,Giovani Neet di 15-34 anni (non occupati e non in istruzione),Y18-29,18-29 anni,2023,39.63,,
A,Annuale,ITG2,Sardegna,NEET,Giovani Neet di 15-34 anni (non occupati e non in istruzione),Y18-29,18-29 anni,2024,35.738,,
A,Annuale,ITG2,Sardegna,NEET,Giovani Neet di 15-34 anni (non occupati e non in istruzione),Y18-29,18-29 anni,2025,32.188,,
A,Annuale,ITG2,Sardegna,NEET,Giovani Neet di 15-34 anni (non occupati e non in istruzione),Y15-29,15-29 anni,2018,63.065,,
A,Annuale,ITG2,Sardegna,NEET,Giovani Neet di 15-34 anni (non occupati e non in istruzione),Y15-29,15-29 anni,2019,62.492,,
A,Annuale,ITG2,Sardegna,NEET,Giovani Neet di 15-34 anni (non occupati e non in istruzione),Y15-29,15-29 anni,2020,57.246,,
A,Annuale,ITG2,Sardegna,NEET,Giovani Neet di 15-34 anni (non occupati e non in istruzione),Y15-29,15-29 anni,2021,50.674,,
A,Annuale,ITG2,Sardegna,NEET,Giovani Neet di 15-34 anni (non occupati e non in istruzione),Y15-29,15-29 anni,2022,44.868,,
A,Annuale,ITG2,Sardegna,NEET,Giovani Neet di 15-34 anni (non occupati e non in istruzione),Y15-29,15-29 anni,2023,40.648,,
A,Annuale,ITG2,Sardegna,NEET,Giovani Neet di 15-34 anni (non occupati e non in istruzione),Y15-29,15-29 anni,2024,36.95,,
A,Annuale,ITG2,Sardegna,NEET,Giovani Neet di 15-34 anni (non occupati e non in istruzione),Y15-29,15-29 anni,2025,32.504,,
A,Annuale,ITG2,Sardegna,NEET,Giovani Neet di 15-34 anni (non occupati e non in istruzione),Y15-34,15-34 anni,2018,92.497,,
A,Annuale,ITG2,Sardegna,NEET,Giovani Neet di 15-34 anni (non occupati e non in istruzione),Y15-34,15-34 anni,2019,87.941,,
A,Annuale,ITG2,Sardegna,NEET,Giovani Neet di 15-34 anni (non occupati e non in istruzione),Y15-34,15-34 anni,2020,83.946,,
A,Annuale,ITG2,Sardegna,NEET,Giovani Neet di 15-34 anni (non occupati e non in istruzione),Y15-34,15-34 anni,2021,76.323,,
A,Annuale,ITG2,Sardegna,NEET,Giovani Neet di 15-34 anni (non occupati e non in istruzione),Y15-34,15-34 anni,2022,69.067,,
A,Annuale,ITG2,Sardegna,NEET,Giovani Neet di 15-34 anni (non occupati e non in istruzione),Y15-34,15-34 anni,2023,65.766,,
A,Annuale,ITG2,Sardegna,NEET,Giovani Neet di 15-34 anni (non occupati e non in istruzione),Y15-34,15-34 anni,2024,58.036,,
A,Annuale,ITG2,Sardegna,NEET,Giovani Neet di 15-34 anni (non occupati e non in istruzione),Y15-34,15-34 anni,2025,52.59,,
