FREQ,Frequenza,REF_AREA,Territorio,SEX,Sesso,AGE,Età,TIME_PERIOD,Osservazione,OBS_STATUS,'Stato dell"'osservazione'
A,Annuale,IT,Italia,1,Maschi,Y15-24,15-24 anni,2004,968.105,,
A,Annuale,IT,Italia,1,Maschi,Y15-24,15-24 anni,2005,917.69,,
A,Annuale,IT,Italia,1,Maschi,Y15-24,15-24 anni,2006,922.201,,
A,Annuale,IT,Italia,1,Maschi,Y15-24,15-24 anni,2007,889.422,,
A,Annuale,IT,Italia,1,Maschi,Y15-24,15-24 anni,2008,882.839,,
A,Annuale,IT,Italia,1,Maschi,Y15-24,15-24 anni,2009,788.838,,
A,Annuale,IT,Italia,1,Maschi,Y15-24,15-24 anni,2010,731.745,,
A,Annuale,IT,Italia,1,Maschi,Y15-24,15-24 anni,2011,696.669,,
A,Annuale,IT,Italia,1,Maschi,Y15-24,15-24 anni,2012,667.363,,
A,Annuale,IT,Italia,1,Maschi,Y15-24,15-24 anni,2013,572.609,,
A,Annuale,IT,Italia,1,Maschi,Y15-24,15-24 anni,2014,551.816,,
A,Annuale,IT,Italia,1,Maschi,Y15-24,15-24 anni,2015,561.492,,
A,Annuale,IT,Italia,1,Maschi,Y15-24,15-24 anni,2016,575.867,,
A,Annuale,IT,Italia,1,Maschi,Y15-24,15-24 anni,2017,600.643,,
A,Annuale,IT,Italia,1,Maschi,Y15-24,15-24 anni,2018,620.788,,
A,Annuale,IT,Italia,1,Maschi,Y15-24,15-24 anni,2019,638.635,,
A,Annuale,IT,Italia,1,Maschi,Y15-24,15-24 anni,2020,603.523,,
A,Annuale,IT,Italia,1,Maschi,Y15-24,15-24 anni,2021,634.836,,
A,Annuale,IT,Italia,1,Maschi,Y15-24,15-24 anni,2022,700.142,,
A,Annuale,IT,Italia,1,Maschi,Y15-24,15-24 anni,2023,728.467,,
A,Annuale,IT,Italia,1,Maschi,Y15-24,15-24 anni,2024,723.714,,
A,Annuale,IT,Italia,1,Maschi,Y15-24,15-24 anni,2025,644.297,,
A,Annuale,IT,Italia,1,Maschi,Y25-34,25-34 anni,2004,3475.831,,
A,Annuale,IT,Italia,1,Maschi,Y25-34,25-34 anni,2005,3388.776,,
A,Annuale,IT,Italia,1,Maschi,Y25-34,25-34 anni,2006,3339.154,,
A,Annuale,IT,Italia,1,Maschi,Y25-34,25-34 anni,2007,3254.873,,
A,Annuale,IT,Italia,1,Maschi,Y25-34,25-34 anni,2008,3161.139,,
A,Annuale,IT,Italia,1,Maschi,Y25-34,25-34 anni,2009,2942.444,,
A,Annuale,IT,Italia,1,Maschi,Y25-34,25-34 anni,2010,2781.756,,
A,Annuale,IT,Italia,1,Maschi,Y25-34,25-34 anni,2011,2691.718,,
A,Annuale,IT,Italia,1,Maschi,Y25-34,25-34 anni,2012,2534.085,,
A,Annuale,IT,Italia,1,Maschi,Y25-34,25-34 anni,2013,2346.046,,
A,Annuale,IT,Italia,1,Maschi,Y25-34,25-34 anni,2014,2278.356,,
A,Annuale,IT,Italia,1,Maschi,Y25-34,25-34 anni,2015,2280.66,,
A,Annuale,IT,Italia,1,Maschi,Y25-34,25-34 anni,2016,2293.484,,
A,Annuale,IT,Italia,1,Maschi,Y25-34,25-34 anni,2017,2300.999,,
A,Annuale,IT,Italia,1,Maschi,Y25-34,25-34 anni,2018,2293.893,,
A,Annuale,IT,Italia,1,Maschi,Y25-34,25-34 anni,2019,2299.282,,
A,Annuale,IT,Italia,1,Maschi,Y25-34,25-34 anni,2020,2202.253,,
A,Annuale,IT,Italia,1,Maschi,Y25-34,25-34 anni,2021,2254.394,,
A,Annuale,IT,Italia,1,Maschi,Y25-34,25-34 anni,2022,2356.675,,
A,Annuale,IT,Italia,1,Maschi,Y25-34,25-34 anni,2023,2398.312,,
A,Annuale,IT,Italia,1,Maschi,Y25-34,25-34 anni,2024,2412.368,,
A,Annuale,IT,Italia,1,Maschi,Y25-34,25-34 anni,2025,2429.274,,
A,Annuale,IT,Italia,1,Maschi,Y15-34,15-34 anni,2004,4443.936,,
A,Annuale,IT,Italia,1,Maschi,Y15-34,15-34 anni,2005,4306.466,,
A,Annuale,IT,Italia,1,Maschi,Y15-34,15-34 anni,2006,4261.355,,
A,Annuale,IT,Italia,1,Maschi,Y15-34,15-34 anni,2007,4144.295,,
A,Annuale,IT,Italia,1,Maschi,Y15-34,15-34 anni,2008,4043.978,,
A,Annuale,IT,Italia,1,Maschi,Y15-34,15-34 anni,2009,3731.282,,
A,Annuale,IT,Italia,1,Maschi,Y15-34,15-34 anni,2010,3513.5,,
A,Annuale,IT,Italia,1,Maschi,Y15-34,15-34 anni,2011,3388.387,,
A,Annuale,IT,Italia,1,Maschi,Y15-34,15-34 anni,2012,3201.448,,
A,Annuale,IT,Italia,1,Maschi,Y15-34,15-34 anni,2013,2918.655,,
A,Annuale,IT,Italia,1,Maschi,Y15-34,15-34 anni,2014,2830.173,,
A,Annuale,IT,Italia,1,Maschi,Y15-34,15-34 anni,2015,2842.152,,
A,Annuale,IT,Italia,1,Maschi,Y15-34,15-34 anni,2016,2869.351,,
A,Annuale,IT,Italia,1,Maschi,Y15-34,15-34 anni,2017,2901.642,,
A,Annuale,IT,Italia,1,Maschi,Y15-34,15-34 anni,2018,2914.681,,
A,Annuale,IT,Italia,1,Maschi,Y15-34,15-34 anni,2019,2937.917,,
A,Annuale,IT,Italia,1,Maschi,Y15-34,15-34 anni,2020,2805.776,,
A,Annuale,IT,Italia,1,Maschi,Y15-34,15-34 anni,2021,2889.23,,
A,Annuale,IT,Italia,1,Maschi,Y15-34,15-34 anni,2022,3056.817,,
A,Annuale,IT,Italia,1,Maschi,Y15-34,15-34 anni,2023,3126.778,,
A,Annuale,IT,Italia,1,Maschi,Y15-34,15-34 anni,2024,3136.082,,
A,Annuale,IT,Italia,1,Maschi,Y15-34,15-34 anni,2025,3073.571,,
A,Annuale,IT,Italia,1,Maschi,Y35-49,35-49 anni,2004,5894.811,,
A,Annuale,IT,Italia,1,Maschi,Y35-49,35-49 anni,2005,5994.214,,
A,Annuale,IT,Italia,1,Maschi,Y35-49,35-49 anni,2006,6104.471,,
A,Annuale,IT,Italia,1,Maschi,Y35-49,35-49 anni,2007,6168.758,,
A,Annuale,IT,Italia,1,Maschi,Y35-49,35-49 anni,2008,6218.786,,
A,Annuale,IT,Italia,1,Maschi,Y35-49,35-49 anni,2009,6133.583,,
A,Annuale,IT,Italia,1,Maschi,Y35-49,35-49 anni,2010,6104.408,,
A,Annuale,IT,Italia,1,Maschi,Y35-49,35-49 anni,2011,6109.863,,
A,Annuale,IT,Italia,1,Maschi,Y35-49,35-49 anni,2012,5985.979,,
A,Annuale,IT,Italia,1,Maschi,Y35-49,35-49 anni,2013,5822.801,,
A,Annuale,IT,Italia,1,Maschi,Y35-49,35-49 anni,2014,5721.483,,
A,Annuale,IT,Italia,1,Maschi,Y35-49,35-49 anni,2015,5654.781,,
A,Annuale,IT,Italia,1,Maschi,Y35-49,35-49 anni,2016,5596.076,,
A,Annuale,IT,Italia,1,Maschi,Y35-49,35-49 anni,2017,5539.148,,
A,Annuale,IT,Italia,1,Maschi,Y35-49,35-49 anni,2018,5454.538,,
A,Annuale,IT,Italia,1,Maschi,Y35-49,35-49 anni,2019,5363.519,,
A,Annuale,IT,Italia,1,Maschi,Y35-49,35-49 anni,2020,5156.607,,
A,Annuale,IT,Italia,1,Maschi,Y35-49,35-49 anni,2021,5064.283,,
A,Annuale,IT,Italia,1,Maschi,Y35-49,35-49 anni,2022,5050.427,,
A,Annuale,IT,Italia,1,Maschi,Y35-49,35-49 anni,2023,4985.624,,
A,Annuale,IT,Italia,1,Maschi,Y35-49,35-49 anni,2024,4999.759,,
A,Annuale,IT,Italia,1,Maschi,Y35-49,35-49 anni,2025,4954.317,,
A,Annuale,IT,Italia,1,Maschi,Y50-64,50-64 anni,2004,2900.92,,
A,Annuale,IT,Italia,1,Maschi,Y50-64,50-64 anni,2005,2969.749,,
A,Annuale,IT,Italia,1,Maschi,Y50-64,50-64 anni,2006,3045.676,,
A,Annuale,IT,Italia,1,Maschi,Y50-64,50-64 anni,2007,3149.445,,
A,Annuale,IT,Italia,1,Maschi,Y50-64,50-64 anni,2008,3201.159,,
A,Annuale,IT,Italia,1,Maschi,Y50-64,50-64 anni,2009,3249.385,,
A,Annuale,IT,Italia,1,Maschi,Y50-64,50-64 anni,2010,3327.334,,
A,Annuale,IT,Italia,1,Maschi,Y50-64,50-64 anni,2011,3421.851,,
A,Annuale,IT,Italia,1,Maschi,Y50-64,50-64 anni,2012,3499.699,,
A,Annuale,IT,Italia,1,Maschi,Y50-64,50-64 anni,2013,3600.003,,
A,Annuale,IT,Italia,1,Maschi,Y50-64,50-64 anni,2014,3781.683,,
A,Annuale,IT,Italia,1,Maschi,Y50-64,50-64 anni,2015,3986.297,,
A,Annuale,IT,Italia,1,Maschi,Y50-64,50-64 anni,2016,4182.14,,
A,Annuale,IT,Italia,1,Maschi,Y50-64,50-64 anni,2017,4306.009,,
A,Annuale,IT,Italia,1,Maschi,Y50-64,50-64 anni,2018,4473.681,,
A,Annuale,IT,Italia,1,Maschi,Y50-64,50-64 anni,2019,4577.648,,
A,Annuale,IT,Italia,1,Maschi,Y50-64,50-64 anni,2020,4578.655,,
A,Annuale,IT,Italia,1,Maschi,Y50-64,50-64 anni,2021,4605.235,,
A,Annuale,IT,Italia,1,Maschi,Y50-64,50-64 anni,2022,4777.122,,
A,Annuale,IT,Italia,1,Maschi,Y50-64,50-64 anni,2023,4982.316,,
A,Annuale,IT,Italia,1,Maschi,Y50-64,50-64 anni,2024,5118.869,,
A,Annuale,IT,Italia,1,Maschi,Y50-64,50-64 anni,2025,5264.262,,
A,Annuale,IT,Italia,1,Maschi,Y15-64,15-64 anni,2004,13239.667,,
A,Annuale,IT,Italia,1,Maschi,Y15-64,15-64 anni,2005,13270.429,,
A,Annuale,IT,Italia,1,Maschi,Y15-64,15-64 anni,2006,13411.503,,
A,Annuale,IT,Italia,1,Maschi,Y15-64,15-64 anni,2007,13462.498,,
A,Annuale,IT,Italia,1,Maschi,Y15-64,15-64 anni,2008,13463.924,,
A,Annuale,IT,Italia,1,Maschi,Y15-64,15-64 anni,2009,13114.25,,
A,Annuale,IT,Italia,1,Maschi,Y15-64,15-64 anni,2010,12945.242,,
A,Annuale,IT,Italia,1,Maschi,Y15-64,15-64 anni,2011,12920.1,,
A,Annuale,IT,Italia,1,Maschi,Y15-64,15-64 anni,2012,12687.126,,
A,Annuale,IT,Italia,1,Maschi,Y15-64,15-64 anni,2013,12341.459,,
A,Annuale,IT,Italia,1,Maschi,Y15-64,15-64 anni,2014,12333.338,,
A,Annuale,IT,Italia,1,Maschi,Y15-64,15-64 anni,2015,12483.231,,
A,Annuale,IT,Italia,1,Maschi,Y15-64,15-64 anni,2016,12647.567,,
A,Annuale,IT,Italia,1,Maschi,Y15-64,15-64 anni,2017,12746.799,,
A,Annuale,IT,Italia,1,Maschi,Y15-64,15-64 anni,2018,12842.9,,
A,Annuale,IT,Italia,1,Maschi,Y15-64,15-64 anni,2019,12879.085,,
A,Annuale,IT,Italia,1,Maschi,Y15-64,15-64 anni,2020,12541.037,,
A,Annuale,IT,Italia,1,Maschi,Y15-64,15-64 anni,2021,12558.748,,
A,Annuale,IT,Italia,1,Maschi,Y15-64,15-64 anni,2022,12884.366,,
A,Annuale,IT,Italia,1,Maschi,Y15-64,15-64 anni,2023,13094.718,,
A,Annuale,IT,Italia,1,Maschi,Y15-64,15-64 anni,2024,13254.709,,
A,Annuale,IT,Italia,1,Maschi,Y15-64,15-64 anni,2025,13292.15,,
A,Annuale,IT,Italia,1,Maschi,Y15-89,15-89 anni,2004,13503.817,,
A,Annuale,IT,Italia,1,Maschi,Y15-89,15-89 anni,2005,13544.719,,
A,Annuale,IT,Italia,1,Maschi,Y15-89,15-89 anni,2006,13701.488,,
A,Annuale,IT,Italia,1,Maschi,Y15-89,15-89 anni,2007,13756.197,,
A,Annuale,IT,Italia,1,Maschi,Y15-89,15-89 anni,2008,13768.771,,
A,Annuale,IT,Italia,1,Maschi,Y15-89,15-89 anni,2009,13400.83,,
A,Annuale,IT,Italia,1,Maschi,Y15-89,15-89 anni,2010,13229.178,,
A,Annuale,IT,Italia,1,Maschi,Y15-89,15-89 anni,2011,13208.185,,
A,Annuale,IT,Italia,1,Maschi,Y15-89,15-89 anni,2012,13005.415,,
A,Annuale,IT,Italia,1,Maschi,Y15-89,15-89 anni,2013,12669.122,,
A,Annuale,IT,Italia,1,Maschi,Y15-89,15-89 anni,2014,12685.023,,
A,Annuale,IT,Italia,1,Maschi,Y15-89,15-89 anni,2015,12846.27,,
A,Annuale,IT,Italia,1,Maschi,Y15-89,15-89 anni,2016,13024.28,,
A,Annuale,IT,Italia,1,Maschi,Y15-89,15-89 anni,2017,13157.897,,
A,Annuale,IT,Italia,1,Maschi,Y15-89,15-89 anni,2018,13282.229,,
A,Annuale,IT,Italia,1,Maschi,Y15-89,15-89 anni,2019,13335.637,,
A,Annuale,IT,Italia,1,Maschi,Y15-89,15-89 anni,2020,12987.414,,
A,Annuale,IT,Italia,1,Maschi,Y15-89,15-89 anni,2021,13043.604,,
A,Annuale,IT,Italia,1,Maschi,Y15-89,15-89 anni,2022,13350.191,,
A,Annuale,IT,Italia,1,Maschi,Y15-89,15-89 anni,2023,13591.392,,
A,Annuale,IT,Italia,1,Maschi,Y15-89,15-89 anni,2024,13764.746,,
A,Annuale,IT,Italia,1,Maschi,Y15-89,15-89 anni,2025,13850.627,,
A,Annuale,IT,Italia,2,Femmine,Y15-24,15-24 anni,2004,686.163,,
A,Annuale,IT,Italia,2,Femmine,Y15-24,15-24 anni,2005,611.006,,
A,Annuale,IT,Italia,2,Femmine,Y15-24,15-24 anni,2006,583.549,,
A,Annuale,IT,Italia,2,Femmine,Y15-24,15-24 anni,2007,565.271,,
A,Annuale,IT,Italia,2,Femmine,Y15-24,15-24 anni,2008,559.84,,
A,Annuale,IT,Italia,2,Femmine,Y15-24,15-24 anni,2009,493.689,,
A,Annuale,IT,Italia,2,Femmine,Y15-24,15-24 anni,2010,476.283,,
A,Annuale,IT,Italia,2,Femmine,Y15-24,15-24 anni,2011,451.301,,
A,Annuale,IT,Italia,2,Femmine,Y15-24,15-24 anni,2012,436.981,,
A,Annuale,IT,Italia,2,Femmine,Y15-24,15-24 anni,2013,399.075,,
A,Annuale,IT,Italia,2,Femmine,Y15-24,15-24 anni,2014,369.396,,
A,Annuale,IT,Italia,2,Femmine,Y15-24,15-24 anni,2015,355.986,,
A,Annuale,IT,Italia,2,Femmine,Y15-24,15-24 anni,2016,389.918,,
A,Annuale,IT,Italia,2,Femmine,Y15-24,15-24 anni,2017,391.224,,
A,Annuale,IT,Italia,2,Femmine,Y15-24,15-24 anni,2018,398.275,,
A,Annuale,IT,Italia,2,Femmine,Y15-24,15-24 anni,2019,422.566,,
A,Annuale,IT,Italia,2,Femmine,Y15-24,15-24 anni,2020,355.894,,
A,Annuale,IT,Italia,2,Femmine,Y15-24,15-24 anni,2021,376.889,,
A,Annuale,IT,Italia,2,Femmine,Y15-24,15-24 anni,2022,445.705,,
A,Annuale,IT,Italia,2,Femmine,Y15-24,15-24 anni,2023,452.233,,
A,Annuale,IT,Italia,2,Femmine,Y15-24,15-24 anni,2024,424.306,,
A,Annuale,IT,Italia,2,Femmine,Y15-24,15-24 anni,2025,405.142,,
A,Annuale,IT,Italia,2,Femmine,Y25-34,25-34 anni,2004,2501.976,,
A,Annuale,IT,Italia,2,Femmine,Y25-34,25-34 anni,2005,2453.209,,
A,Annuale,IT,Italia,2,Femmine,Y25-34,25-34 anni,2006,2440.9,,
A,Annuale,IT,Italia,2,Femmine,Y25-34,25-34 anni,2007,2374.779,,
A,Annuale,IT,Italia,2,Femmine,Y25-34,25-34 anni,2008,2360.264,,
A,Annuale,IT,Italia,2,Femmine,Y25-34,25-34 anni,2009,2215.391,,
A,Annuale,IT,Italia,2,Femmine,Y25-34,25-34 anni,2010,2071.466,,
A,Annuale,IT,Italia,2,Femmine,Y25-34,25-34 anni,2011,2020.24,,
A,Annuale,IT,Italia,2,Femmine,Y25-34,25-34 anni,2012,1953.49,,
A,Annuale,IT,Italia,2,Femmine,Y25-34,25-34 anni,2013,1808.549,,
A,Annuale,IT,Italia,2,Femmine,Y25-34,25-34 anni,2014,1776.72,,
A,Annuale,IT,Italia,2,Femmine,Y25-34,25-34 anni,2015,1731.476,,
A,Annuale,IT,Italia,2,Femmine,Y25-34,25-34 anni,2016,1708.263,,
A,Annuale,IT,Italia,2,Femmine,Y25-34,25-34 anni,2017,1726.656,,
A,Annuale,IT,Italia,2,Femmine,Y25-34,25-34 anni,2018,1726.942,,
A,Annuale,IT,Italia,2,Femmine,Y25-34,25-34 anni,2019,1728.515,,
A,Annuale,IT,Italia,2,Femmine,Y25-34,25-34 anni,2020,1615.161,,
A,Annuale,IT,Italia,2,Femmine,Y25-34,25-34 anni,2021,1662.419,,
A,Annuale,IT,Italia,2,Femmine,Y25-34,25-34 anni,2022,1728.005,,
A,Annuale,IT,Italia,2,Femmine,Y25-34,25-34 anni,2023,1788.594,,
A,Annuale,IT,Italia,2,Femmine,Y25-34,25-34 anni,2024,1829.923,,
A,Annuale,IT,Italia,2,Femmine,Y25-34,25-34 anni,2025,1802.438,,
A,Annuale,IT,Italia,2,Femmine,Y15-34,15-34 anni,2004,3188.139,,
A,Annuale,IT,Italia,2,Femmine,Y15-34,15-34 anni,2005,3064.215,,
A,Annuale,IT,Italia,2,Femmine,Y15-34,15-34 anni,2006,3024.45,,
A,Annuale,IT,Italia,2,Femmine,Y15-34,15-34 anni,2007,2940.049,,
A,Annuale,IT,Italia,2,Femmine,Y15-34,15-34 anni,2008,2920.104,,
A,Annuale,IT,Italia,2,Femmine,Y15-34,15-34 anni,2009,2709.08,,
A,Annuale,IT,Italia,2,Femmine,Y15-34,15-34 anni,2010,2547.749,,
A,Annuale,IT,Italia,2,Femmine,Y15-34,15-34 anni,2011,2471.541,,
A,Annuale,IT,Italia,2,Femmine,Y15-34,15-34 anni,2012,2390.471,,
A,Annuale,IT,Italia,2,Femmine,Y15-34,15-34 anni,2013,2207.624,,
A,Annuale,IT,Italia,2,Femmine,Y15-34,15-34 anni,2014,2146.116,,
A,Annuale,IT,Italia,2,Femmine,Y15-34,15-34 anni,2015,2087.462,,
A,Annuale,IT,Italia,2,Femmine,Y15-34,15-34 anni,2016,2098.181,,
A,Annuale,IT,Italia,2,Femmine,Y15-34,15-34 anni,2017,2117.88,,
A,Annuale,IT,Italia,2,Femmine,Y15-34,15-34 anni,2018,2125.217,,
A,Annuale,IT,Italia,2,Femmine,Y15-34,15-34 anni,2019,2151.08,,
A,Annuale,IT,Italia,2,Femmine,Y15-34,15-34 anni,2020,1971.055,,
A,Annuale,IT,Italia,2,Femmine,Y15-34,15-34 anni,2021,2039.309,,
A,Annuale,IT,Italia,2,Femmine,Y15-34,15-34 anni,2022,2173.71,,
A,Annuale,IT,Italia,2,Femmine,Y15-34,15-34 anni,2023,2240.827,,
A,Annuale,IT,Italia,2,Femmine,Y15-34,15-34 anni,2024,2254.228,,
A,Annuale,IT,Italia,2,Femmine,Y15-34,15-34 anni,2025,2207.58,,
A,Annuale,IT,Italia,2,Femmine,Y35-49,35-49 anni,2004,3923.241,,
A,Annuale,IT,Italia,2,Femmine,Y35-49,35-49 anni,2005,4003.26,,
A,Annuale,IT,Italia,2,Femmine,Y35-49,35-49 anni,2006,4135.103,,
A,Annuale,IT,Italia,2,Femmine,Y35-49,35-49 anni,2007,4204.653,,
A,Annuale,IT,Italia,2,Femmine,Y35-49,35-49 anni,2008,4315.122,,
A,Annuale,IT,Italia,2,Femmine,Y35-49,35-49 anni,2009,4306.958,,
A,Annuale,IT,Italia,2,Femmine,Y35-49,35-49 anni,2010,4364.989,,
A,Annuale,IT,Italia,2,Femmine,Y35-49,35-49 anni,2011,4394.53,,
A,Annuale,IT,Italia,2,Femmine,Y35-49,35-49 anni,2012,4402.096,,
A,Annuale,IT,Italia,2,Femmine,Y35-49,35-49 anni,2013,4331.122,,
A,Annuale,IT,Italia,2,Femmine,Y35-49,35-49 anni,2014,4268.915,,
A,Annuale,IT,Italia,2,Femmine,Y35-49,35-49 anni,2015,4233.386,,
A,Annuale,IT,Italia,2,Femmine,Y35-49,35-49 anni,2016,4205.806,,
A,Annuale,IT,Italia,2,Femmine,Y35-49,35-49 anni,2017,4148.922,,
A,Annuale,IT,Italia,2,Femmine,Y35-49,35-49 anni,2018,4098.544,,
A,Annuale,IT,Italia,2,Femmine,Y35-49,35-49 anni,2019,4029.21,,
A,Annuale,IT,Italia,2,Femmine,Y35-49,35-49 anni,2020,3836.022,,
A,Annuale,IT,Italia,2,Femmine,Y35-49,35-49 anni,2021,3814.631,,
A,Annuale,IT,Italia,2,Femmine,Y35-49,35-49 anni,2022,3815.711,,
A,Annuale,IT,Italia,2,Femmine,Y35-49,35-49 anni,2023,3805.618,,
A,Annuale,IT,Italia,2,Femmine,Y35-49,35-49 anni,2024,3835.913,,
A,Annuale,IT,Italia,2,Femmine,Y35-49,35-49 anni,2025,3766.494,,
A,Annuale,IT,Italia,2,Femmine,Y50-64,50-64 anni,2004,1610.485,,
A,Annuale,IT,Italia,2,Femmine,Y50-64,50-64 anni,2005,1662.633,,
A,Annuale,IT,Italia,2,Femmine,Y50-64,50-64 anni,2006,1753.628,,
A,Annuale,IT,Italia,2,Femmine,Y50-64,50-64 anni,2007,1847.5,,
A,Annuale,IT,Italia,2,Femmine,Y50-64,50-64 anni,2008,1946.85,,
A,Annuale,IT,Italia,2,Femmine,Y50-64,50-64 anni,2009,2016.3,,
A,Annuale,IT,Italia,2,Femmine,Y50-64,50-64 anni,2010,2103.517,,
A,Annuale,IT,Italia,2,Femmine,Y50-64,50-64 anni,2011,2250.663,,
A,Annuale,IT,Italia,2,Femmine,Y50-64,50-64 anni,2012,2411.083,,
A,Annuale,IT,Italia,2,Femmine,Y50-64,50-64 anni,2013,2540.021,,
A,Annuale,IT,Italia,2,Femmine,Y50-64,50-64 anni,2014,2709.527,,
A,Annuale,IT,Italia,2,Femmine,Y50-64,50-64 anni,2015,2830.112,,
A,Annuale,IT,Italia,2,Femmine,Y50-64,50-64 anni,2016,2986.082,,
A,Annuale,IT,Italia,2,Femmine,Y50-64,50-64 anni,2017,3147.785,,
A,Annuale,IT,Italia,2,Femmine,Y50-64,50-64 anni,2018,3265.953,,
A,Annuale,IT,Italia,2,Femmine,Y50-64,50-64 anni,2019,3383.339,,
A,Annuale,IT,Italia,2,Femmine,Y50-64,50-64 anni,2020,3372.903,,
A,Annuale,IT,Italia,2,Femmine,Y50-64,50-64 anni,2021,3436.51,,
A,Annuale,IT,Italia,2,Femmine,Y50-64,50-64 anni,2022,3538.693,,
A,Annuale,IT,Italia,2,Femmine,Y50-64,50-64 anni,2023,3693.784,,
A,Annuale,IT,Italia,2,Femmine,Y50-64,50-64 anni,2024,3805.177,,
A,Annuale,IT,Italia,2,Femmine,Y50-64,50-64 anni,2025,3984.937,,
A,Annuale,IT,Italia,2,Femmine,Y15-64,15-64 anni,2004,8721.866,,
A,Annuale,IT,Italia,2,Femmine,Y15-64,15-64 anni,2005,8730.108,,
A,Annuale,IT,Italia,2,Femmine,Y15-64,15-64 anni,2006,8913.181,,
A,Annuale,IT,Italia,2,Femmine,Y15-64,15-64 anni,2007,8992.203,,
A,Annuale,IT,Italia,2,Femmine,Y15-64,15-64 anni,2008,9182.076,,
A,Annuale,IT,Italia,2,Femmine,Y15-64,15-64 anni,2009,9032.338,,
A,Annuale,IT,Italia,2,Femmine,Y15-64,15-64 anni,2010,9016.254,,
A,Annuale,IT,Italia,2,Femmine,Y15-64,15-64 anni,2011,9116.733,,
A,Annuale,IT,Italia,2,Femmine,Y15-64,15-64 anni,2012,9203.651,,
A,Annuale,IT,Italia,2,Femmine,Y15-64,15-64 anni,2013,9078.766,,
A,Annuale,IT,Italia,2,Femmine,Y15-64,15-64 anni,2014,9124.558,,
A,Annuale,IT,Italia,2,Femmine,Y15-64,15-64 anni,2015,9150.96,,
A,Annuale,IT,Italia,2,Femmine,Y15-64,15-64 anni,2016,9290.069,,
A,Annuale,IT,Italia,2,Femmine,Y15-64,15-64 anni,2017,9414.587,,
A,Annuale,IT,Italia,2,Femmine,Y15-64,15-64 anni,2018,9489.713,,
A,Annuale,IT,Italia,2,Femmine,Y15-64,15-64 anni,2019,9563.63,,
A,Annuale,IT,Italia,2,Femmine,Y15-64,15-64 anni,2020,9179.98,,
A,Annuale,IT,Italia,2,Femmine,Y15-64,15-64 anni,2021,9290.449,,
A,Annuale,IT,Italia,2,Femmine,Y15-64,15-64 anni,2022,9528.114,,
A,Annuale,IT,Italia,2,Femmine,Y15-64,15-64 anni,2023,9740.229,,
A,Annuale,IT,Italia,2,Femmine,Y15-64,15-64 anni,2024,9895.319,,
A,Annuale,IT,Italia,2,Femmine,Y15-64,15-64 anni,2025,9959.011,,
A,Annuale,IT,Italia,2,Femmine,Y15-89,15-89 anni,2004,8797.369,,
A,Annuale,IT,Italia,2,Femmine,Y15-89,15-89 anni,2005,8799.272,,
A,Annuale,IT,Italia,2,Femmine,Y15-89,15-89 anni,2006,8989.32,,
A,Annuale,IT,Italia,2,Femmine,Y15-89,15-89 anni,2007,9072.248,,
A,Annuale,IT,Italia,2,Femmine,Y15-89,15-89 anni,2008,9265.646,,
A,Annuale,IT,Italia,2,Femmine,Y15-89,15-89 anni,2009,9117.009,,
A,Annuale,IT,Italia,2,Femmine,Y15-89,15-89 anni,2010,9104.149,,
A,Annuale,IT,Italia,2,Femmine,Y15-89,15-89 anni,2011,9208.451,,
A,Annuale,IT,Italia,2,Femmine,Y15-89,15-89 anni,2012,9298.736,,
A,Annuale,IT,Italia,2,Femmine,Y15-89,15-89 anni,2013,9182.488,,
A,Annuale,IT,Italia,2,Femmine,Y15-89,15-89 anni,2014,9237.372,,
A,Annuale,IT,Italia,2,Femmine,Y15-89,15-89 anni,2015,9274.968,,
A,Annuale,IT,Italia,2,Femmine,Y15-89,15-89 anni,2016,9424.833,,
A,Annuale,IT,Italia,2,Femmine,Y15-89,15-89 anni,2017,9576.751,,
A,Annuale,IT,Italia,2,Femmine,Y15-89,15-89 anni,2018,9676.502,,
A,Annuale,IT,Italia,2,Femmine,Y15-89,15-89 anni,2019,9773.767,,
A,Annuale,IT,Italia,2,Femmine,Y15-89,15-89 anni,2020,9397.844,,
A,Annuale,IT,Italia,2,Femmine,Y15-89,15-89 anni,2021,9510.352,,
A,Annuale,IT,Italia,2,Femmine,Y15-89,15-89 anni,2022,9749.198,,
A,Annuale,IT,Italia,2,Femmine,Y15-89,15-89 anni,2023,9988.555,,
A,Annuale,IT,Italia,2,Femmine,Y15-89,15-89 anni,2024,10167.518,,
A,Annuale,IT,Italia,2,Femmine,Y15-89,15-89 anni,2025,10266.607,,
A,Annuale,IT,Italia,9,Totale,Y15-24,15-24 anni,2004,1654.268,,
A,Annuale,IT,Italia,9,Totale,Y15-24,15-24 anni,2005,1528.696,,
A,Annuale,IT,Italia,9,Totale,Y15-24,15-24 anni,2006,1505.75,,
A,Annuale,IT,Italia,9,Totale,Y15-24,15-24 anni,2007,1454.692,,
A,Annuale,IT,Italia,9,Totale,Y15-24,15-24 anni,2008,1442.679,,
A,Annuale,IT,Italia,9,Totale,Y15-24,15-24 anni,2009,1282.527,,
A,Annuale,IT,Italia,9,Totale,Y15-24,15-24 anni,2010,1208.027,,
A,Annuale,IT,Italia,9,Totale,Y15-24,15-24 anni,2011,1147.97,,
A,Annuale,IT,Italia,9,Totale,Y15-24,15-24 anni,2012,1104.343,,
A,Annuale,IT,Italia,9,Totale,Y15-24,15-24 anni,2013,971.683,,
A,Annuale,IT,Italia,9,Totale,Y15-24,15-24 anni,2014,921.212,,
A,Annuale,IT,Italia,9,Totale,Y15-24,15-24 anni,2015,917.478,,
A,Annuale,IT,Italia,9,Totale,Y15-24,15-24 anni,2016,965.786,,
A,Annuale,IT,Italia,9,Totale,Y15-24,15-24 anni,2017,991.867,,
A,Annuale,IT,Italia,9,Totale,Y15-24,15-24 anni,2018,1019.062,,
A,Annuale,IT,Italia,9,Totale,Y15-24,15-24 anni,2019,1061.201,,
A,Annuale,IT,Italia,9,Totale,Y15-24,15-24 anni,2020,959.417,,
A,Annuale,IT,Italia,9,Totale,Y15-24,15-24 anni,2021,1011.726,,
A,Annuale,IT,Italia,9,Totale,Y15-24,15-24 anni,2022,1145.848,,
A,Annuale,IT,Italia,9,Totale,Y15-24,15-24 anni,2023,1180.7,,
A,Annuale,IT,Italia,9,Totale,Y15-24,15-24 anni,2024,1148.019,,
A,Annuale,IT,Italia,9,Totale,Y15-24,15-24 anni,2025,1049.439,,
A,Annuale,IT,Italia,9,Totale,Y25-34,25-34 anni,2004,5977.807,,
A,Annuale,IT,Italia,9,Totale,Y25-34,25-34 anni,2005,5841.986,,
A,Annuale,IT,Italia,9,Totale,Y25-34,25-34 anni,2006,5780.055,,
A,Annuale,IT,Italia,9,Totale,Y25-34,25-34 anni,2007,5629.652,,
A,Annuale,IT,Italia,9,Totale,Y25-34,25-34 anni,2008,5521.403,,
A,Annuale,IT,Italia,9,Totale,Y25-34,25-34 anni,2009,5157.836,,
A,Annuale,IT,Italia,9,Totale,Y25-34,25-34 anni,2010,4853.222,,
A,Annuale,IT,Italia,9,Totale,Y25-34,25-34 anni,2011,4711.957,,
A,Annuale,IT,Italia,9,Totale,Y25-34,25-34 anni,2012,4487.576,,
A,Annuale,IT,Italia,9,Totale,Y25-34,25-34 anni,2013,4154.595,,
A,Annuale,IT,Italia,9,Totale,Y25-34,25-34 anni,2014,4055.076,,
A,Annuale,IT,Italia,9,Totale,Y25-34,25-34 anni,2015,4012.136,,
A,Annuale,IT,Italia,9,Totale,Y25-34,25-34 anni,2016,4001.746,,
A,Annuale,IT,Italia,9,Totale,Y25-34,25-34 anni,2017,4027.655,,
A,Annuale,IT,Italia,9,Totale,Y25-34,25-34 anni,2018,4020.835,,
A,Annuale,IT,Italia,9,Totale,Y25-34,25-34 anni,2019,4027.796,,
A,Annuale,IT,Italia,9,Totale,Y25-34,25-34 anni,2020,3817.414,,
A,Annuale,IT,Italia,9,Totale,Y25-34,25-34 anni,2021,3916.813,,
A,Annuale,IT,Italia,9,Totale,Y25-34,25-34 anni,2022,4084.68,,
A,Annuale,IT,Italia,9,Totale,Y25-34,25-34 anni,2023,4186.905,,
A,Annuale,IT,Italia,9,Totale,Y25-34,25-34 anni,2024,4242.291,,
A,Annuale,IT,Italia,9,Totale,Y25-34,25-34 anni,2025,4231.713,,
A,Annuale,IT,Italia,9,Totale,Y15-34,15-34 anni,2004,7632.075,,
A,Annuale,IT,Italia,9,Totale,Y15-34,15-34 anni,2005,7370.681,,
A,Annuale,IT,Italia,9,Totale,Y15-34,15-34 anni,2006,7285.805,,
A,Annuale,IT,Italia,9,Totale,Y15-34,15-34 anni,2007,7084.345,,
A,Annuale,IT,Italia,9,Totale,Y15-34,15-34 anni,2008,6964.082,,
A,Annuale,IT,Italia,9,Totale,Y15-34,15-34 anni,2009,6440.362,,
A,Annuale,IT,Italia,9,Totale,Y15-34,15-34 anni,2010,6061.249,,
A,Annuale,IT,Italia,9,Totale,Y15-34,15-34 anni,2011,5859.927,,
A,Annuale,IT,Italia,9,Totale,Y15-34,15-34 anni,2012,5591.919,,
A,Annuale,IT,Italia,9,Totale,Y15-34,15-34 anni,2013,5126.279,,
A,Annuale,IT,Italia,9,Totale,Y15-34,15-34 anni,2014,4976.289,,
A,Annuale,IT,Italia,9,Totale,Y15-34,15-34 anni,2015,4929.614,,
A,Annuale,IT,Italia,9,Totale,Y15-34,15-34 anni,2016,4967.532,,
A,Annuale,IT,Italia,9,Totale,Y15-34,15-34 anni,2017,5019.522,,
A,Annuale,IT,Italia,9,Totale,Y15-34,15-34 anni,2018,5039.898,,
A,Annuale,IT,Italia,9,Totale,Y15-34,15-34 anni,2019,5088.997,,
A,Annuale,IT,Italia,9,Totale,Y15-34,15-34 anni,2020,4776.831,,
A,Annuale,IT,Italia,9,Totale,Y15-34,15-34 anni,2021,4928.539,,
A,Annuale,IT,Italia,9,Totale,Y15-34,15-34 anni,2022,5230.527,,
A,Annuale,IT,Italia,9,Totale,Y15-34,15-34 anni,2023,5367.605,,
A,Annuale,IT,Italia,9,Totale,Y15-34,15-34 anni,2024,5390.31,,
A,Annuale,IT,Italia,9,Totale,Y15-34,15-34 anni,2025,5281.151,,
A,Annuale,IT,Italia,9,Totale,Y35-49,35-49 anni,2004,9818.052,,
A,Annuale,IT,Italia,9,Totale,Y35-49,35-49 anni,2005,9997.474,,
A,Annuale,IT,Italia,9,Totale,Y35-49,35-49 anni,2006,10239.575,,
A,Annuale,IT,Italia,9,Totale,Y35-49,35-49 anni,2007,10373.41,,
A,Annuale,IT,Italia,9,Totale,Y35-49,35-49 anni,2008,10533.908,,
A,Annuale,IT,Italia,9,Totale,Y35-49,35-49 anni,2009,10440.54,,
A,Annuale,IT,Italia,9,Totale,Y35-49,35-49 anni,2010,10469.397,,
A,Annuale,IT,Italia,9,Totale,Y35-49,35-49 anni,2011,10504.392,,
A,Annuale,IT,Italia,9,Totale,Y35-49,35-49 anni,2012,10388.075,,
A,Annuale,IT,Italia,9,Totale,Y35-49,35-49 anni,2013,10153.922,,
A,Annuale,IT,Italia,9,Totale,Y35-49,35-49 anni,2014,9990.398,,
A,Annuale,IT,Italia,9,Totale,Y35-49,35-49 anni,2015,9888.167,,
A,Annuale,IT,Italia,9,Totale,Y35-49,35-49 anni,2016,9801.882,,
A,Annuale,IT,Italia,9,Totale,Y35-49,35-49 anni,2017,9688.07,,
A,Annuale,IT,Italia,9,Totale,Y35-49,35-49 anni,2018,9553.082,,
A,Annuale,IT,Italia,9,Totale,Y35-49,35-49 anni,2019,9392.729,,
A,Annuale,IT,Italia,9,Totale,Y35-49,35-49 anni,2020,8992.628,,
A,Annuale,IT,Italia,9,Totale,Y35-49,35-49 anni,2021,8878.913,,
A,Annuale,IT,Italia,9,Totale,Y35-49,35-49 anni,2022,8866.138,,
A,Annuale,IT,Italia,9,Totale,Y35-49,35-49 anni,2023,8791.242,,
A,Annuale,IT,Italia,9,Totale,Y35-49,35-49 anni,2024,8835.672,,
A,Annuale,IT,Italia,9,Totale,Y35-49,35-49 anni,2025,8720.81,,
A,Annuale,IT,Italia,9,Totale,Y50-64,50-64 anni,2004,4511.406,,
A,Annuale,IT,Italia,9,Totale,Y50-64,50-64 anni,2005,4632.382,,
A,Annuale,IT,Italia,9,Totale,Y50-64,50-64 anni,2006,4799.304,,
A,Annuale,IT,Italia,9,Totale,Y50-64,50-64 anni,2007,4996.946,,
A,Annuale,IT,Italia,9,Totale,Y50-64,50-64 anni,2008,5148.01,,
A,Annuale,IT,Italia,9,Totale,Y50-64,50-64 anni,2009,5265.685,,
A,Annuale,IT,Italia,9,Totale,Y50-64,50-64 anni,2010,5430.851,,
A,Annuale,IT,Italia,9,Totale,Y50-64,50-64 anni,2011,5672.514,,
A,Annuale,IT,Italia,9,Totale,Y50-64,50-64 anni,2012,5910.782,,
A,Annuale,IT,Italia,9,Totale,Y50-64,50-64 anni,2013,6140.024,,
A,Annuale,IT,Italia,9,Totale,Y50-64,50-64 anni,2014,6491.21,,
A,Annuale,IT,Italia,9,Totale,Y50-64,50-64 anni,2015,6816.41,,
A,Annuale,IT,Italia,9,Totale,Y50-64,50-64 anni,2016,7168.222,,
A,Annuale,IT,Italia,9,Totale,Y50-64,50-64 anni,2017,7453.793,,
A,Annuale,IT,Italia,9,Totale,Y50-64,50-64 anni,2018,7739.634,,
A,Annuale,IT,Italia,9,Totale,Y50-64,50-64 anni,2019,7960.988,,
A,Annuale,IT,Italia,9,Totale,Y50-64,50-64 anni,2020,7951.558,,
A,Annuale,IT,Italia,9,Totale,Y50-64,50-64 anni,2021,8041.745,,
A,Annuale,IT,Italia,9,Totale,Y50-64,50-64 anni,2022,8315.815,,
A,Annuale,IT,Italia,9,Totale,Y50-64,50-64 anni,2023,8676.1,,
A,Annuale,IT,Italia,9,Totale,Y50-64,50-64 anni,2024,8924.046,,
A,Annuale,IT,Italia,9,Totale,Y50-64,50-64 anni,2025,9249.199,,
A,Annuale,IT,Italia,9,Totale,Y15-64,15-64 anni,2004,21961.533,,
A,Annuale,IT,Italia,9,Totale,Y15-64,15-64 anni,2005,22000.538,,
A,Annuale,IT,Italia,9,Totale,Y15-64,15-64 anni,2006,22324.684,,
A,Annuale,IT,Italia,9,Totale,Y15-64,15-64 anni,2007,22454.701,,
A,Annuale,IT,Italia,9,Totale,Y15-64,15-64 anni,2008,22646,,
A,Annuale,IT,Italia,9,Totale,Y15-64,15-64 anni,2009,22146.588,,
A,Annuale,IT,Italia,9,Totale,Y15-64,15-64 anni,2010,21961.497,,
A,Annuale,IT,Italia,9,Totale,Y15-64,15-64 anni,2011,22036.833,,
A,Annuale,IT,Italia,9,Totale,Y15-64,15-64 anni,2012,21890.776,,
A,Annuale,IT,Italia,9,Totale,Y15-64,15-64 anni,2013,21420.225,,
A,Annuale,IT,Italia,9,Totale,Y15-64,15-64 anni,2014,21457.896,,
A,Annuale,IT,Italia,9,Totale,Y15-64,15-64 anni,2015,21634.191,,
A,Annuale,IT,Italia,9,Totale,Y15-64,15-64 anni,2016,21937.636,,
A,Annuale,IT,Italia,9,Totale,Y15-64,15-64 anni,2017,22161.385,,
A,Annuale,IT,Italia,9,Totale,Y15-64,15-64 anni,2018,22332.614,,
A,Annuale,IT,Italia,9,Totale,Y15-64,15-64 anni,2019,22442.714,,
A,Annuale,IT,Italia,9,Totale,Y15-64,15-64 anni,2020,21721.017,,
A,Annuale,IT,Italia,9,Totale,Y15-64,15-64 anni,2021,21849.197,,
A,Annuale,IT,Italia,9,Totale,Y15-64,15-64 anni,2022,22412.48,,
A,Annuale,IT,Italia,9,Totale,Y15-64,15-64 anni,2023,22834.947,,
A,Annuale,IT,Italia,9,Totale,Y15-64,15-64 anni,2024,23150.028,,
A,Annuale,IT,Italia,9,Totale,Y15-64,15-64 anni,2025,23251.161,,
A,Annuale,IT,Italia,9,Totale,Y15-89,15-89 anni,2004,22301.186,,
A,Annuale,IT,Italia,9,Totale,Y15-89,15-89 anni,2005,22343.992,,
A,Annuale,IT,Italia,9,Totale,Y15-89,15-89 anni,2006,22690.808,,
A,Annuale,IT,Italia,9,Totale,Y15-89,15-89 anni,2007,22828.445,,
A,Annuale,IT,Italia,9,Totale,Y15-89,15-89 anni,2008,23034.417,,
A,Annuale,IT,Italia,9,Totale,Y15-89,15-89 anni,2009,22517.839,,
A,Annuale,IT,Italia,9,Totale,Y15-89,15-89 anni,2010,22333.327,,
A,Annuale,IT,Italia,9,Totale,Y15-89,15-89 anni,2011,22416.637,,
A,Annuale,IT,Italia,9,Totale,Y15-89,15-89 anni,2012,22304.151,,
A,Annuale,IT,Italia,9,Totale,Y15-89,15-89 anni,2013,21851.61,,
A,Annuale,IT,Italia,9,Totale,Y15-89,15-89 anni,2014,21922.394,,
A,Annuale,IT,Italia,9,Totale,Y15-89,15-89 anni,2015,22121.238,,
A,Annuale,IT,Italia,9,Totale,Y15-89,15-89 anni,2016,22449.112,,
A,Annuale,IT,Italia,9,Totale,Y15-89,15-89 anni,2017,22734.648,,
A,Annuale,IT,Italia,9,Totale,Y15-89,15-89 anni,2018,22958.73,,
A,Annuale,IT,Italia,9,Totale,Y15-89,15-89 anni,2019,23109.405,,
A,Annuale,IT,Italia,9,Totale,Y15-89,15-89 anni,2020,22385.257,,
A,Annuale,IT,Italia,9,Totale,Y15-89,15-89 anni,2021,22553.955,,
A,Annuale,IT,Italia,9,Totale,Y15-89,15-89 anni,2022,23099.389,,
A,Annuale,IT,Italia,9,Totale,Y15-89,15-89 anni,2023,23579.947,,
A,Annuale,IT,Italia,9,Totale,Y15-89,15-89 anni,2024,23932.264,,
A,Annuale,IT,Italia,9,Totale,Y15-89,15-89 anni,2025,24117.234,,
A,Annuale,ITCD,Nord,1,Maschi,Y15-24,15-24 anni,2004,483.325,,
A,Annuale,ITCD,Nord,1,Maschi,Y15-24,15-24 anni,2005,464.978,,
A,Annuale,ITCD,Nord,1,Maschi,Y15-24,15-24 anni,2006,462.121,,
A,Annuale,ITCD,Nord,1,Maschi,Y15-24,15-24 anni,2007,438.664,,
A,Annuale,ITCD,Nord,1,Maschi,Y15-24,15-24 anni,2008,440.949,,
A,Annuale,ITCD,Nord,1,Maschi,Y15-24,15-24 anni,2009,395.271,,
A,Annuale,ITCD,Nord,1,Maschi,Y15-24,15-24 anni,2010,366.348,,
A,Annuale,ITCD,Nord,1,Maschi,Y15-24,15-24 anni,2011,351.715,,
A,Annuale,ITCD,Nord,1,Maschi,Y15-24,15-24 anni,2012,340.371,,
A,Annuale,ITCD,Nord,1,Maschi,Y15-24,15-24 anni,2013,294.948,,
A,Annuale,ITCD,Nord,1,Maschi,Y15-24,15-24 anni,2014,293.323,,
A,Annuale,ITCD,Nord,1,Maschi,Y15-24,15-24 anni,2015,288.834,,
A,Annuale,ITCD,Nord,1,Maschi,Y15-24,15-24 anni,2016,297.912,,
A,Annuale,ITCD,Nord,1,Maschi,Y15-24,15-24 anni,2017,321.447,,
A,Annuale,ITCD,Nord,1,Maschi,Y15-24,15-24 anni,2018,341.839,,
A,Annuale,ITCD,Nord,1,Maschi,Y15-24,15-24 anni,2019,355.859,,
A,Annuale,ITCD,Nord,1,Maschi,Y15-24,15-24 anni,2020,336.823,,
A,Annuale,ITCD,Nord,1,Maschi,Y15-24,15-24 anni,2021,345.228,,
A,Annuale,ITCD,Nord,1,Maschi,Y15-24,15-24 anni,2022,382.804,,
A,Annuale,ITCD,Nord,1,Maschi,Y15-24,15-24 anni,2023,397.559,,
A,Annuale,ITCD,Nord,1,Maschi,Y15-24,15-24 anni,2024,399.489,,
A,Annuale,ITCD,Nord,1,Maschi,Y15-24,15-24 anni,2025,354.733,,
A,Annuale,ITCD,Nord,1,Maschi,Y25-34,25-34 anni,2004,1764.469,,
A,Annuale,ITCD,Nord,1,Maschi,Y25-34,25-34 anni,2005,1730.626,,
A,Annuale,ITCD,Nord,1,Maschi,Y25-34,25-34 anni,2006,1683.576,,
A,Annuale,ITCD,Nord,1,Maschi,Y25-34,25-34 anni,2007,1634.456,,
A,Annuale,ITCD,Nord,1,Maschi,Y25-34,25-34 anni,2008,1589.912,,
A,Annuale,ITCD,Nord,1,Maschi,Y25-34,25-34 anni,2009,1479.737,,
A,Annuale,ITCD,Nord,1,Maschi,Y25-34,25-34 anni,2010,1401.157,,
A,Annuale,ITCD,Nord,1,Maschi,Y25-34,25-34 anni,2011,1356.371,,
A,Annuale,ITCD,Nord,1,Maschi,Y25-34,25-34 anni,2012,1268.114,,
A,Annuale,ITCD,Nord,1,Maschi,Y25-34,25-34 anni,2013,1202.386,,
A,Annuale,ITCD,Nord,1,Maschi,Y25-34,25-34 anni,2014,1167.548,,
A,Annuale,ITCD,Nord,1,Maschi,Y25-34,25-34 anni,2015,1162.001,,
A,Annuale,ITCD,Nord,1,Maschi,Y25-34,25-34 anni,2016,1171.355,,
A,Annuale,ITCD,Nord,1,Maschi,Y25-34,25-34 anni,2017,1171.481,,
A,Annuale,ITCD,Nord,1,Maschi,Y25-34,25-34 anni,2018,1169.615,,
A,Annuale,ITCD,Nord,1,Maschi,Y25-34,25-34 anni,2019,1176.606,,
A,Annuale,ITCD,Nord,1,Maschi,Y25-34,25-34 anni,2020,1131.998,,
A,Annuale,ITCD,Nord,1,Maschi,Y25-34,25-34 anni,2021,1154.229,,
A,Annuale,ITCD,Nord,1,Maschi,Y25-34,25-34 anni,2022,1220.379,,
A,Annuale,ITCD,Nord,1,Maschi,Y25-34,25-34 anni,2023,1235.266,,
A,Annuale,ITCD,Nord,1,Maschi,Y25-34,25-34 anni,2024,1247.576,,
A,Annuale,ITCD,Nord,1,Maschi,Y25-34,25-34 anni,2025,1278.48,,
A,Annuale,ITCD,Nord,1,Maschi,Y15-34,15-34 anni,2004,2247.794,,
A,Annuale,ITCD,Nord,1,Maschi,Y15-34,15-34 anni,2005,2195.604,,
A,Annuale,ITCD,Nord,1,Maschi,Y15-34,15-34 anni,2006,2145.697,,
A,Annuale,ITCD,Nord,1,Maschi,Y15-34,15-34 anni,2007,2073.121,,
A,Annuale,ITCD,Nord,1,Maschi,Y15-34,15-34 anni,2008,2030.861,,
A,Annuale,ITCD,Nord,1,Maschi,Y15-34,15-34 anni,2009,1875.008,,
A,Annuale,ITCD,Nord,1,Maschi,Y15-34,15-34 anni,2010,1767.505,,
A,Annuale,ITCD,Nord,1,Maschi,Y15-34,15-34 anni,2011,1708.086,,
A,Annuale,ITCD,Nord,1,Maschi,Y15-34,15-34 anni,2012,1608.485,,
A,Annuale,ITCD,Nord,1,Maschi,Y15-34,15-34 anni,2013,1497.335,,
A,Annuale,ITCD,Nord,1,Maschi,Y15-34,15-34 anni,2014,1460.871,,
A,Annuale,ITCD,Nord,1,Maschi,Y15-34,15-34 anni,2015,1450.835,,
A,Annuale,ITCD,Nord,1,Maschi,Y15-34,15-34 anni,2016,1469.267,,
A,Annuale,ITCD,Nord,1,Maschi,Y15-34,15-34 anni,2017,1492.928,,
A,Annuale,ITCD,Nord,1,Maschi,Y15-34,15-34 anni,2018,1511.454,,
A,Annuale,ITCD,Nord,1,Maschi,Y15-34,15-34 anni,2019,1532.465,,
A,Annuale,ITCD,Nord,1,Maschi,Y15-34,15-34 anni,2020,1468.82,,
A,Annuale,ITCD,Nord,1,Maschi,Y15-34,15-34 anni,2021,1499.457,,
A,Annuale,ITCD,Nord,1,Maschi,Y15-34,15-34 anni,2022,1603.184,,
A,Annuale,ITCD,Nord,1,Maschi,Y15-34,15-34 anni,2023,1632.825,,
A,Annuale,ITCD,Nord,1,Maschi,Y15-34,15-34 anni,2024,1647.065,,
A,Annuale,ITCD,Nord,1,Maschi,Y15-34,15-34 anni,2025,1633.213,,
A,Annuale,ITCD,Nord,1,Maschi,Y35-49,35-49 anni,2004,2903.97,,
A,Annuale,ITCD,Nord,1,Maschi,Y35-49,35-49 anni,2005,2970.096,,
A,Annuale,ITCD,Nord,1,Maschi,Y35-49,35-49 anni,2006,3036.468,,
A,Annuale,ITCD,Nord,1,Maschi,Y35-49,35-49 anni,2007,3086.042,,
A,Annuale,ITCD,Nord,1,Maschi,Y35-49,35-49 anni,2008,3142.722,,
A,Annuale,ITCD,Nord,1,Maschi,Y35-49,35-49 anni,2009,3105.856,,
A,Annuale,ITCD,Nord,1,Maschi,Y35-49,35-49 anni,2010,3116.581,,
A,Annuale,ITCD,Nord,1,Maschi,Y35-49,35-49 anni,2011,3108.184,,
A,Annuale,ITCD,Nord,1,Maschi,Y35-49,35-49 anni,2012,3049.4,,
A,Annuale,ITCD,Nord,1,Maschi,Y35-49,35-49 anni,2013,2986.543,,
A,Annuale,ITCD,Nord,1,Maschi,Y35-49,35-49 anni,2014,2950.321,,
A,Annuale,ITCD,Nord,1,Maschi,Y35-49,35-49 anni,2015,2905.514,,
A,Annuale,ITCD,Nord,1,Maschi,Y35-49,35-49 anni,2016,2862.526,,
A,Annuale,ITCD,Nord,1,Maschi,Y35-49,35-49 anni,2017,2827.058,,
A,Annuale,ITCD,Nord,1,Maschi,Y35-49,35-49 anni,2018,2781.821,,
A,Annuale,ITCD,Nord,1,Maschi,Y35-49,35-49 anni,2019,2731.833,,
A,Annuale,ITCD,Nord,1,Maschi,Y35-49,35-49 anni,2020,2618.688,,
A,Annuale,ITCD,Nord,1,Maschi,Y35-49,35-49 anni,2021,2567.096,,
A,Annuale,ITCD,Nord,1,Maschi,Y35-49,35-49 anni,2022,2544.103,,
A,Annuale,ITCD,Nord,1,Maschi,Y35-49,35-49 anni,2023,2484.973,,
A,Annuale,ITCD,Nord,1,Maschi,Y35-49,35-49 anni,2024,2476.24,,
A,Annuale,ITCD,Nord,1,Maschi,Y35-49,35-49 anni,2025,2452.573,,
A,Annuale,ITCD,Nord,1,Maschi,Y50-64,50-64 anni,2004,1334.852,,
A,Annuale,ITCD,Nord,1,Maschi,Y50-64,50-64 anni,2005,1365.011,,
A,Annuale,ITCD,Nord,1,Maschi,Y50-64,50-64 anni,2006,1407.269,,
A,Annuale,ITCD,Nord,1,Maschi,Y50-64,50-64 anni,2007,1467.234,,
A,Annuale,ITCD,Nord,1,Maschi,Y50-64,50-64 anni,2008,1487.414,,
A,Annuale,ITCD,Nord,1,Maschi,Y50-64,50-64 anni,2009,1521.911,,
A,Annuale,ITCD,Nord,1,Maschi,Y50-64,50-64 anni,2010,1558.109,,
A,Annuale,ITCD,Nord,1,Maschi,Y50-64,50-64 anni,2011,1617.522,,
A,Annuale,ITCD,Nord,1,Maschi,Y50-64,50-64 anni,2012,1679.635,,
A,Annuale,ITCD,Nord,1,Maschi,Y50-64,50-64 anni,2013,1755.675,,
A,Annuale,ITCD,Nord,1,Maschi,Y50-64,50-64 anni,2014,1838.739,,
A,Annuale,ITCD,Nord,1,Maschi,Y50-64,50-64 anni,2015,1946.885,,
A,Annuale,ITCD,Nord,1,Maschi,Y50-64,50-64 anni,2016,2050.254,,
A,Annuale,ITCD,Nord,1,Maschi,Y50-64,50-64 anni,2017,2120.598,,
A,Annuale,ITCD,Nord,1,Maschi,Y50-64,50-64 anni,2018,2204.251,,
A,Annuale,ITCD,Nord,1,Maschi,Y50-64,50-64 anni,2019,2280.724,,
A,Annuale,ITCD,Nord,1,Maschi,Y50-64,50-64 anni,2020,2273.404,,
A,Annuale,ITCD,Nord,1,Maschi,Y50-64,50-64 anni,2021,2287.968,,
A,Annuale,ITCD,Nord,1,Maschi,Y50-64,50-64 anni,2022,2369.408,,
A,Annuale,ITCD,Nord,1,Maschi,Y50-64,50-64 anni,2023,2479.752,,
A,Annuale,ITCD,Nord,1,Maschi,Y50-64,50-64 anni,2024,2533.215,,
A,Annuale,ITCD,Nord,1,Maschi,Y50-64,50-64 anni,2025,2603.903,,
A,Annuale,ITCD,Nord,1,Maschi,Y15-64,15-64 anni,2004,6486.616,,
A,Annuale,ITCD,Nord,1,Maschi,Y15-64,15-64 anni,2005,6530.711,,
A,Annuale,ITCD,Nord,1,Maschi,Y15-64,15-64 anni,2006,6589.435,,
A,Annuale,ITCD,Nord,1,Maschi,Y15-64,15-64 anni,2007,6626.398,,
A,Annuale,ITCD,Nord,1,Maschi,Y15-64,15-64 anni,2008,6660.997,,
A,Annuale,ITCD,Nord,1,Maschi,Y15-64,15-64 anni,2009,6502.776,,
A,Annuale,ITCD,Nord,1,Maschi,Y15-64,15-64 anni,2010,6442.195,,
A,Annuale,ITCD,Nord,1,Maschi,Y15-64,15-64 anni,2011,6433.792,,
A,Annuale,ITCD,Nord,1,Maschi,Y15-64,15-64 anni,2012,6337.52,,
A,Annuale,ITCD,Nord,1,Maschi,Y15-64,15-64 anni,2013,6239.552,,
A,Annuale,ITCD,Nord,1,Maschi,Y15-64,15-64 anni,2014,6249.931,,
A,Annuale,ITCD,Nord,1,Maschi,Y15-64,15-64 anni,2015,6303.234,,
A,Annuale,ITCD,Nord,1,Maschi,Y15-64,15-64 anni,2016,6382.047,,
A,Annuale,ITCD,Nord,1,Maschi,Y15-64,15-64 anni,2017,6440.584,,
A,Annuale,ITCD,Nord,1,Maschi,Y15-64,15-64 anni,2018,6497.526,,
A,Annuale,ITCD,Nord,1,Maschi,Y15-64,15-64 anni,2019,6545.022,,
A,Annuale,ITCD,Nord,1,Maschi,Y15-64,15-64 anni,2020,6360.913,,
A,Annuale,ITCD,Nord,1,Maschi,Y15-64,15-64 anni,2021,6354.521,,
A,Annuale,ITCD,Nord,1,Maschi,Y15-64,15-64 anni,2022,6516.695,,
A,Annuale,ITCD,Nord,1,Maschi,Y15-64,15-64 anni,2023,6597.551,,
A,Annuale,ITCD,Nord,1,Maschi,Y15-64,15-64 anni,2024,6656.52,,
A,Annuale,ITCD,Nord,1,Maschi,Y15-64,15-64 anni,2025,6689.689,,
A,Annuale,ITCD,Nord,1,Maschi,Y15-89,15-89 anni,2004,6621.659,,
A,Annuale,ITCD,Nord,1,Maschi,Y15-89,15-89 anni,2005,6671.687,,
A,Annuale,ITCD,Nord,1,Maschi,Y15-89,15-89 anni,2006,6738.314,,
A,Annuale,ITCD,Nord,1,Maschi,Y15-89,15-89 anni,2007,6778.403,,
A,Annuale,ITCD,Nord,1,Maschi,Y15-89,15-89 anni,2008,6817.424,,
A,Annuale,ITCD,Nord,1,Maschi,Y15-89,15-89 anni,2009,6651.472,,
A,Annuale,ITCD,Nord,1,Maschi,Y15-89,15-89 anni,2010,6583.339,,
A,Annuale,ITCD,Nord,1,Maschi,Y15-89,15-89 anni,2011,6583.459,,
A,Annuale,ITCD,Nord,1,Maschi,Y15-89,15-89 anni,2012,6500.416,,
A,Annuale,ITCD,Nord,1,Maschi,Y15-89,15-89 anni,2013,6410.762,,
A,Annuale,ITCD,Nord,1,Maschi,Y15-89,15-89 anni,2014,6432.621,,
A,Annuale,ITCD,Nord,1,Maschi,Y15-89,15-89 anni,2015,6486.684,,
A,Annuale,ITCD,Nord,1,Maschi,Y15-89,15-89 anni,2016,6570.417,,
A,Annuale,ITCD,Nord,1,Maschi,Y15-89,15-89 anni,2017,6644.796,,
A,Annuale,ITCD,Nord,1,Maschi,Y15-89,15-89 anni,2018,6725.904,,
A,Annuale,ITCD,Nord,1,Maschi,Y15-89,15-89 anni,2019,6783.567,,
A,Annuale,ITCD,Nord,1,Maschi,Y15-89,15-89 anni,2020,6589.395,,
A,Annuale,ITCD,Nord,1,Maschi,Y15-89,15-89 anni,2021,6603.12,,
A,Annuale,ITCD,Nord,1,Maschi,Y15-89,15-89 anni,2022,6750.04,,
A,Annuale,ITCD,Nord,1,Maschi,Y15-89,15-89 anni,2023,6837.82,,
A,Annuale,ITCD,Nord,1,Maschi,Y15-89,15-89 anni,2024,6901.494,,
A,Annuale,ITCD,Nord,1,Maschi,Y15-89,15-89 anni,2025,6946.396,,
A,Annuale,ITCD,Nord,2,Femmine,Y15-24,15-24 anni,2004,381.515,,
A,Annuale,ITCD,Nord,2,Femmine,Y15-24,15-24 anni,2005,346.384,,
A,Annuale,ITCD,Nord,2,Femmine,Y15-24,15-24 anni,2006,319.749,,
A,Annuale,ITCD,Nord,2,Femmine,Y15-24,15-24 anni,2007,312.243,,
A,Annuale,ITCD,Nord,2,Femmine,Y15-24,15-24 anni,2008,302.414,,
A,Annuale,ITCD,Nord,2,Femmine,Y15-24,15-24 anni,2009,270.426,,
A,Annuale,ITCD,Nord,2,Femmine,Y15-24,15-24 anni,2010,254.928,,
A,Annuale,ITCD,Nord,2,Femmine,Y15-24,15-24 anni,2011,247.694,,
A,Annuale,ITCD,Nord,2,Femmine,Y15-24,15-24 anni,2012,239.831,,
A,Annuale,ITCD,Nord,2,Femmine,Y15-24,15-24 anni,2013,220.088,,
A,Annuale,ITCD,Nord,2,Femmine,Y15-24,15-24 anni,2014,208.86,,
A,Annuale,ITCD,Nord,2,Femmine,Y15-24,15-24 anni,2015,195.496,,
A,Annuale,ITCD,Nord,2,Femmine,Y15-24,15-24 anni,2016,215.643,,
A,Annuale,ITCD,Nord,2,Femmine,Y15-24,15-24 anni,2017,224.546,,
A,Annuale,ITCD,Nord,2,Femmine,Y15-24,15-24 anni,2018,227.63,,
A,Annuale,ITCD,Nord,2,Femmine,Y15-24,15-24 anni,2019,248.888,,
A,Annuale,ITCD,Nord,2,Femmine,Y15-24,15-24 anni,2020,211.431,,
A,Annuale,ITCD,Nord,2,Femmine,Y15-24,15-24 anni,2021,216.665,,
A,Annuale,ITCD,Nord,2,Femmine,Y15-24,15-24 anni,2022,261.928,,
A,Annuale,ITCD,Nord,2,Femmine,Y15-24,15-24 anni,2023,273.367,,
A,Annuale,ITCD,Nord,2,Femmine,Y15-24,15-24 anni,2024,241.747,,
A,Annuale,ITCD,Nord,2,Femmine,Y15-24,15-24 anni,2025,241.577,,
A,Annuale,ITCD,Nord,2,Femmine,Y25-34,25-34 anni,2004,1405.338,,
A,Annuale,ITCD,Nord,2,Femmine,Y25-34,25-34 anni,2005,1388.03,,
A,Annuale,ITCD,Nord,2,Femmine,Y25-34,25-34 anni,2006,1362.286,,
A,Annuale,ITCD,Nord,2,Femmine,Y25-34,25-34 anni,2007,1315.985,,
A,Annuale,ITCD,Nord,2,Femmine,Y25-34,25-34 anni,2008,1297.134,,
A,Annuale,ITCD,Nord,2,Femmine,Y25-34,25-34 anni,2009,1224.906,,
A,Annuale,ITCD,Nord,2,Femmine,Y25-34,25-34 anni,2010,1151.251,,
A,Annuale,ITCD,Nord,2,Femmine,Y25-34,25-34 anni,2011,1112.863,,
A,Annuale,ITCD,Nord,2,Femmine,Y25-34,25-34 anni,2012,1065.727,,
A,Annuale,ITCD,Nord,2,Femmine,Y25-34,25-34 anni,2013,986.55,,
A,Annuale,ITCD,Nord,2,Femmine,Y25-34,25-34 anni,2014,964.848,,
A,Annuale,ITCD,Nord,2,Femmine,Y25-34,25-34 anni,2015,935.43,,
A,Annuale,ITCD,Nord,2,Femmine,Y25-34,25-34 anni,2016,923.733,,
A,Annuale,ITCD,Nord,2,Femmine,Y25-34,25-34 anni,2017,934.363,,
A,Annuale,ITCD,Nord,2,Femmine,Y25-34,25-34 anni,2018,947.449,,
A,Annuale,ITCD,Nord,2,Femmine,Y25-34,25-34 anni,2019,951.847,,
A,Annuale,ITCD,Nord,2,Femmine,Y25-34,25-34 anni,2020,902.826,,
A,Annuale,ITCD,Nord,2,Femmine,Y25-34,25-34 anni,2021,924.658,,
A,Annuale,ITCD,Nord,2,Femmine,Y25-34,25-34 anni,2022,953.649,,
A,Annuale,ITCD,Nord,2,Femmine,Y25-34,25-34 anni,2023,982.215,,
A,Annuale,ITCD,Nord,2,Femmine,Y25-34,25-34 anni,2024,1006.006,,
A,Annuale,ITCD,Nord,2,Femmine,Y25-34,25-34 anni,2025,990.207,,
A,Annuale,ITCD,Nord,2,Femmine,Y15-34,15-34 anni,2004,1786.854,,
A,Annuale,ITCD,Nord,2,Femmine,Y15-34,15-34 anni,2005,1734.415,,
A,Annuale,ITCD,Nord,2,Femmine,Y15-34,15-34 anni,2006,1682.034,,
A,Annuale,ITCD,Nord,2,Femmine,Y15-34,15-34 anni,2007,1628.229,,
A,Annuale,ITCD,Nord,2,Femmine,Y15-34,15-34 anni,2008,1599.548,,
A,Annuale,ITCD,Nord,2,Femmine,Y15-34,15-34 anni,2009,1495.332,,
A,Annuale,ITCD,Nord,2,Femmine,Y15-34,15-34 anni,2010,1406.179,,
A,Annuale,ITCD,Nord,2,Femmine,Y15-34,15-34 anni,2011,1360.558,,
A,Annuale,ITCD,Nord,2,Femmine,Y15-34,15-34 anni,2012,1305.559,,
A,Annuale,ITCD,Nord,2,Femmine,Y15-34,15-34 anni,2013,1206.638,,
A,Annuale,ITCD,Nord,2,Femmine,Y15-34,15-34 anni,2014,1173.709,,
A,Annuale,ITCD,Nord,2,Femmine,Y15-34,15-34 anni,2015,1130.927,,
A,Annuale,ITCD,Nord,2,Femmine,Y15-34,15-34 anni,2016,1139.376,,
A,Annuale,ITCD,Nord,2,Femmine,Y15-34,15-34 anni,2017,1158.909,,
A,Annuale,ITCD,Nord,2,Femmine,Y15-34,15-34 anni,2018,1175.078,,
A,Annuale,ITCD,Nord,2,Femmine,Y15-34,15-34 anni,2019,1200.735,,
A,Annuale,ITCD,Nord,2,Femmine,Y15-34,15-34 anni,2020,1114.257,,
A,Annuale,ITCD,Nord,2,Femmine,Y15-34,15-34 anni,2021,1141.323,,
A,Annuale,ITCD,Nord,2,Femmine,Y15-34,15-34 anni,2022,1215.577,,
A,Annuale,ITCD,Nord,2,Femmine,Y15-34,15-34 anni,2023,1255.582,,
A,Annuale,ITCD,Nord,2,Femmine,Y15-34,15-34 anni,2024,1247.753,,
A,Annuale,ITCD,Nord,2,Femmine,Y15-34,15-34 anni,2025,1231.784,,
A,Annuale,ITCD,Nord,2,Femmine,Y35-49,35-49 anni,2004,2148.239,,
A,Annuale,ITCD,Nord,2,Femmine,Y35-49,35-49 anni,2005,2209.986,,
A,Annuale,ITCD,Nord,2,Femmine,Y35-49,35-49 anni,2006,2288.948,,
A,Annuale,ITCD,Nord,2,Femmine,Y35-49,35-49 anni,2007,2346.108,,
A,Annuale,ITCD,Nord,2,Femmine,Y35-49,35-49 anni,2008,2406.532,,
A,Annuale,ITCD,Nord,2,Femmine,Y35-49,35-49 anni,2009,2400.915,,
A,Annuale,ITCD,Nord,2,Femmine,Y35-49,35-49 anni,2010,2441.448,,
A,Annuale,ITCD,Nord,2,Femmine,Y35-49,35-49 anni,2011,2462.686,,
A,Annuale,ITCD,Nord,2,Femmine,Y35-49,35-49 anni,2012,2446.966,,
A,Annuale,ITCD,Nord,2,Femmine,Y35-49,35-49 anni,2013,2417.588,,
A,Annuale,ITCD,Nord,2,Femmine,Y35-49,35-49 anni,2014,2386.374,,
A,Annuale,ITCD,Nord,2,Femmine,Y35-49,35-49 anni,2015,2359.837,,
A,Annuale,ITCD,Nord,2,Femmine,Y35-49,35-49 anni,2016,2347.143,,
A,Annuale,ITCD,Nord,2,Femmine,Y35-49,35-49 anni,2017,2298.447,,
A,Annuale,ITCD,Nord,2,Femmine,Y35-49,35-49 anni,2018,2253.907,,
A,Annuale,ITCD,Nord,2,Femmine,Y35-49,35-49 anni,2019,2210.871,,
A,Annuale,ITCD,Nord,2,Femmine,Y35-49,35-49 anni,2020,2101.671,,
A,Annuale,ITCD,Nord,2,Femmine,Y35-49,35-49 anni,2021,2088.659,,
A,Annuale,ITCD,Nord,2,Femmine,Y35-49,35-49 anni,2022,2074.073,,
A,Annuale,ITCD,Nord,2,Femmine,Y35-49,35-49 anni,2023,2051.296,,
A,Annuale,ITCD,Nord,2,Femmine,Y35-49,35-49 anni,2024,2047.882,,
A,Annuale,ITCD,Nord,2,Femmine,Y35-49,35-49 anni,2025,1980.854,,
A,Annuale,ITCD,Nord,2,Femmine,Y50-64,50-64 anni,2004,784.65,,
A,Annuale,ITCD,Nord,2,Femmine,Y50-64,50-64 anni,2005,806.421,,
A,Annuale,ITCD,Nord,2,Femmine,Y50-64,50-64 anni,2006,879.233,,
A,Annuale,ITCD,Nord,2,Femmine,Y50-64,50-64 anni,2007,929.283,,
A,Annuale,ITCD,Nord,2,Femmine,Y50-64,50-64 anni,2008,999.044,,
A,Annuale,ITCD,Nord,2,Femmine,Y50-64,50-64 anni,2009,1027.953,,
A,Annuale,ITCD,Nord,2,Femmine,Y50-64,50-64 anni,2010,1066.422,,
A,Annuale,ITCD,Nord,2,Femmine,Y50-64,50-64 anni,2011,1155.951,,
A,Annuale,ITCD,Nord,2,Femmine,Y50-64,50-64 anni,2012,1247.087,,
A,Annuale,ITCD,Nord,2,Femmine,Y50-64,50-64 anni,2013,1336.344,,
A,Annuale,ITCD,Nord,2,Femmine,Y50-64,50-64 anni,2014,1420.036,,
A,Annuale,ITCD,Nord,2,Femmine,Y50-64,50-64 anni,2015,1481.979,,
A,Annuale,ITCD,Nord,2,Femmine,Y50-64,50-64 anni,2016,1573.571,,
A,Annuale,ITCD,Nord,2,Femmine,Y50-64,50-64 anni,2017,1674.056,,
A,Annuale,ITCD,Nord,2,Femmine,Y50-64,50-64 anni,2018,1739.076,,
A,Annuale,ITCD,Nord,2,Femmine,Y50-64,50-64 anni,2019,1810.729,,
A,Annuale,ITCD,Nord,2,Femmine,Y50-64,50-64 anni,2020,1812.887,,
A,Annuale,ITCD,Nord,2,Femmine,Y50-64,50-64 anni,2021,1855.684,,
A,Annuale,ITCD,Nord,2,Femmine,Y50-64,50-64 anni,2022,1903.872,,
A,Annuale,ITCD,Nord,2,Femmine,Y50-64,50-64 anni,2023,1996.908,,
A,Annuale,ITCD,Nord,2,Femmine,Y50-64,50-64 anni,2024,2049.455,,
A,Annuale,ITCD,Nord,2,Femmine,Y50-64,50-64 anni,2025,2146.906,,
A,Annuale,ITCD,Nord,2,Femmine,Y15-64,15-64 anni,2004,4719.742,,
A,Annuale,ITCD,Nord,2,Femmine,Y15-64,15-64 anni,2005,4750.822,,
A,Annuale,ITCD,Nord,2,Femmine,Y15-64,15-64 anni,2006,4850.216,,
A,Annuale,ITCD,Nord,2,Femmine,Y15-64,15-64 anni,2007,4903.619,,
A,Annuale,ITCD,Nord,2,Femmine,Y15-64,15-64 anni,2008,5005.124,,
A,Annuale,ITCD,Nord,2,Femmine,Y15-64,15-64 anni,2009,4924.201,,
A,Annuale,ITCD,Nord,2,Femmine,Y15-64,15-64 anni,2010,4914.049,,
A,Annuale,ITCD,Nord,2,Femmine,Y15-64,15-64 anni,2011,4979.195,,
A,Annuale,ITCD,Nord,2,Femmine,Y15-64,15-64 anni,2012,4999.612,,
A,Annuale,ITCD,Nord,2,Femmine,Y15-64,15-64 anni,2013,4960.571,,
A,Annuale,ITCD,Nord,2,Femmine,Y15-64,15-64 anni,2014,4980.118,,
A,Annuale,ITCD,Nord,2,Femmine,Y15-64,15-64 anni,2015,4972.743,,
A,Annuale,ITCD,Nord,2,Femmine,Y15-64,15-64 anni,2016,5060.091,,
A,Annuale,ITCD,Nord,2,Femmine,Y15-64,15-64 anni,2017,5131.412,,
A,Annuale,ITCD,Nord,2,Femmine,Y15-64,15-64 anni,2018,5168.062,,
A,Annuale,ITCD,Nord,2,Femmine,Y15-64,15-64 anni,2019,5222.334,,
A,Annuale,ITCD,Nord,2,Femmine,Y15-64,15-64 anni,2020,5028.816,,
A,Annuale,ITCD,Nord,2,Femmine,Y15-64,15-64 anni,2021,5085.666,,
A,Annuale,ITCD,Nord,2,Femmine,Y15-64,15-64 anni,2022,5193.521,,
A,Annuale,ITCD,Nord,2,Femmine,Y15-64,15-64 anni,2023,5303.787,,
A,Annuale,ITCD,Nord,2,Femmine,Y15-64,15-64 anni,2024,5345.089,,
A,Annuale,ITCD,Nord,2,Femmine,Y15-64,15-64 anni,2025,5359.544,,
A,Annuale,ITCD,Nord,2,Femmine,Y15-89,15-89 anni,2004,4757.391,,
A,Annuale,ITCD,Nord,2,Femmine,Y15-89,15-89 anni,2005,4786.537,,
A,Annuale,ITCD,Nord,2,Femmine,Y15-89,15-89 anni,2006,4891.397,,
A,Annuale,ITCD,Nord,2,Femmine,Y15-89,15-89 anni,2007,4944.179,,
A,Annuale,ITCD,Nord,2,Femmine,Y15-89,15-89 anni,2008,5049.012,,
A,Annuale,ITCD,Nord,2,Femmine,Y15-89,15-89 anni,2009,4968.64,,
A,Annuale,ITCD,Nord,2,Femmine,Y15-89,15-89 anni,2010,4961.438,,
A,Annuale,ITCD,Nord,2,Femmine,Y15-89,15-89 anni,2011,5027.356,,
A,Annuale,ITCD,Nord,2,Femmine,Y15-89,15-89 anni,2012,5049.173,,
A,Annuale,ITCD,Nord,2,Femmine,Y15-89,15-89 anni,2013,5014.298,,
A,Annuale,ITCD,Nord,2,Femmine,Y15-89,15-89 anni,2014,5038.098,,
A,Annuale,ITCD,Nord,2,Femmine,Y15-89,15-89 anni,2015,5036.738,,
A,Annuale,ITCD,Nord,2,Femmine,Y15-89,15-89 anni,2016,5132.872,,
A,Annuale,ITCD,Nord,2,Femmine,Y15-89,15-89 anni,2017,5214.806,,
A,Annuale,ITCD,Nord,2,Femmine,Y15-89,15-89 anni,2018,5262.935,,
A,Annuale,ITCD,Nord,2,Femmine,Y15-89,15-89 anni,2019,5324.935,,
A,Annuale,ITCD,Nord,2,Femmine,Y15-89,15-89 anni,2020,5140.586,,
A,Annuale,ITCD,Nord,2,Femmine,Y15-89,15-89 anni,2021,5200.385,,
A,Annuale,ITCD,Nord,2,Femmine,Y15-89,15-89 anni,2022,5304.425,,
A,Annuale,ITCD,Nord,2,Femmine,Y15-89,15-89 anni,2023,5430.112,,
A,Annuale,ITCD,Nord,2,Femmine,Y15-89,15-89 anni,2024,5483.023,,
A,Annuale,ITCD,Nord,2,Femmine,Y15-89,15-89 anni,2025,5507.982,,
A,Annuale,ITCD,Nord,9,Totale,Y15-24,15-24 anni,2004,864.84,,
A,Annuale,ITCD,Nord,9,Totale,Y15-24,15-24 anni,2005,811.362,,
A,Annuale,ITCD,Nord,9,Totale,Y15-24,15-24 anni,2006,781.87,,
A,Annuale,ITCD,Nord,9,Totale,Y15-24,15-24 anni,2007,750.908,,
A,Annuale,ITCD,Nord,9,Totale,Y15-24,15-24 anni,2008,743.363,,
A,Annuale,ITCD,Nord,9,Totale,Y15-24,15-24 anni,2009,665.697,,
A,Annuale,ITCD,Nord,9,Totale,Y15-24,15-24 anni,2010,621.276,,
A,Annuale,ITCD,Nord,9,Totale,Y15-24,15-24 anni,2011,599.409,,
A,Annuale,ITCD,Nord,9,Totale,Y15-24,15-24 anni,2012,580.202,,
A,Annuale,ITCD,Nord,9,Totale,Y15-24,15-24 anni,2013,515.036,,
A,Annuale,ITCD,Nord,9,Totale,Y15-24,15-24 anni,2014,502.183,,
A,Annuale,ITCD,Nord,9,Totale,Y15-24,15-24 anni,2015,484.33,,
A,Annuale,ITCD,Nord,9,Totale,Y15-24,15-24 anni,2016,513.555,,
A,Annuale,ITCD,Nord,9,Totale,Y15-24,15-24 anni,2017,545.992,,
A,Annuale,ITCD,Nord,9,Totale,Y15-24,15-24 anni,2018,569.468,,
A,Annuale,ITCD,Nord,9,Totale,Y15-24,15-24 anni,2019,604.747,,
A,Annuale,ITCD,Nord,9,Totale,Y15-24,15-24 anni,2020,548.254,,
A,Annuale,ITCD,Nord,9,Totale,Y15-24,15-24 anni,2021,561.893,,
A,Annuale,ITCD,Nord,9,Totale,Y15-24,15-24 anni,2022,644.732,,
A,Annuale,ITCD,Nord,9,Totale,Y15-24,15-24 anni,2023,670.926,,
A,Annuale,ITCD,Nord,9,Totale,Y15-24,15-24 anni,2024,641.236,,
A,Annuale,ITCD,Nord,9,Totale,Y15-24,15-24 anni,2025,596.31,,
A,Annuale,ITCD,Nord,9,Totale,Y25-34,25-34 anni,2004,3169.807,,
A,Annuale,ITCD,Nord,9,Totale,Y25-34,25-34 anni,2005,3118.656,,
A,Annuale,ITCD,Nord,9,Totale,Y25-34,25-34 anni,2006,3045.862,,
A,Annuale,ITCD,Nord,9,Totale,Y25-34,25-34 anni,2007,2950.442,,
A,Annuale,ITCD,Nord,9,Totale,Y25-34,25-34 anni,2008,2887.046,,
A,Annuale,ITCD,Nord,9,Totale,Y25-34,25-34 anni,2009,2704.643,,
A,Annuale,ITCD,Nord,9,Totale,Y25-34,25-34 anni,2010,2552.408,,
A,Annuale,ITCD,Nord,9,Totale,Y25-34,25-34 anni,2011,2469.235,,
A,Annuale,ITCD,Nord,9,Totale,Y25-34,25-34 anni,2012,2333.841,,
A,Annuale,ITCD,Nord,9,Totale,Y25-34,25-34 anni,2013,2188.937,,
A,Annuale,ITCD,Nord,9,Totale,Y25-34,25-34 anni,2014,2132.396,,
A,Annuale,ITCD,Nord,9,Totale,Y25-34,25-34 anni,2015,2097.432,,
A,Annuale,ITCD,Nord,9,Totale,Y25-34,25-34 anni,2016,2095.089,,
A,Annuale,ITCD,Nord,9,Totale,Y25-34,25-34 anni,2017,2105.844,,
A,Annuale,ITCD,Nord,9,Totale,Y25-34,25-34 anni,2018,2117.064,,
A,Annuale,ITCD,Nord,9,Totale,Y25-34,25-34 anni,2019,2128.453,,
A,Annuale,ITCD,Nord,9,Totale,Y25-34,25-34 anni,2020,2034.824,,
A,Annuale,ITCD,Nord,9,Totale,Y25-34,25-34 anni,2021,2078.887,,
A,Annuale,ITCD,Nord,9,Totale,Y25-34,25-34 anni,2022,2174.028,,
A,Annuale,ITCD,Nord,9,Totale,Y25-34,25-34 anni,2023,2217.482,,
A,Annuale,ITCD,Nord,9,Totale,Y25-34,25-34 anni,2024,2253.582,,
A,Annuale,ITCD,Nord,9,Totale,Y25-34,25-34 anni,2025,2268.687,,
A,Annuale,ITCD,Nord,9,Totale,Y15-34,15-34 anni,2004,4034.647,,
A,Annuale,ITCD,Nord,9,Totale,Y15-34,15-34 anni,2005,3930.019,,
A,Annuale,ITCD,Nord,9,Totale,Y15-34,15-34 anni,2006,3827.732,,
A,Annuale,ITCD,Nord,9,Totale,Y15-34,15-34 anni,2007,3701.349,,
A,Annuale,ITCD,Nord,9,Totale,Y15-34,15-34 anni,2008,3630.409,,
A,Annuale,ITCD,Nord,9,Totale,Y15-34,15-34 anni,2009,3370.34,,
A,Annuale,ITCD,Nord,9,Totale,Y15-34,15-34 anni,2010,3173.684,,
A,Annuale,ITCD,Nord,9,Totale,Y15-34,15-34 anni,2011,3068.644,,
A,Annuale,ITCD,Nord,9,Totale,Y15-34,15-34 anni,2012,2914.043,,
A,Annuale,ITCD,Nord,9,Totale,Y15-34,15-34 anni,2013,2703.973,,
A,Annuale,ITCD,Nord,9,Totale,Y15-34,15-34 anni,2014,2634.579,,
A,Annuale,ITCD,Nord,9,Totale,Y15-34,15-34 anni,2015,2581.762,,
A,Annuale,ITCD,Nord,9,Totale,Y15-34,15-34 anni,2016,2608.643,,
A,Annuale,ITCD,Nord,9,Totale,Y15-34,15-34 anni,2017,2651.837,,
A,Annuale,ITCD,Nord,9,Totale,Y15-34,15-34 anni,2018,2686.532,,
A,Annuale,ITCD,Nord,9,Totale,Y15-34,15-34 anni,2019,2733.2,,
A,Annuale,ITCD,Nord,9,Totale,Y15-34,15-34 anni,2020,2583.078,,
A,Annuale,ITCD,Nord,9,Totale,Y15-34,15-34 anni,2021,2640.78,,
A,Annuale,ITCD,Nord,9,Totale,Y15-34,15-34 anni,2022,2818.76,,
A,Annuale,ITCD,Nord,9,Totale,Y15-34,15-34 anni,2023,2888.408,,
A,Annuale,ITCD,Nord,9,Totale,Y15-34,15-34 anni,2024,2894.818,,
A,Annuale,ITCD,Nord,9,Totale,Y15-34,15-34 anni,2025,2864.997,,
A,Annuale,ITCD,Nord,9,Totale,Y35-49,35-49 anni,2004,5052.209,,
A,Annuale,ITCD,Nord,9,Totale,Y35-49,35-49 anni,2005,5180.082,,
A,Annuale,ITCD,Nord,9,Totale,Y35-49,35-49 anni,2006,5325.416,,
A,Annuale,ITCD,Nord,9,Totale,Y35-49,35-49 anni,2007,5432.151,,
A,Annuale,ITCD,Nord,9,Totale,Y35-49,35-49 anni,2008,5549.254,,
A,Annuale,ITCD,Nord,9,Totale,Y35-49,35-49 anni,2009,5506.771,,
A,Annuale,ITCD,Nord,9,Totale,Y35-49,35-49 anni,2010,5558.03,,
A,Annuale,ITCD,Nord,9,Totale,Y35-49,35-49 anni,2011,5570.87,,
A,Annuale,ITCD,Nord,9,Totale,Y35-49,35-49 anni,2012,5496.366,,
A,Annuale,ITCD,Nord,9,Totale,Y35-49,35-49 anni,2013,5404.131,,
A,Annuale,ITCD,Nord,9,Totale,Y35-49,35-49 anni,2014,5336.696,,
A,Annuale,ITCD,Nord,9,Totale,Y35-49,35-49 anni,2015,5265.351,,
A,Annuale,ITCD,Nord,9,Totale,Y35-49,35-49 anni,2016,5209.669,,
A,Annuale,ITCD,Nord,9,Totale,Y35-49,35-49 anni,2017,5125.505,,
A,Annuale,ITCD,Nord,9,Totale,Y35-49,35-49 anni,2018,5035.728,,
A,Annuale,ITCD,Nord,9,Totale,Y35-49,35-49 anni,2019,4942.704,,
A,Annuale,ITCD,Nord,9,Totale,Y35-49,35-49 anni,2020,4720.359,,
A,Annuale,ITCD,Nord,9,Totale,Y35-49,35-49 anni,2021,4655.755,,
A,Annuale,ITCD,Nord,9,Totale,Y35-49,35-49 anni,2022,4618.176,,
A,Annuale,ITCD,Nord,9,Totale,Y35-49,35-49 anni,2023,4536.27,,
A,Annuale,ITCD,Nord,9,Totale,Y35-49,35-49 anni,2024,4524.122,,
A,Annuale,ITCD,Nord,9,Totale,Y35-49,35-49 anni,2025,4433.428,,
A,Annuale,ITCD,Nord,9,Totale,Y50-64,50-64 anni,2004,2119.502,,
A,Annuale,ITCD,Nord,9,Totale,Y50-64,50-64 anni,2005,2171.432,,
A,Annuale,ITCD,Nord,9,Totale,Y50-64,50-64 anni,2006,2286.502,,
A,Annuale,ITCD,Nord,9,Totale,Y50-64,50-64 anni,2007,2396.517,,
A,Annuale,ITCD,Nord,9,Totale,Y50-64,50-64 anni,2008,2486.458,,
A,Annuale,ITCD,Nord,9,Totale,Y50-64,50-64 anni,2009,2549.865,,
A,Annuale,ITCD,Nord,9,Totale,Y50-64,50-64 anni,2010,2624.531,,
A,Annuale,ITCD,Nord,9,Totale,Y50-64,50-64 anni,2011,2773.473,,
A,Annuale,ITCD,Nord,9,Totale,Y50-64,50-64 anni,2012,2926.722,,
A,Annuale,ITCD,Nord,9,Totale,Y50-64,50-64 anni,2013,3092.019,,
A,Annuale,ITCD,Nord,9,Totale,Y50-64,50-64 anni,2014,3258.774,,
A,Annuale,ITCD,Nord,9,Totale,Y50-64,50-64 anni,2015,3428.865,,
A,Annuale,ITCD,Nord,9,Totale,Y50-64,50-64 anni,2016,3623.825,,
A,Annuale,ITCD,Nord,9,Totale,Y50-64,50-64 anni,2017,3794.654,,
A,Annuale,ITCD,Nord,9,Totale,Y50-64,50-64 anni,2018,3943.327,,
A,Annuale,ITCD,Nord,9,Totale,Y50-64,50-64 anni,2019,4091.453,,
A,Annuale,ITCD,Nord,9,Totale,Y50-64,50-64 anni,2020,4086.292,,
A,Annuale,ITCD,Nord,9,Totale,Y50-64,50-64 anni,2021,4143.652,,
A,Annuale,ITCD,Nord,9,Totale,Y50-64,50-64 anni,2022,4273.28,,
A,Annuale,ITCD,Nord,9,Totale,Y50-64,50-64 anni,2023,4476.661,,
A,Annuale,ITCD,Nord,9,Totale,Y50-64,50-64 anni,2024,4582.67,,
A,Annuale,ITCD,Nord,9,Totale,Y50-64,50-64 anni,2025,4750.809,,
A,Annuale,ITCD,Nord,9,Totale,Y15-64,15-64 anni,2004,11206.358,,
A,Annuale,ITCD,Nord,9,Totale,Y15-64,15-64 anni,2005,11281.533,,
A,Annuale,ITCD,Nord,9,Totale,Y15-64,15-64 anni,2006,11439.65,,
A,Annuale,ITCD,Nord,9,Totale,Y15-64,15-64 anni,2007,11530.017,,
A,Annuale,ITCD,Nord,9,Totale,Y15-64,15-64 anni,2008,11666.121,,
A,Annuale,ITCD,Nord,9,Totale,Y15-64,15-64 anni,2009,11426.976,,
A,Annuale,ITCD,Nord,9,Totale,Y15-64,15-64 anni,2010,11356.244,,
A,Annuale,ITCD,Nord,9,Totale,Y15-64,15-64 anni,2011,11412.987,,
A,Annuale,ITCD,Nord,9,Totale,Y15-64,15-64 anni,2012,11337.132,,
A,Annuale,ITCD,Nord,9,Totale,Y15-64,15-64 anni,2013,11200.122,,
A,Annuale,ITCD,Nord,9,Totale,Y15-64,15-64 anni,2014,11230.049,,
A,Annuale,ITCD,Nord,9,Totale,Y15-64,15-64 anni,2015,11275.977,,
A,Annuale,ITCD,Nord,9,Totale,Y15-64,15-64 anni,2016,11442.138,,
A,Annuale,ITCD,Nord,9,Totale,Y15-64,15-64 anni,2017,11571.996,,
A,Annuale,ITCD,Nord,9,Totale,Y15-64,15-64 anni,2018,11665.588,,
A,Annuale,ITCD,Nord,9,Totale,Y15-64,15-64 anni,2019,11767.356,,
A,Annuale,ITCD,Nord,9,Totale,Y15-64,15-64 anni,2020,11389.728,,
A,Annuale,ITCD,Nord,9,Totale,Y15-64,15-64 anni,2021,11440.187,,
A,Annuale,ITCD,Nord,9,Totale,Y15-64,15-64 anni,2022,11710.216,,
A,Annuale,ITCD,Nord,9,Totale,Y15-64,15-64 anni,2023,11901.338,,
A,Annuale,ITCD,Nord,9,Totale,Y15-64,15-64 anni,2024,12001.609,,
A,Annuale,ITCD,Nord,9,Totale,Y15-64,15-64 anni,2025,12049.233,,
A,Annuale,ITCD,Nord,9,Totale,Y15-89,15-89 anni,2004,11379.051,,
A,Annuale,ITCD,Nord,9,Totale,Y15-89,15-89 anni,2005,11458.223,,
A,Annuale,ITCD,Nord,9,Totale,Y15-89,15-89 anni,2006,11629.711,,
A,Annuale,ITCD,Nord,9,Totale,Y15-89,15-89 anni,2007,11722.582,,
A,Annuale,ITCD,Nord,9,Totale,Y15-89,15-89 anni,2008,11866.436,,
A,Annuale,ITCD,Nord,9,Totale,Y15-89,15-89 anni,2009,11620.111,,
A,Annuale,ITCD,Nord,9,Totale,Y15-89,15-89 anni,2010,11544.777,,
A,Annuale,ITCD,Nord,9,Totale,Y15-89,15-89 anni,2011,11610.815,,
A,Annuale,ITCD,Nord,9,Totale,Y15-89,15-89 anni,2012,11549.589,,
A,Annuale,ITCD,Nord,9,Totale,Y15-89,15-89 anni,2013,11425.06,,
A,Annuale,ITCD,Nord,9,Totale,Y15-89,15-89 anni,2014,11470.718,,
A,Annuale,ITCD,Nord,9,Totale,Y15-89,15-89 anni,2015,11523.422,,
A,Annuale,ITCD,Nord,9,Totale,Y15-89,15-89 anni,2016,11703.288,,
A,Annuale,ITCD,Nord,9,Totale,Y15-89,15-89 anni,2017,11859.602,,
A,Annuale,ITCD,Nord,9,Totale,Y15-89,15-89 anni,2018,11988.839,,
A,Annuale,ITCD,Nord,9,Totale,Y15-89,15-89 anni,2019,12108.503,,
A,Annuale,ITCD,Nord,9,Totale,Y15-89,15-89 anni,2020,11729.981,,
A,Annuale,ITCD,Nord,9,Totale,Y15-89,15-89 anni,2021,11803.505,,
A,Annuale,ITCD,Nord,9,Totale,Y15-89,15-89 anni,2022,12054.465,,
A,Annuale,ITCD,Nord,9,Totale,Y15-89,15-89 anni,2023,12267.932,,
A,Annuale,ITCD,Nord,9,Totale,Y15-89,15-89 anni,2024,12384.516,,
A,Annuale,ITCD,Nord,9,Totale,Y15-89,15-89 anni,2025,12454.378,,
A,Annuale,ITC,Nord-ovest,1,Maschi,Y15-24,15-24 anni,2004,275.314,,
A,Annuale,ITC,Nord-ovest,1,Maschi,Y15-24,15-24 anni,2005,262.634,,
A,Annuale,ITC,Nord-ovest,1,Maschi,Y15-24,15-24 anni,2006,256.635,,
A,Annuale,ITC,Nord-ovest,1,Maschi,Y15-24,15-24 anni,2007,242.871,,
A,Annuale,ITC,Nord-ovest,1,Maschi,Y15-24,15-24 anni,2008,248.705,,
A,Annuale,ITC,Nord-ovest,1,Maschi,Y15-24,15-24 anni,2009,221.725,,
A,Annuale,ITC,Nord-ovest,1,Maschi,Y15-24,15-24 anni,2010,205.352,,
A,Annuale,ITC,Nord-ovest,1,Maschi,Y15-24,15-24 anni,2011,201.074,,
A,Annuale,ITC,Nord-ovest,1,Maschi,Y15-24,15-24 anni,2012,187.502,,
A,Annuale,ITC,Nord-ovest,1,Maschi,Y15-24,15-24 anni,2013,164.686,,
A,Annuale,ITC,Nord-ovest,1,Maschi,Y15-24,15-24 anni,2014,156.45,,
A,Annuale,ITC,Nord-ovest,1,Maschi,Y15-24,15-24 anni,2015,157.09,,
A,Annuale,ITC,Nord-ovest,1,Maschi,Y15-24,15-24 anni,2016,159.978,,
A,Annuale,ITC,Nord-ovest,1,Maschi,Y15-24,15-24 anni,2017,172.919,,
A,Annuale,ITC,Nord-ovest,1,Maschi,Y15-24,15-24 anni,2018,192.815,,
A,Annuale,ITC,Nord-ovest,1,Maschi,Y15-24,15-24 anni,2019,196.675,,
A,Annuale,ITC,Nord-ovest,1,Maschi,Y15-24,15-24 anni,2020,179.168,,
A,Annuale,ITC,Nord-ovest,1,Maschi,Y15-24,15-24 anni,2021,190.893,,
A,Annuale,ITC,Nord-ovest,1,Maschi,Y15-24,15-24 anni,2022,209.92,,
A,Annuale,ITC,Nord-ovest,1,Maschi,Y15-24,15-24 anni,2023,214.242,,
A,Annuale,ITC,Nord-ovest,1,Maschi,Y15-24,15-24 anni,2024,221.186,,
A,Annuale,ITC,Nord-ovest,1,Maschi,Y15-24,15-24 anni,2025,201.194,,
A,Annuale,ITC,Nord-ovest,1,Maschi,Y25-34,25-34 anni,2004,1016.253,,
A,Annuale,ITC,Nord-ovest,1,Maschi,Y25-34,25-34 anni,2005,997.296,,
A,Annuale,ITC,Nord-ovest,1,Maschi,Y25-34,25-34 anni,2006,971.306,,
A,Annuale,ITC,Nord-ovest,1,Maschi,Y25-34,25-34 anni,2007,940.065,,
A,Annuale,ITC,Nord-ovest,1,Maschi,Y25-34,25-34 anni,2008,912.722,,
A,Annuale,ITC,Nord-ovest,1,Maschi,Y25-34,25-34 anni,2009,848.481,,
A,Annuale,ITC,Nord-ovest,1,Maschi,Y25-34,25-34 anni,2010,804.667,,
A,Annuale,ITC,Nord-ovest,1,Maschi,Y25-34,25-34 anni,2011,779.59,,
A,Annuale,ITC,Nord-ovest,1,Maschi,Y25-34,25-34 anni,2012,726.213,,
A,Annuale,ITC,Nord-ovest,1,Maschi,Y25-34,25-34 anni,2013,687.059,,
A,Annuale,ITC,Nord-ovest,1,Maschi,Y25-34,25-34 anni,2014,673.501,,
A,Annuale,ITC,Nord-ovest,1,Maschi,Y25-34,25-34 anni,2015,673.835,,
A,Annuale,ITC,Nord-ovest,1,Maschi,Y25-34,25-34 anni,2016,678.179,,
A,Annuale,ITC,Nord-ovest,1,Maschi,Y25-34,25-34 anni,2017,685.178,,
A,Annuale,ITC,Nord-ovest,1,Maschi,Y25-34,25-34 anni,2018,677.536,,
A,Annuale,ITC,Nord-ovest,1,Maschi,Y25-34,25-34 anni,2019,680.382,,
A,Annuale,ITC,Nord-ovest,1,Maschi,Y25-34,25-34 anni,2020,648.459,,
A,Annuale,ITC,Nord-ovest,1,Maschi,Y25-34,25-34 anni,2021,657.966,,
A,Annuale,ITC,Nord-ovest,1,Maschi,Y25-34,25-34 anni,2022,700.703,,
A,Annuale,ITC,Nord-ovest,1,Maschi,Y25-34,25-34 anni,2023,709.319,,
A,Annuale,ITC,Nord-ovest,1,Maschi,Y25-34,25-34 anni,2024,711.687,,
A,Annuale,ITC,Nord-ovest,1,Maschi,Y25-34,25-34 anni,2025,731.061,,
A,Annuale,ITC,Nord-ovest,1,Maschi,Y15-34,15-34 anni,2004,1291.567,,
A,Annuale,ITC,Nord-ovest,1,Maschi,Y15-34,15-34 anni,2005,1259.93,,
A,Annuale,ITC,Nord-ovest,1,Maschi,Y15-34,15-34 anni,2006,1227.941,,
A,Annuale,ITC,Nord-ovest,1,Maschi,Y15-34,15-34 anni,2007,1182.936,,
A,Annuale,ITC,Nord-ovest,1,Maschi,Y15-34,15-34 anni,2008,1161.427,,
A,Annuale,ITC,Nord-ovest,1,Maschi,Y15-34,15-34 anni,2009,1070.205,,
A,Annuale,ITC,Nord-ovest,1,Maschi,Y15-34,15-34 anni,2010,1010.019,,
A,Annuale,ITC,Nord-ovest,1,Maschi,Y15-34,15-34 anni,2011,980.664,,
A,Annuale,ITC,Nord-ovest,1,Maschi,Y15-34,15-34 anni,2012,913.715,,
A,Annuale,ITC,Nord-ovest,1,Maschi,Y15-34,15-34 anni,2013,851.745,,
A,Annuale,ITC,Nord-ovest,1,Maschi,Y15-34,15-34 anni,2014,829.95,,
A,Annuale,ITC,Nord-ovest,1,Maschi,Y15-34,15-34 anni,2015,830.925,,
A,Annuale,ITC,Nord-ovest,1,Maschi,Y15-34,15-34 anni,2016,838.157,,
A,Annuale,ITC,Nord-ovest,1,Maschi,Y15-34,15-34 anni,2017,858.098,,
A,Annuale,ITC,Nord-ovest,1,Maschi,Y15-34,15-34 anni,2018,870.351,,
A,Annuale,ITC,Nord-ovest,1,Maschi,Y15-34,15-34 anni,2019,877.057,,
A,Annuale,ITC,Nord-ovest,1,Maschi,Y15-34,15-34 anni,2020,827.627,,
A,Annuale,ITC,Nord-ovest,1,Maschi,Y15-34,15-34 anni,2021,848.859,,
A,Annuale,ITC,Nord-ovest,1,Maschi,Y15-34,15-34 anni,2022,910.622,,
A,Annuale,ITC,Nord-ovest,1,Maschi,Y15-34,15-34 anni,2023,923.561,,
A,Annuale,ITC,Nord-ovest,1,Maschi,Y15-34,15-34 anni,2024,932.873,,
A,Annuale,ITC,Nord-ovest,1,Maschi,Y15-34,15-34 anni,2025,932.254,,
A,Annuale,ITC,Nord-ovest,1,Maschi,Y35-49,35-49 anni,2004,1680.851,,
A,Annuale,ITC,Nord-ovest,1,Maschi,Y35-49,35-49 anni,2005,1719.606,,
A,Annuale,ITC,Nord-ovest,1,Maschi,Y35-49,35-49 anni,2006,1754.687,,
A,Annuale,ITC,Nord-ovest,1,Maschi,Y35-49,35-49 anni,2007,1774.378,,
A,Annuale,ITC,Nord-ovest,1,Maschi,Y35-49,35-49 anni,2008,1807.901,,
A,Annuale,ITC,Nord-ovest,1,Maschi,Y35-49,35-49 anni,2009,1796.237,,
A,Annuale,ITC,Nord-ovest,1,Maschi,Y35-49,35-49 anni,2010,1787.943,,
A,Annuale,ITC,Nord-ovest,1,Maschi,Y35-49,35-49 anni,2011,1783.695,,
A,Annuale,ITC,Nord-ovest,1,Maschi,Y35-49,35-49 anni,2012,1754.007,,
A,Annuale,ITC,Nord-ovest,1,Maschi,Y35-49,35-49 anni,2013,1718.117,,
A,Annuale,ITC,Nord-ovest,1,Maschi,Y35-49,35-49 anni,2014,1700.171,,
A,Annuale,ITC,Nord-ovest,1,Maschi,Y35-49,35-49 anni,2015,1678.109,,
A,Annuale,ITC,Nord-ovest,1,Maschi,Y35-49,35-49 anni,2016,1654.155,,
A,Annuale,ITC,Nord-ovest,1,Maschi,Y35-49,35-49 anni,2017,1629.999,,
A,Annuale,ITC,Nord-ovest,1,Maschi,Y35-49,35-49 anni,2018,1607.251,,
A,Annuale,ITC,Nord-ovest,1,Maschi,Y35-49,35-49 anni,2019,1572.508,,
A,Annuale,ITC,Nord-ovest,1,Maschi,Y35-49,35-49 anni,2020,1504.074,,
A,Annuale,ITC,Nord-ovest,1,Maschi,Y35-49,35-49 anni,2021,1477.656,,
A,Annuale,ITC,Nord-ovest,1,Maschi,Y35-49,35-49 anni,2022,1469.44,,
A,Annuale,ITC,Nord-ovest,1,Maschi,Y35-49,35-49 anni,2023,1432.96,,
A,Annuale,ITC,Nord-ovest,1,Maschi,Y35-49,35-49 anni,2024,1432.429,,
A,Annuale,ITC,Nord-ovest,1,Maschi,Y35-49,35-49 anni,2025,1415.963,,
A,Annuale,ITC,Nord-ovest,1,Maschi,Y50-64,50-64 anni,2004,773.443,,
A,Annuale,ITC,Nord-ovest,1,Maschi,Y50-64,50-64 anni,2005,792.667,,
A,Annuale,ITC,Nord-ovest,1,Maschi,Y50-64,50-64 anni,2006,808.403,,
A,Annuale,ITC,Nord-ovest,1,Maschi,Y50-64,50-64 anni,2007,841.063,,
A,Annuale,ITC,Nord-ovest,1,Maschi,Y50-64,50-64 anni,2008,850.265,,
A,Annuale,ITC,Nord-ovest,1,Maschi,Y50-64,50-64 anni,2009,877.235,,
A,Annuale,ITC,Nord-ovest,1,Maschi,Y50-64,50-64 anni,2010,892.801,,
A,Annuale,ITC,Nord-ovest,1,Maschi,Y50-64,50-64 anni,2011,921.759,,
A,Annuale,ITC,Nord-ovest,1,Maschi,Y50-64,50-64 anni,2012,955.445,,
A,Annuale,ITC,Nord-ovest,1,Maschi,Y50-64,50-64 anni,2013,1001.49,,
A,Annuale,ITC,Nord-ovest,1,Maschi,Y50-64,50-64 anni,2014,1041.553,,
A,Annuale,ITC,Nord-ovest,1,Maschi,Y50-64,50-64 anni,2015,1109.62,,
A,Annuale,ITC,Nord-ovest,1,Maschi,Y50-64,50-64 anni,2016,1177.526,,
A,Annuale,ITC,Nord-ovest,1,Maschi,Y50-64,50-64 anni,2017,1216.592,,
A,Annuale,ITC,Nord-ovest,1,Maschi,Y50-64,50-64 anni,2018,1259.859,,
A,Annuale,ITC,Nord-ovest,1,Maschi,Y50-64,50-64 anni,2019,1303.331,,
A,Annuale,ITC,Nord-ovest,1,Maschi,Y50-64,50-64 anni,2020,1293.576,,
A,Annuale,ITC,Nord-ovest,1,Maschi,Y50-64,50-64 anni,2021,1307.039,,
A,Annuale,ITC,Nord-ovest,1,Maschi,Y50-64,50-64 anni,2022,1360.536,,
A,Annuale,ITC,Nord-ovest,1,Maschi,Y50-64,50-64 anni,2023,1423.366,,
A,Annuale,ITC,Nord-ovest,1,Maschi,Y50-64,50-64 anni,2024,1451.354,,
A,Annuale,ITC,Nord-ovest,1,Maschi,Y50-64,50-64 anni,2025,1493.121,,
A,Annuale,ITC,Nord-ovest,1,Maschi,Y15-64,15-64 anni,2004,3745.861,,
A,Annuale,ITC,Nord-ovest,1,Maschi,Y15-64,15-64 anni,2005,3772.202,,
A,Annuale,ITC,Nord-ovest,1,Maschi,Y15-64,15-64 anni,2006,3791.031,,
A,Annuale,ITC,Nord-ovest,1,Maschi,Y15-64,15-64 anni,2007,3798.378,,
A,Annuale,ITC,Nord-ovest,1,Maschi,Y15-64,15-64 anni,2008,3819.593,,
A,Annuale,ITC,Nord-ovest,1,Maschi,Y15-64,15-64 anni,2009,3743.677,,
A,Annuale,ITC,Nord-ovest,1,Maschi,Y15-64,15-64 anni,2010,3690.763,,
A,Annuale,ITC,Nord-ovest,1,Maschi,Y15-64,15-64 anni,2011,3686.119,,
A,Annuale,ITC,Nord-ovest,1,Maschi,Y15-64,15-64 anni,2012,3623.167,,
A,Annuale,ITC,Nord-ovest,1,Maschi,Y15-64,15-64 anni,2013,3571.352,,
A,Annuale,ITC,Nord-ovest,1,Maschi,Y15-64,15-64 anni,2014,3571.675,,
A,Annuale,ITC,Nord-ovest,1,Maschi,Y15-64,15-64 anni,2015,3618.655,,
A,Annuale,ITC,Nord-ovest,1,Maschi,Y15-64,15-64 anni,2016,3669.838,,
A,Annuale,ITC,Nord-ovest,1,Maschi,Y15-64,15-64 anni,2017,3704.689,,
A,Annuale,ITC,Nord-ovest,1,Maschi,Y15-64,15-64 anni,2018,3737.461,,
A,Annuale,ITC,Nord-ovest,1,Maschi,Y15-64,15-64 anni,2019,3752.896,,
A,Annuale,ITC,Nord-ovest,1,Maschi,Y15-64,15-64 anni,2020,3625.277,,
A,Annuale,ITC,Nord-ovest,1,Maschi,Y15-64,15-64 anni,2021,3633.553,,
A,Annuale,ITC,Nord-ovest,1,Maschi,Y15-64,15-64 anni,2022,3740.598,,
A,Annuale,ITC,Nord-ovest,1,Maschi,Y15-64,15-64 anni,2023,3779.887,,
A,Annuale,ITC,Nord-ovest,1,Maschi,Y15-64,15-64 anni,2024,3816.656,,
A,Annuale,ITC,Nord-ovest,1,Maschi,Y15-64,15-64 anni,2025,3841.338,,
A,Annuale,ITC,Nord-ovest,1,Maschi,Y15-89,15-89 anni,2004,3820.185,,
A,Annuale,ITC,Nord-ovest,1,Maschi,Y15-89,15-89 anni,2005,3850.358,,
A,Annuale,ITC,Nord-ovest,1,Maschi,Y15-89,15-89 anni,2006,3870.594,,
A,Annuale,ITC,Nord-ovest,1,Maschi,Y15-89,15-89 anni,2007,3883.543,,
A,Annuale,ITC,Nord-ovest,1,Maschi,Y15-89,15-89 anni,2008,3908.784,,
A,Annuale,ITC,Nord-ovest,1,Maschi,Y15-89,15-89 anni,2009,3828.969,,
A,Annuale,ITC,Nord-ovest,1,Maschi,Y15-89,15-89 anni,2010,3769.381,,
A,Annuale,ITC,Nord-ovest,1,Maschi,Y15-89,15-89 anni,2011,3769.562,,
A,Annuale,ITC,Nord-ovest,1,Maschi,Y15-89,15-89 anni,2012,3713.26,,
A,Annuale,ITC,Nord-ovest,1,Maschi,Y15-89,15-89 anni,2013,3665.842,,
A,Annuale,ITC,Nord-ovest,1,Maschi,Y15-89,15-89 anni,2014,3672.53,,
A,Annuale,ITC,Nord-ovest,1,Maschi,Y15-89,15-89 anni,2015,3723.455,,
A,Annuale,ITC,Nord-ovest,1,Maschi,Y15-89,15-89 anni,2016,3775.685,,
A,Annuale,ITC,Nord-ovest,1,Maschi,Y15-89,15-89 anni,2017,3816.158,,
A,Annuale,ITC,Nord-ovest,1,Maschi,Y15-89,15-89 anni,2018,3862.543,,
A,Annuale,ITC,Nord-ovest,1,Maschi,Y15-89,15-89 anni,2019,3886.123,,
A,Annuale,ITC,Nord-ovest,1,Maschi,Y15-89,15-89 anni,2020,3752.789,,
A,Annuale,ITC,Nord-ovest,1,Maschi,Y15-89,15-89 anni,2021,3770.81,,
A,Annuale,ITC,Nord-ovest,1,Maschi,Y15-89,15-89 anni,2022,3864.081,,
A,Annuale,ITC,Nord-ovest,1,Maschi,Y15-89,15-89 anni,2023,3906.45,,
A,Annuale,ITC,Nord-ovest,1,Maschi,Y15-89,15-89 anni,2024,3945.22,,
A,Annuale,ITC,Nord-ovest,1,Maschi,Y15-89,15-89 anni,2025,3979.927,,
A,Annuale,ITC,Nord-ovest,2,Femmine,Y15-24,15-24 anni,2004,213.897,,
A,Annuale,ITC,Nord-ovest,2,Femmine,Y15-24,15-24 anni,2005,193.519,,
A,Annuale,ITC,Nord-ovest,2,Femmine,Y15-24,15-24 anni,2006,178.731,,
A,Annuale,ITC,Nord-ovest,2,Femmine,Y15-24,15-24 anni,2007,177.164,,
A,Annuale,ITC,Nord-ovest,2,Femmine,Y15-24,15-24 anni,2008,168.26,,
A,Annuale,ITC,Nord-ovest,2,Femmine,Y15-24,15-24 anni,2009,150.722,,
A,Annuale,ITC,Nord-ovest,2,Femmine,Y15-24,15-24 anni,2010,141.468,,
A,Annuale,ITC,Nord-ovest,2,Femmine,Y15-24,15-24 anni,2011,132.91,,
A,Annuale,ITC,Nord-ovest,2,Femmine,Y15-24,15-24 anni,2012,137.679,,
A,Annuale,ITC,Nord-ovest,2,Femmine,Y15-24,15-24 anni,2013,125.329,,
A,Annuale,ITC,Nord-ovest,2,Femmine,Y15-24,15-24 anni,2014,119.654,,
A,Annuale,ITC,Nord-ovest,2,Femmine,Y15-24,15-24 anni,2015,111.67,,
A,Annuale,ITC,Nord-ovest,2,Femmine,Y15-24,15-24 anni,2016,118.085,,
A,Annuale,ITC,Nord-ovest,2,Femmine,Y15-24,15-24 anni,2017,120.245,,
A,Annuale,ITC,Nord-ovest,2,Femmine,Y15-24,15-24 anni,2018,123.654,,
A,Annuale,ITC,Nord-ovest,2,Femmine,Y15-24,15-24 anni,2019,133.102,,
A,Annuale,ITC,Nord-ovest,2,Femmine,Y15-24,15-24 anni,2020,120.699,,
A,Annuale,ITC,Nord-ovest,2,Femmine,Y15-24,15-24 anni,2021,122.323,,
A,Annuale,ITC,Nord-ovest,2,Femmine,Y15-24,15-24 anni,2022,146.208,,
A,Annuale,ITC,Nord-ovest,2,Femmine,Y15-24,15-24 anni,2023,150.612,,
A,Annuale,ITC,Nord-ovest,2,Femmine,Y15-24,15-24 anni,2024,139.16,,
A,Annuale,ITC,Nord-ovest,2,Femmine,Y15-24,15-24 anni,2025,139.232,,
A,Annuale,ITC,Nord-ovest,2,Femmine,Y25-34,25-34 anni,2004,810.557,,
A,Annuale,ITC,Nord-ovest,2,Femmine,Y25-34,25-34 anni,2005,800.179,,
A,Annuale,ITC,Nord-ovest,2,Femmine,Y25-34,25-34 anni,2006,792.589,,
A,Annuale,ITC,Nord-ovest,2,Femmine,Y25-34,25-34 anni,2007,763.94,,
A,Annuale,ITC,Nord-ovest,2,Femmine,Y25-34,25-34 anni,2008,751.032,,
A,Annuale,ITC,Nord-ovest,2,Femmine,Y25-34,25-34 anni,2009,706.145,,
A,Annuale,ITC,Nord-ovest,2,Femmine,Y25-34,25-34 anni,2010,670.483,,
A,Annuale,ITC,Nord-ovest,2,Femmine,Y25-34,25-34 anni,2011,646.213,,
A,Annuale,ITC,Nord-ovest,2,Femmine,Y25-34,25-34 anni,2012,619.645,,
A,Annuale,ITC,Nord-ovest,2,Femmine,Y25-34,25-34 anni,2013,579.971,,
A,Annuale,ITC,Nord-ovest,2,Femmine,Y25-34,25-34 anni,2014,564.116,,
A,Annuale,ITC,Nord-ovest,2,Femmine,Y25-34,25-34 anni,2015,547.321,,
A,Annuale,ITC,Nord-ovest,2,Femmine,Y25-34,25-34 anni,2016,535.566,,
A,Annuale,ITC,Nord-ovest,2,Femmine,Y25-34,25-34 anni,2017,542.384,,
A,Annuale,ITC,Nord-ovest,2,Femmine,Y25-34,25-34 anni,2018,544.98,,
A,Annuale,ITC,Nord-ovest,2,Femmine,Y25-34,25-34 anni,2019,554.704,,
A,Annuale,ITC,Nord-ovest,2,Femmine,Y25-34,25-34 anni,2020,526.572,,
A,Annuale,ITC,Nord-ovest,2,Femmine,Y25-34,25-34 anni,2021,531.952,,
A,Annuale,ITC,Nord-ovest,2,Femmine,Y25-34,25-34 anni,2022,542.642,,
A,Annuale,ITC,Nord-ovest,2,Femmine,Y25-34,25-34 anni,2023,570.329,,
A,Annuale,ITC,Nord-ovest,2,Femmine,Y25-34,25-34 anni,2024,590.56,,
A,Annuale,ITC,Nord-ovest,2,Femmine,Y25-34,25-34 anni,2025,572.04,,
A,Annuale,ITC,Nord-ovest,2,Femmine,Y15-34,15-34 anni,2004,1024.454,,
A,Annuale,ITC,Nord-ovest,2,Femmine,Y15-34,15-34 anni,2005,993.698,,
A,Annuale,ITC,Nord-ovest,2,Femmine,Y15-34,15-34 anni,2006,971.32,,
A,Annuale,ITC,Nord-ovest,2,Femmine,Y15-34,15-34 anni,2007,941.105,,
A,Annuale,ITC,Nord-ovest,2,Femmine,Y15-34,15-34 anni,2008,919.293,,
A,Annuale,ITC,Nord-ovest,2,Femmine,Y15-34,15-34 anni,2009,856.867,,
A,Annuale,ITC,Nord-ovest,2,Femmine,Y15-34,15-34 anni,2010,811.951,,
A,Annuale,ITC,Nord-ovest,2,Femmine,Y15-34,15-34 anni,2011,779.122,,
A,Annuale,ITC,Nord-ovest,2,Femmine,Y15-34,15-34 anni,2012,757.324,,
A,Annuale,ITC,Nord-ovest,2,Femmine,Y15-34,15-34 anni,2013,705.299,,
A,Annuale,ITC,Nord-ovest,2,Femmine,Y15-34,15-34 anni,2014,683.77,,
A,Annuale,ITC,Nord-ovest,2,Femmine,Y15-34,15-34 anni,2015,658.99,,
A,Annuale,ITC,Nord-ovest,2,Femmine,Y15-34,15-34 anni,2016,653.651,,
A,Annuale,ITC,Nord-ovest,2,Femmine,Y15-34,15-34 anni,2017,662.629,,
A,Annuale,ITC,Nord-ovest,2,Femmine,Y15-34,15-34 anni,2018,668.634,,
A,Annuale,ITC,Nord-ovest,2,Femmine,Y15-34,15-34 anni,2019,687.806,,
A,Annuale,ITC,Nord-ovest,2,Femmine,Y15-34,15-34 anni,2020,647.271,,
A,Annuale,ITC,Nord-ovest,2,Femmine,Y15-34,15-34 anni,2021,654.275,,
A,Annuale,ITC,Nord-ovest,2,Femmine,Y15-34,15-34 anni,2022,688.85,,
A,Annuale,ITC,Nord-ovest,2,Femmine,Y15-34,15-34 anni,2023,720.941,,
A,Annuale,ITC,Nord-ovest,2,Femmine,Y15-34,15-34 anni,2024,729.72,,
A,Annuale,ITC,Nord-ovest,2,Femmine,Y15-34,15-34 anni,2025,711.272,,
A,Annuale,ITC,Nord-ovest,2,Femmine,Y35-49,35-49 anni,2004,1246.332,,
A,Annuale,ITC,Nord-ovest,2,Femmine,Y35-49,35-49 anni,2005,1274.287,,
A,Annuale,ITC,Nord-ovest,2,Femmine,Y35-49,35-49 anni,2006,1318.745,,
A,Annuale,ITC,Nord-ovest,2,Femmine,Y35-49,35-49 anni,2007,1355.171,,
A,Annuale,ITC,Nord-ovest,2,Femmine,Y35-49,35-49 anni,2008,1389.497,,
A,Annuale,ITC,Nord-ovest,2,Femmine,Y35-49,35-49 anni,2009,1380.793,,
A,Annuale,ITC,Nord-ovest,2,Femmine,Y35-49,35-49 anni,2010,1398.756,,
A,Annuale,ITC,Nord-ovest,2,Femmine,Y35-49,35-49 anni,2011,1400.213,,
A,Annuale,ITC,Nord-ovest,2,Femmine,Y35-49,35-49 anni,2012,1391.227,,
A,Annuale,ITC,Nord-ovest,2,Femmine,Y35-49,35-49 anni,2013,1395.741,,
A,Annuale,ITC,Nord-ovest,2,Femmine,Y35-49,35-49 anni,2014,1375.664,,
A,Annuale,ITC,Nord-ovest,2,Femmine,Y35-49,35-49 anni,2015,1367.202,,
A,Annuale,ITC,Nord-ovest,2,Femmine,Y35-49,35-49 anni,2016,1352.426,,
A,Annuale,ITC,Nord-ovest,2,Femmine,Y35-49,35-49 anni,2017,1321.164,,
A,Annuale,ITC,Nord-ovest,2,Femmine,Y35-49,35-49 anni,2018,1290.614,,
A,Annuale,ITC,Nord-ovest,2,Femmine,Y35-49,35-49 anni,2019,1264.539,,
A,Annuale,ITC,Nord-ovest,2,Femmine,Y35-49,35-49 anni,2020,1201.147,,
A,Annuale,ITC,Nord-ovest,2,Femmine,Y35-49,35-49 anni,2021,1191.661,,
A,Annuale,ITC,Nord-ovest,2,Femmine,Y35-49,35-49 anni,2022,1188.188,,
A,Annuale,ITC,Nord-ovest,2,Femmine,Y35-49,35-49 anni,2023,1167.224,,
A,Annuale,ITC,Nord-ovest,2,Femmine,Y35-49,35-49 anni,2024,1168.076,,
A,Annuale,ITC,Nord-ovest,2,Femmine,Y35-49,35-49 anni,2025,1143.208,,
A,Annuale,ITC,Nord-ovest,2,Femmine,Y50-64,50-64 anni,2004,456.848,,
A,Annuale,ITC,Nord-ovest,2,Femmine,Y50-64,50-64 anni,2005,470.307,,
A,Annuale,ITC,Nord-ovest,2,Femmine,Y50-64,50-64 anni,2006,516.828,,
A,Annuale,ITC,Nord-ovest,2,Femmine,Y50-64,50-64 anni,2007,534.029,,
A,Annuale,ITC,Nord-ovest,2,Femmine,Y50-64,50-64 anni,2008,565.078,,
A,Annuale,ITC,Nord-ovest,2,Femmine,Y50-64,50-64 anni,2009,588.4,,
A,Annuale,ITC,Nord-ovest,2,Femmine,Y50-64,50-64 anni,2010,616.158,,
A,Annuale,ITC,Nord-ovest,2,Femmine,Y50-64,50-64 anni,2011,662.313,,
A,Annuale,ITC,Nord-ovest,2,Femmine,Y50-64,50-64 anni,2012,709.482,,
A,Annuale,ITC,Nord-ovest,2,Femmine,Y50-64,50-64 anni,2013,771.417,,
A,Annuale,ITC,Nord-ovest,2,Femmine,Y50-64,50-64 anni,2014,821.027,,
A,Annuale,ITC,Nord-ovest,2,Femmine,Y50-64,50-64 anni,2015,849.53,,
A,Annuale,ITC,Nord-ovest,2,Femmine,Y50-64,50-64 anni,2016,900.628,,
A,Annuale,ITC,Nord-ovest,2,Femmine,Y50-64,50-64 anni,2017,958.693,,
A,Annuale,ITC,Nord-ovest,2,Femmine,Y50-64,50-64 anni,2018,992.242,,
A,Annuale,ITC,Nord-ovest,2,Femmine,Y50-64,50-64 anni,2019,1025.905,,
A,Annuale,ITC,Nord-ovest,2,Femmine,Y50-64,50-64 anni,2020,1035.052,,
A,Annuale,ITC,Nord-ovest,2,Femmine,Y50-64,50-64 anni,2021,1066.81,,
A,Annuale,ITC,Nord-ovest,2,Femmine,Y50-64,50-64 anni,2022,1077.664,,
A,Annuale,ITC,Nord-ovest,2,Femmine,Y50-64,50-64 anni,2023,1122.193,,
A,Annuale,ITC,Nord-ovest,2,Femmine,Y50-64,50-64 anni,2024,1164.19,,
A,Annuale,ITC,Nord-ovest,2,Femmine,Y50-64,50-64 anni,2025,1223.322,,
A,Annuale,ITC,Nord-ovest,2,Femmine,Y15-64,15-64 anni,2004,2727.634,,
A,Annuale,ITC,Nord-ovest,2,Femmine,Y15-64,15-64 anni,2005,2738.292,,
A,Annuale,ITC,Nord-ovest,2,Femmine,Y15-64,15-64 anni,2006,2806.893,,
A,Annuale,ITC,Nord-ovest,2,Femmine,Y15-64,15-64 anni,2007,2830.305,,
A,Annuale,ITC,Nord-ovest,2,Femmine,Y15-64,15-64 anni,2008,2873.868,,
A,Annuale,ITC,Nord-ovest,2,Femmine,Y15-64,15-64 anni,2009,2826.06,,
A,Annuale,ITC,Nord-ovest,2,Femmine,Y15-64,15-64 anni,2010,2826.865,,
A,Annuale,ITC,Nord-ovest,2,Femmine,Y15-64,15-64 anni,2011,2841.648,,
A,Annuale,ITC,Nord-ovest,2,Femmine,Y15-64,15-64 anni,2012,2858.033,,
A,Annuale,ITC,Nord-ovest,2,Femmine,Y15-64,15-64 anni,2013,2872.457,,
A,Annuale,ITC,Nord-ovest,2,Femmine,Y15-64,15-64 anni,2014,2880.461,,
A,Annuale,ITC,Nord-ovest,2,Femmine,Y15-64,15-64 anni,2015,2875.722,,
A,Annuale,ITC,Nord-ovest,2,Femmine,Y15-64,15-64 anni,2016,2906.706,,
A,Annuale,ITC,Nord-ovest,2,Femmine,Y15-64,15-64 anni,2017,2942.486,,
A,Annuale,ITC,Nord-ovest,2,Femmine,Y15-64,15-64 anni,2018,2951.49,,
A,Annuale,ITC,Nord-ovest,2,Femmine,Y15-64,15-64 anni,2019,2978.251,,
A,Annuale,ITC,Nord-ovest,2,Femmine,Y15-64,15-64 anni,2020,2883.47,,
A,Annuale,ITC,Nord-ovest,2,Femmine,Y15-64,15-64 anni,2021,2912.746,,
A,Annuale,ITC,Nord-ovest,2,Femmine,Y15-64,15-64 anni,2022,2954.702,,
A,Annuale,ITC,Nord-ovest,2,Femmine,Y15-64,15-64 anni,2023,3010.359,,
A,Annuale,ITC,Nord-ovest,2,Femmine,Y15-64,15-64 anni,2024,3061.986,,
A,Annuale,ITC,Nord-ovest,2,Femmine,Y15-64,15-64 anni,2025,3077.802,,
A,Annuale,ITC,Nord-ovest,2,Femmine,Y15-89,15-89 anni,2004,2749.299,,
A,Annuale,ITC,Nord-ovest,2,Femmine,Y15-89,15-89 anni,2005,2759.007,,
A,Annuale,ITC,Nord-ovest,2,Femmine,Y15-89,15-89 anni,2006,2830.58,,
A,Annuale,ITC,Nord-ovest,2,Femmine,Y15-89,15-89 anni,2007,2853.006,,
A,Annuale,ITC,Nord-ovest,2,Femmine,Y15-89,15-89 anni,2008,2897.781,,
A,Annuale,ITC,Nord-ovest,2,Femmine,Y15-89,15-89 anni,2009,2852.552,,
A,Annuale,ITC,Nord-ovest,2,Femmine,Y15-89,15-89 anni,2010,2854.527,,
A,Annuale,ITC,Nord-ovest,2,Femmine,Y15-89,15-89 anni,2011,2869.037,,
A,Annuale,ITC,Nord-ovest,2,Femmine,Y15-89,15-89 anni,2012,2886.709,,
A,Annuale,ITC,Nord-ovest,2,Femmine,Y15-89,15-89 anni,2013,2902.997,,
A,Annuale,ITC,Nord-ovest,2,Femmine,Y15-89,15-89 anni,2014,2912.229,,
A,Annuale,ITC,Nord-ovest,2,Femmine,Y15-89,15-89 anni,2015,2911.529,,
A,Annuale,ITC,Nord-ovest,2,Femmine,Y15-89,15-89 anni,2016,2946.913,,
A,Annuale,ITC,Nord-ovest,2,Femmine,Y15-89,15-89 anni,2017,2989.48,,
A,Annuale,ITC,Nord-ovest,2,Femmine,Y15-89,15-89 anni,2018,3002.792,,
A,Annuale,ITC,Nord-ovest,2,Femmine,Y15-89,15-89 anni,2019,3034.379,,
A,Annuale,ITC,Nord-ovest,2,Femmine,Y15-89,15-89 anni,2020,2943.136,,
A,Annuale,ITC,Nord-ovest,2,Femmine,Y15-89,15-89 anni,2021,2976.347,,
A,Annuale,ITC,Nord-ovest,2,Femmine,Y15-89,15-89 anni,2022,3016.913,,
A,Annuale,ITC,Nord-ovest,2,Femmine,Y15-89,15-89 anni,2023,3084.958,,
A,Annuale,ITC,Nord-ovest,2,Femmine,Y15-89,15-89 anni,2024,3137.87,,
A,Annuale,ITC,Nord-ovest,2,Femmine,Y15-89,15-89 anni,2025,3157.78,,
A,Annuale,ITC,Nord-ovest,9,Totale,Y15-24,15-24 anni,2004,489.211,,
A,Annuale,ITC,Nord-ovest,9,Totale,Y15-24,15-24 anni,2005,456.153,,
A,Annuale,ITC,Nord-ovest,9,Totale,Y15-24,15-24 anni,2006,435.366,,
A,Annuale,ITC,Nord-ovest,9,Totale,Y15-24,15-24 anni,2007,420.036,,
A,Annuale,ITC,Nord-ovest,9,Totale,Y15-24,15-24 anni,2008,416.965,,
A,Annuale,ITC,Nord-ovest,9,Totale,Y15-24,15-24 anni,2009,372.447,,
A,Annuale,ITC,Nord-ovest,9,Totale,Y15-24,15-24 anni,2010,346.82,,
A,Annuale,ITC,Nord-ovest,9,Totale,Y15-24,15-24 anni,2011,333.984,,
A,Annuale,ITC,Nord-ovest,9,Totale,Y15-24,15-24 anni,2012,325.181,,
A,Annuale,ITC,Nord-ovest,9,Totale,Y15-24,15-24 anni,2013,290.014,,
A,Annuale,ITC,Nord-ovest,9,Totale,Y15-24,15-24 anni,2014,276.103,,
A,Annuale,ITC,Nord-ovest,9,Totale,Y15-24,15-24 anni,2015,268.76,,
A,Annuale,ITC,Nord-ovest,9,Totale,Y15-24,15-24 anni,2016,278.063,,
A,Annuale,ITC,Nord-ovest,9,Totale,Y15-24,15-24 anni,2017,293.165,,
A,Annuale,ITC,Nord-ovest,9,Totale,Y15-24,15-24 anni,2018,316.469,,
A,Annuale,ITC,Nord-ovest,9,Totale,Y15-24,15-24 anni,2019,329.777,,
A,Annuale,ITC,Nord-ovest,9,Totale,Y15-24,15-24 anni,2020,299.868,,
A,Annuale,ITC,Nord-ovest,9,Totale,Y15-24,15-24 anni,2021,313.216,,
A,Annuale,ITC,Nord-ovest,9,Totale,Y15-24,15-24 anni,2022,356.127,,
A,Annuale,ITC,Nord-ovest,9,Totale,Y15-24,15-24 anni,2023,364.854,,
A,Annuale,ITC,Nord-ovest,9,Totale,Y15-24,15-24 anni,2024,360.346,,
A,Annuale,ITC,Nord-ovest,9,Totale,Y15-24,15-24 anni,2025,340.426,,
A,Annuale,ITC,Nord-ovest,9,Totale,Y25-34,25-34 anni,2004,1826.81,,
A,Annuale,ITC,Nord-ovest,9,Totale,Y25-34,25-34 anni,2005,1797.475,,
A,Annuale,ITC,Nord-ovest,9,Totale,Y25-34,25-34 anni,2006,1763.895,,
A,Annuale,ITC,Nord-ovest,9,Totale,Y25-34,25-34 anni,2007,1704.005,,
A,Annuale,ITC,Nord-ovest,9,Totale,Y25-34,25-34 anni,2008,1663.755,,
A,Annuale,ITC,Nord-ovest,9,Totale,Y25-34,25-34 anni,2009,1554.626,,
A,Annuale,ITC,Nord-ovest,9,Totale,Y25-34,25-34 anni,2010,1475.15,,
A,Annuale,ITC,Nord-ovest,9,Totale,Y25-34,25-34 anni,2011,1425.803,,
A,Annuale,ITC,Nord-ovest,9,Totale,Y25-34,25-34 anni,2012,1345.858,,
A,Annuale,ITC,Nord-ovest,9,Totale,Y25-34,25-34 anni,2013,1267.029,,
A,Annuale,ITC,Nord-ovest,9,Totale,Y25-34,25-34 anni,2014,1237.617,,
A,Annuale,ITC,Nord-ovest,9,Totale,Y25-34,25-34 anni,2015,1221.155,,
A,Annuale,ITC,Nord-ovest,9,Totale,Y25-34,25-34 anni,2016,1213.745,,
A,Annuale,ITC,Nord-ovest,9,Totale,Y25-34,25-34 anni,2017,1227.562,,
A,Annuale,ITC,Nord-ovest,9,Totale,Y25-34,25-34 anni,2018,1222.516,,
A,Annuale,ITC,Nord-ovest,9,Totale,Y25-34,25-34 anni,2019,1235.086,,
A,Annuale,ITC,Nord-ovest,9,Totale,Y25-34,25-34 anni,2020,1175.031,,
A,Annuale,ITC,Nord-ovest,9,Totale,Y25-34,25-34 anni,2021,1189.918,,
A,Annuale,ITC,Nord-ovest,9,Totale,Y25-34,25-34 anni,2022,1243.345,,
A,Annuale,ITC,Nord-ovest,9,Totale,Y25-34,25-34 anni,2023,1279.648,,
A,Annuale,ITC,Nord-ovest,9,Totale,Y25-34,25-34 anni,2024,1302.247,,
A,Annuale,ITC,Nord-ovest,9,Totale,Y25-34,25-34 anni,2025,1303.101,,
A,Annuale,ITC,Nord-ovest,9,Totale,Y15-34,15-34 anni,2004,2316.021,,
A,Annuale,ITC,Nord-ovest,9,Totale,Y15-34,15-34 anni,2005,2253.628,,
A,Annuale,ITC,Nord-ovest,9,Totale,Y15-34,15-34 anni,2006,2199.261,,
A,Annuale,ITC,Nord-ovest,9,Totale,Y15-34,15-34 anni,2007,2124.041,,
A,Annuale,ITC,Nord-ovest,9,Totale,Y15-34,15-34 anni,2008,2080.72,,
A,Annuale,ITC,Nord-ovest,9,Totale,Y15-34,15-34 anni,2009,1927.072,,
A,Annuale,ITC,Nord-ovest,9,Totale,Y15-34,15-34 anni,2010,1821.97,,
A,Annuale,ITC,Nord-ovest,9,Totale,Y15-34,15-34 anni,2011,1759.787,,
A,Annuale,ITC,Nord-ovest,9,Totale,Y15-34,15-34 anni,2012,1671.039,,
A,Annuale,ITC,Nord-ovest,9,Totale,Y15-34,15-34 anni,2013,1557.044,,
A,Annuale,ITC,Nord-ovest,9,Totale,Y15-34,15-34 anni,2014,1513.721,,
A,Annuale,ITC,Nord-ovest,9,Totale,Y15-34,15-34 anni,2015,1489.915,,
A,Annuale,ITC,Nord-ovest,9,Totale,Y15-34,15-34 anni,2016,1491.808,,
A,Annuale,ITC,Nord-ovest,9,Totale,Y15-34,15-34 anni,2017,1520.727,,
A,Annuale,ITC,Nord-ovest,9,Totale,Y15-34,15-34 anni,2018,1538.985,,
A,Annuale,ITC,Nord-ovest,9,Totale,Y15-34,15-34 anni,2019,1564.863,,
A,Annuale,ITC,Nord-ovest,9,Totale,Y15-34,15-34 anni,2020,1474.899,,
A,Annuale,ITC,Nord-ovest,9,Totale,Y15-34,15-34 anni,2021,1503.134,,
A,Annuale,ITC,Nord-ovest,9,Totale,Y15-34,15-34 anni,2022,1599.472,,
A,Annuale,ITC,Nord-ovest,9,Totale,Y15-34,15-34 anni,2023,1644.502,,
A,Annuale,ITC,Nord-ovest,9,Totale,Y15-34,15-34 anni,2024,1662.593,,
A,Annuale,ITC,Nord-ovest,9,Totale,Y15-34,15-34 anni,2025,1643.526,,
A,Annuale,ITC,Nord-ovest,9,Totale,Y35-49,35-49 anni,2004,2927.183,,
A,Annuale,ITC,Nord-ovest,9,Totale,Y35-49,35-49 anni,2005,2993.893,,
A,Annuale,ITC,Nord-ovest,9,Totale,Y35-49,35-49 anni,2006,3073.432,,
A,Annuale,ITC,Nord-ovest,9,Totale,Y35-49,35-49 anni,2007,3129.55,,
A,Annuale,ITC,Nord-ovest,9,Totale,Y35-49,35-49 anni,2008,3197.398,,
A,Annuale,ITC,Nord-ovest,9,Totale,Y35-49,35-49 anni,2009,3177.03,,
A,Annuale,ITC,Nord-ovest,9,Totale,Y35-49,35-49 anni,2010,3186.699,,
A,Annuale,ITC,Nord-ovest,9,Totale,Y35-49,35-49 anni,2011,3183.909,,
A,Annuale,ITC,Nord-ovest,9,Totale,Y35-49,35-49 anni,2012,3145.234,,
A,Annuale,ITC,Nord-ovest,9,Totale,Y35-49,35-49 anni,2013,3113.857,,
A,Annuale,ITC,Nord-ovest,9,Totale,Y35-49,35-49 anni,2014,3075.836,,
A,Annuale,ITC,Nord-ovest,9,Totale,Y35-49,35-49 anni,2015,3045.311,,
A,Annuale,ITC,Nord-ovest,9,Totale,Y35-49,35-49 anni,2016,3006.582,,
A,Annuale,ITC,Nord-ovest,9,Totale,Y35-49,35-49 anni,2017,2951.163,,
A,Annuale,ITC,Nord-ovest,9,Totale,Y35-49,35-49 anni,2018,2897.866,,
A,Annuale,ITC,Nord-ovest,9,Totale,Y35-49,35-49 anni,2019,2837.047,,
A,Annuale,ITC,Nord-ovest,9,Totale,Y35-49,35-49 anni,2020,2705.221,,
A,Annuale,ITC,Nord-ovest,9,Totale,Y35-49,35-49 anni,2021,2669.316,,
A,Annuale,ITC,Nord-ovest,9,Totale,Y35-49,35-49 anni,2022,2657.628,,
A,Annuale,ITC,Nord-ovest,9,Totale,Y35-49,35-49 anni,2023,2600.184,,
A,Annuale,ITC,Nord-ovest,9,Totale,Y35-49,35-49 anni,2024,2600.504,,
A,Annuale,ITC,Nord-ovest,9,Totale,Y35-49,35-49 anni,2025,2559.171,,
A,Annuale,ITC,Nord-ovest,9,Totale,Y50-64,50-64 anni,2004,1230.291,,
A,Annuale,ITC,Nord-ovest,9,Totale,Y50-64,50-64 anni,2005,1262.973,,
A,Annuale,ITC,Nord-ovest,9,Totale,Y50-64,50-64 anni,2006,1325.231,,
A,Annuale,ITC,Nord-ovest,9,Totale,Y50-64,50-64 anni,2007,1375.092,,
A,Annuale,ITC,Nord-ovest,9,Totale,Y50-64,50-64 anni,2008,1415.343,,
A,Annuale,ITC,Nord-ovest,9,Totale,Y50-64,50-64 anni,2009,1465.635,,
A,Annuale,ITC,Nord-ovest,9,Totale,Y50-64,50-64 anni,2010,1508.959,,
A,Annuale,ITC,Nord-ovest,9,Totale,Y50-64,50-64 anni,2011,1584.072,,
A,Annuale,ITC,Nord-ovest,9,Totale,Y50-64,50-64 anni,2012,1664.927,,
A,Annuale,ITC,Nord-ovest,9,Totale,Y50-64,50-64 anni,2013,1772.908,,
A,Annuale,ITC,Nord-ovest,9,Totale,Y50-64,50-64 anni,2014,1862.58,,
A,Annuale,ITC,Nord-ovest,9,Totale,Y50-64,50-64 anni,2015,1959.15,,
A,Annuale,ITC,Nord-ovest,9,Totale,Y50-64,50-64 anni,2016,2078.155,,
A,Annuale,ITC,Nord-ovest,9,Totale,Y50-64,50-64 anni,2017,2175.284,,
A,Annuale,ITC,Nord-ovest,9,Totale,Y50-64,50-64 anni,2018,2252.1,,
A,Annuale,ITC,Nord-ovest,9,Totale,Y50-64,50-64 anni,2019,2329.236,,
A,Annuale,ITC,Nord-ovest,9,Totale,Y50-64,50-64 anni,2020,2328.628,,
A,Annuale,ITC,Nord-ovest,9,Totale,Y50-64,50-64 anni,2021,2373.849,,
A,Annuale,ITC,Nord-ovest,9,Totale,Y50-64,50-64 anni,2022,2438.2,,
A,Annuale,ITC,Nord-ovest,9,Totale,Y50-64,50-64 anni,2023,2545.559,,
A,Annuale,ITC,Nord-ovest,9,Totale,Y50-64,50-64 anni,2024,2615.544,,
A,Annuale,ITC,Nord-ovest,9,Totale,Y50-64,50-64 anni,2025,2716.443,,
A,Annuale,ITC,Nord-ovest,9,Totale,Y15-64,15-64 anni,2004,6473.495,,
A,Annuale,ITC,Nord-ovest,9,Totale,Y15-64,15-64 anni,2005,6510.494,,
A,Annuale,ITC,Nord-ovest,9,Totale,Y15-64,15-64 anni,2006,6597.924,,
A,Annuale,ITC,Nord-ovest,9,Totale,Y15-64,15-64 anni,2007,6628.683,,
A,Annuale,ITC,Nord-ovest,9,Totale,Y15-64,15-64 anni,2008,6693.461,,
A,Annuale,ITC,Nord-ovest,9,Totale,Y15-64,15-64 anni,2009,6569.737,,
A,Annuale,ITC,Nord-ovest,9,Totale,Y15-64,15-64 anni,2010,6517.629,,
A,Annuale,ITC,Nord-ovest,9,Totale,Y15-64,15-64 anni,2011,6527.767,,
A,Annuale,ITC,Nord-ovest,9,Totale,Y15-64,15-64 anni,2012,6481.2,,
A,Annuale,ITC,Nord-ovest,9,Totale,Y15-64,15-64 anni,2013,6443.809,,
A,Annuale,ITC,Nord-ovest,9,Totale,Y15-64,15-64 anni,2014,6452.136,,
A,Annuale,ITC,Nord-ovest,9,Totale,Y15-64,15-64 anni,2015,6494.377,,
A,Annuale,ITC,Nord-ovest,9,Totale,Y15-64,15-64 anni,2016,6576.544,,
A,Annuale,ITC,Nord-ovest,9,Totale,Y15-64,15-64 anni,2017,6647.175,,
A,Annuale,ITC,Nord-ovest,9,Totale,Y15-64,15-64 anni,2018,6688.951,,
A,Annuale,ITC,Nord-ovest,9,Totale,Y15-64,15-64 anni,2019,6731.146,,
A,Annuale,ITC,Nord-ovest,9,Totale,Y15-64,15-64 anni,2020,6508.747,,
A,Annuale,ITC,Nord-ovest,9,Totale,Y15-64,15-64 anni,2021,6546.299,,
A,Annuale,ITC,Nord-ovest,9,Totale,Y15-64,15-64 anni,2022,6695.3,,
A,Annuale,ITC,Nord-ovest,9,Totale,Y15-64,15-64 anni,2023,6790.246,,
A,Annuale,ITC,Nord-ovest,9,Totale,Y15-64,15-64 anni,2024,6878.642,,
A,Annuale,ITC,Nord-ovest,9,Totale,Y15-64,15-64 anni,2025,6919.14,,
A,Annuale,ITC,Nord-ovest,9,Totale,Y15-89,15-89 anni,2004,6569.483,,
A,Annuale,ITC,Nord-ovest,9,Totale,Y15-89,15-89 anni,2005,6609.365,,
A,Annuale,ITC,Nord-ovest,9,Totale,Y15-89,15-89 anni,2006,6701.174,,
A,Annuale,ITC,Nord-ovest,9,Totale,Y15-89,15-89 anni,2007,6736.549,,
A,Annuale,ITC,Nord-ovest,9,Totale,Y15-89,15-89 anni,2008,6806.564,,
A,Annuale,ITC,Nord-ovest,9,Totale,Y15-89,15-89 anni,2009,6681.521,,
A,Annuale,ITC,Nord-ovest,9,Totale,Y15-89,15-89 anni,2010,6623.908,,
A,Annuale,ITC,Nord-ovest,9,Totale,Y15-89,15-89 anni,2011,6638.598,,
A,Annuale,ITC,Nord-ovest,9,Totale,Y15-89,15-89 anni,2012,6599.968,,
A,Annuale,ITC,Nord-ovest,9,Totale,Y15-89,15-89 anni,2013,6568.839,,
A,Annuale,ITC,Nord-ovest,9,Totale,Y15-89,15-89 anni,2014,6584.76,,
A,Annuale,ITC,Nord-ovest,9,Totale,Y15-89,15-89 anni,2015,6634.984,,
A,Annuale,ITC,Nord-ovest,9,Totale,Y15-89,15-89 anni,2016,6722.598,,
A,Annuale,ITC,Nord-ovest,9,Totale,Y15-89,15-89 anni,2017,6805.639,,
A,Annuale,ITC,Nord-ovest,9,Totale,Y15-89,15-89 anni,2018,6865.336,,
A,Annuale,ITC,Nord-ovest,9,Totale,Y15-89,15-89 anni,2019,6920.502,,
A,Annuale,ITC,Nord-ovest,9,Totale,Y15-89,15-89 anni,2020,6695.925,,
A,Annuale,ITC,Nord-ovest,9,Totale,Y15-89,15-89 anni,2021,6747.157,,
A,Annuale,ITC,Nord-ovest,9,Totale,Y15-89,15-89 anni,2022,6880.994,,
A,Annuale,ITC,Nord-ovest,9,Totale,Y15-89,15-89 anni,2023,6991.408,,
A,Annuale,ITC,Nord-ovest,9,Totale,Y15-89,15-89 anni,2024,7083.09,,
A,Annuale,ITC,Nord-ovest,9,Totale,Y15-89,15-89 anni,2025,7137.708,,
A,Annuale,ITC1,Piemonte,1,Maschi,Y15-24,15-24 anni,2018,49.793,,
A,Annuale,ITC1,Piemonte,1,Maschi,Y15-24,15-24 anni,2019,47.24,,
A,Annuale,ITC1,Piemonte,1,Maschi,Y15-24,15-24 anni,2020,48.35,,
A,Annuale,ITC1,Piemonte,1,Maschi,Y15-24,15-24 anni,2021,50.06,,
A,Annuale,ITC1,Piemonte,1,Maschi,Y15-24,15-24 anni,2022,47.239,,
A,Annuale,ITC1,Piemonte,1,Maschi,Y15-24,15-24 anni,2023,53.418,,
A,Annuale,ITC1,Piemonte,1,Maschi,Y15-24,15-24 anni,2024,56.5,,
A,Annuale,ITC1,Piemonte,1,Maschi,Y15-24,15-24 anni,2025,48.421,,
A,Annuale,ITC1,Piemonte,1,Maschi,Y25-34,25-34 anni,2018,174.139,,
A,Annuale,ITC1,Piemonte,1,Maschi,Y25-34,25-34 anni,2019,170.499,,
A,Annuale,ITC1,Piemonte,1,Maschi,Y25-34,25-34 anni,2020,164.031,,
A,Annuale,ITC1,Piemonte,1,Maschi,Y25-34,25-34 anni,2021,169.451,,
A,Annuale,ITC1,Piemonte,1,Maschi,Y25-34,25-34 anni,2022,178.203,,
A,Annuale,ITC1,Piemonte,1,Maschi,Y25-34,25-34 anni,2023,181.909,,
A,Annuale,ITC1,Piemonte,1,Maschi,Y25-34,25-34 anni,2024,182.789,,
A,Annuale,ITC1,Piemonte,1,Maschi,Y25-34,25-34 anni,2025,189.908,,
A,Annuale,ITC1,Piemonte,1,Maschi,Y15-34,15-34 anni,2018,223.932,,
A,Annuale,ITC1,Piemonte,1,Maschi,Y15-34,15-34 anni,2019,217.738,,
A,Annuale,ITC1,Piemonte,1,Maschi,Y15-34,15-34 anni,2020,212.381,,
A,Annuale,ITC1,Piemonte,1,Maschi,Y15-34,15-34 anni,2021,219.512,,
A,Annuale,ITC1,Piemonte,1,Maschi,Y15-34,15-34 anni,2022,225.442,,
A,Annuale,ITC1,Piemonte,1,Maschi,Y15-34,15-34 anni,2023,235.328,,
A,Annuale,ITC1,Piemonte,1,Maschi,Y15-34,15-34 anni,2024,239.289,,
A,Annuale,ITC1,Piemonte,1,Maschi,Y15-34,15-34 anni,2025,238.329,,
A,Annuale,ITC1,Piemonte,1,Maschi,Y35-49,35-49 anni,2018,411.539,,
A,Annuale,ITC1,Piemonte,1,Maschi,Y35-49,35-49 anni,2019,402.757,,
A,Annuale,ITC1,Piemonte,1,Maschi,Y35-49,35-49 anni,2020,384.777,,
A,Annuale,ITC1,Piemonte,1,Maschi,Y35-49,35-49 anni,2021,377.391,,
A,Annuale,ITC1,Piemonte,1,Maschi,Y35-49,35-49 anni,2022,374.223,,
A,Annuale,ITC1,Piemonte,1,Maschi,Y35-49,35-49 anni,2023,362.619,,
A,Annuale,ITC1,Piemonte,1,Maschi,Y35-49,35-49 anni,2024,363.72,,
A,Annuale,ITC1,Piemonte,1,Maschi,Y35-49,35-49 anni,2025,351.222,,
A,Annuale,ITC1,Piemonte,1,Maschi,Y50-64,50-64 anni,2018,338.705,,
A,Annuale,ITC1,Piemonte,1,Maschi,Y50-64,50-64 anni,2019,348.068,,
A,Annuale,ITC1,Piemonte,1,Maschi,Y50-64,50-64 anni,2020,339.297,,
A,Annuale,ITC1,Piemonte,1,Maschi,Y50-64,50-64 anni,2021,346.508,,
A,Annuale,ITC1,Piemonte,1,Maschi,Y50-64,50-64 anni,2022,353.662,,
A,Annuale,ITC1,Piemonte,1,Maschi,Y50-64,50-64 anni,2023,372.597,,
A,Annuale,ITC1,Piemonte,1,Maschi,Y50-64,50-64 anni,2024,389.75,,
A,Annuale,ITC1,Piemonte,1,Maschi,Y50-64,50-64 anni,2025,395.257,,
A,Annuale,ITC1,Piemonte,1,Maschi,Y15-64,15-64 anni,2018,974.176,,
A,Annuale,ITC1,Piemonte,1,Maschi,Y15-64,15-64 anni,2019,968.563,,
A,Annuale,ITC1,Piemonte,1,Maschi,Y15-64,15-64 anni,2020,936.455,,
A,Annuale,ITC1,Piemonte,1,Maschi,Y15-64,15-64 anni,2021,943.41,,
A,Annuale,ITC1,Piemonte,1,Maschi,Y15-64,15-64 anni,2022,953.327,,
A,Annuale,ITC1,Piemonte,1,Maschi,Y15-64,15-64 anni,2023,970.544,,
A,Annuale,ITC1,Piemonte,1,Maschi,Y15-64,15-64 anni,2024,992.759,,
A,Annuale,ITC1,Piemonte,1,Maschi,Y15-64,15-64 anni,2025,984.808,,
A,Annuale,ITC1,Piemonte,1,Maschi,Y15-89,15-89 anni,2018,1011.526,,
A,Annuale,ITC1,Piemonte,1,Maschi,Y15-89,15-89 anni,2019,1008.818,,
A,Annuale,ITC1,Piemonte,1,Maschi,Y15-89,15-89 anni,2020,970.69,,
A,Annuale,ITC1,Piemonte,1,Maschi,Y15-89,15-89 anni,2021,984.477,,
A,Annuale,ITC1,Piemonte,1,Maschi,Y15-89,15-89 anni,2022,988.256,,
A,Annuale,ITC1,Piemonte,1,Maschi,Y15-89,15-89 anni,2023,1002.332,,
A,Annuale,ITC1,Piemonte,1,Maschi,Y15-89,15-89 anni,2024,1025.279,,
A,Annuale,ITC1,Piemonte,1,Maschi,Y15-89,15-89 anni,2025,1024.655,,
A,Annuale,ITC1,Piemonte,2,Femmine,Y15-24,15-24 anni,2018,29.557,,
A,Annuale,ITC1,Piemonte,2,Femmine,Y15-24,15-24 anni,2019,32.978,,
A,Annuale,ITC1,Piemonte,2,Femmine,Y15-24,15-24 anni,2020,30.301,,
A,Annuale,ITC1,Piemonte,2,Femmine,Y15-24,15-24 anni,2021,31.932,,
A,Annuale,ITC1,Piemonte,2,Femmine,Y15-24,15-24 anni,2022,39.388,,
A,Annuale,ITC1,Piemonte,2,Femmine,Y15-24,15-24 anni,2023,29.632,,
A,Annuale,ITC1,Piemonte,2,Femmine,Y15-24,15-24 anni,2024,32.422,,
A,Annuale,ITC1,Piemonte,2,Femmine,Y15-24,15-24 anni,2025,31.721,,
A,Annuale,ITC1,Piemonte,2,Femmine,Y25-34,25-34 anni,2018,136.556,,
A,Annuale,ITC1,Piemonte,2,Femmine,Y25-34,25-34 anni,2019,142.622,,
A,Annuale,ITC1,Piemonte,2,Femmine,Y25-34,25-34 anni,2020,131.019,,
A,Annuale,ITC1,Piemonte,2,Femmine,Y25-34,25-34 anni,2021,137.426,,
A,Annuale,ITC1,Piemonte,2,Femmine,Y25-34,25-34 anni,2022,132.547,,
A,Annuale,ITC1,Piemonte,2,Femmine,Y25-34,25-34 anni,2023,143.745,,
A,Annuale,ITC1,Piemonte,2,Femmine,Y25-34,25-34 anni,2024,152.655,,
A,Annuale,ITC1,Piemonte,2,Femmine,Y25-34,25-34 anni,2025,150.57,,
A,Annuale,ITC1,Piemonte,2,Femmine,Y15-34,15-34 anni,2018,166.112,,
A,Annuale,ITC1,Piemonte,2,Femmine,Y15-34,15-34 anni,2019,175.6,,
A,Annuale,ITC1,Piemonte,2,Femmine,Y15-34,15-34 anni,2020,161.32,,
A,Annuale,ITC1,Piemonte,2,Femmine,Y15-34,15-34 anni,2021,169.359,,
A,Annuale,ITC1,Piemonte,2,Femmine,Y15-34,15-34 anni,2022,171.935,,
A,Annuale,ITC1,Piemonte,2,Femmine,Y15-34,15-34 anni,2023,173.376,,
A,Annuale,ITC1,Piemonte,2,Femmine,Y15-34,15-34 anni,2024,185.077,,
A,Annuale,ITC1,Piemonte,2,Femmine,Y15-34,15-34 anni,2025,182.291,,
A,Annuale,ITC1,Piemonte,2,Femmine,Y35-49,35-49 anni,2018,349.638,,
A,Annuale,ITC1,Piemonte,2,Femmine,Y35-49,35-49 anni,2019,334.937,,
A,Annuale,ITC1,Piemonte,2,Femmine,Y35-49,35-49 anni,2020,318.959,,
A,Annuale,ITC1,Piemonte,2,Femmine,Y35-49,35-49 anni,2021,309.868,,
A,Annuale,ITC1,Piemonte,2,Femmine,Y35-49,35-49 anni,2022,306.443,,
A,Annuale,ITC1,Piemonte,2,Femmine,Y35-49,35-49 anni,2023,304.502,,
A,Annuale,ITC1,Piemonte,2,Femmine,Y35-49,35-49 anni,2024,302.327,,
A,Annuale,ITC1,Piemonte,2,Femmine,Y35-49,35-49 anni,2025,301.131,,
A,Annuale,ITC1,Piemonte,2,Femmine,Y50-64,50-64 anni,2018,275.949,,
A,Annuale,ITC1,Piemonte,2,Femmine,Y50-64,50-64 anni,2019,279.181,,
A,Annuale,ITC1,Piemonte,2,Femmine,Y50-64,50-64 anni,2020,280.971,,
A,Annuale,ITC1,Piemonte,2,Femmine,Y50-64,50-64 anni,2021,285.596,,
A,Annuale,ITC1,Piemonte,2,Femmine,Y50-64,50-64 anni,2022,299.65,,
A,Annuale,ITC1,Piemonte,2,Femmine,Y50-64,50-64 anni,2023,300.065,,
A,Annuale,ITC1,Piemonte,2,Femmine,Y50-64,50-64 anni,2024,322.538,,
A,Annuale,ITC1,Piemonte,2,Femmine,Y50-64,50-64 anni,2025,333.776,,
A,Annuale,ITC1,Piemonte,2,Femmine,Y15-64,15-64 anni,2018,791.699,,
A,Annuale,ITC1,Piemonte,2,Femmine,Y15-64,15-64 anni,2019,789.719,,
A,Annuale,ITC1,Piemonte,2,Femmine,Y15-64,15-64 anni,2020,761.25,,
A,Annuale,ITC1,Piemonte,2,Femmine,Y15-64,15-64 anni,2021,764.822,,
A,Annuale,ITC1,Piemonte,2,Femmine,Y15-64,15-64 anni,2022,778.028,,
A,Annuale,ITC1,Piemonte,2,Femmine,Y15-64,15-64 anni,2023,777.944,,
A,Annuale,ITC1,Piemonte,2,Femmine,Y15-64,15-64 anni,2024,809.941,,
A,Annuale,ITC1,Piemonte,2,Femmine,Y15-64,15-64 anni,2025,817.197,,
A,Annuale,ITC1,Piemonte,2,Femmine,Y15-89,15-89 anni,2018,804.02,,
A,Annuale,ITC1,Piemonte,2,Femmine,Y15-89,15-89 anni,2019,803.717,,
A,Annuale,ITC1,Piemonte,2,Femmine,Y15-89,15-89 anni,2020,777.478,,
A,Annuale,ITC1,Piemonte,2,Femmine,Y15-89,15-89 anni,2021,782.823,,
A,Annuale,ITC1,Piemonte,2,Femmine,Y15-89,15-89 anni,2022,797.062,,
A,Annuale,ITC1,Piemonte,2,Femmine,Y15-89,15-89 anni,2023,798.529,,
A,Annuale,ITC1,Piemonte,2,Femmine,Y15-89,15-89 anni,2024,828.925,,
A,Annuale,ITC1,Piemonte,2,Femmine,Y15-89,15-89 anni,2025,837.96,,
A,Annuale,ITC1,Piemonte,9,Totale,Y15-24,15-24 anni,2018,79.349,,
A,Annuale,ITC1,Piemonte,9,Totale,Y15-24,15-24 anni,2019,80.218,,
A,Annuale,ITC1,Piemonte,9,Totale,Y15-24,15-24 anni,2020,78.652,,
A,Annuale,ITC1,Piemonte,9,Totale,Y15-24,15-24 anni,2021,81.993,,
A,Annuale,ITC1,Piemonte,9,Totale,Y15-24,15-24 anni,2022,86.626,,
A,Annuale,ITC1,Piemonte,9,Totale,Y15-24,15-24 anni,2023,83.05,,
A,Annuale,ITC1,Piemonte,9,Totale,Y15-24,15-24 anni,2024,88.922,,
A,Annuale,ITC1,Piemonte,9,Totale,Y15-24,15-24 anni,2025,80.142,,
A,Annuale,ITC1,Piemonte,9,Totale,Y25-34,25-34 anni,2018,310.695,,
A,Annuale,ITC1,Piemonte,9,Totale,Y25-34,25-34 anni,2019,313.121,,
A,Annuale,ITC1,Piemonte,9,Totale,Y25-34,25-34 anni,2020,295.05,,
A,Annuale,ITC1,Piemonte,9,Totale,Y25-34,25-34 anni,2021,306.878,,
A,Annuale,ITC1,Piemonte,9,Totale,Y25-34,25-34 anni,2022,310.75,,
A,Annuale,ITC1,Piemonte,9,Totale,Y25-34,25-34 anni,2023,325.654,,
A,Annuale,ITC1,Piemonte,9,Totale,Y25-34,25-34 anni,2024,335.444,,
A,Annuale,ITC1,Piemonte,9,Totale,Y25-34,25-34 anni,2025,340.478,,
A,Annuale,ITC1,Piemonte,9,Totale,Y15-34,15-34 anni,2018,390.044,,
A,Annuale,ITC1,Piemonte,9,Totale,Y15-34,15-34 anni,2019,393.339,,
A,Annuale,ITC1,Piemonte,9,Totale,Y15-34,15-34 anni,2020,373.701,,
A,Annuale,ITC1,Piemonte,9,Totale,Y15-34,15-34 anni,2021,388.87,,
A,Annuale,ITC1,Piemonte,9,Totale,Y15-34,15-34 anni,2022,397.377,,
A,Annuale,ITC1,Piemonte,9,Totale,Y15-34,15-34 anni,2023,408.704,,
A,Annuale,ITC1,Piemonte,9,Totale,Y15-34,15-34 anni,2024,424.366,,
A,Annuale,ITC1,Piemonte,9,Totale,Y15-34,15-34 anni,2025,420.62,,
A,Annuale,ITC1,Piemonte,9,Totale,Y35-49,35-49 anni,2018,761.177,,
A,Annuale,ITC1,Piemonte,9,Totale,Y35-49,35-49 anni,2019,737.694,,
A,Annuale,ITC1,Piemonte,9,Totale,Y35-49,35-49 anni,2020,703.736,,
A,Annuale,ITC1,Piemonte,9,Totale,Y35-49,35-49 anni,2021,687.259,,
A,Annuale,ITC1,Piemonte,9,Totale,Y35-49,35-49 anni,2022,680.666,,
A,Annuale,ITC1,Piemonte,9,Totale,Y35-49,35-49 anni,2023,667.121,,
A,Annuale,ITC1,Piemonte,9,Totale,Y35-49,35-49 anni,2024,666.047,,
A,Annuale,ITC1,Piemonte,9,Totale,Y35-49,35-49 anni,2025,652.353,,
A,Annuale,ITC1,Piemonte,9,Totale,Y50-64,50-64 anni,2018,614.654,,
A,Annuale,ITC1,Piemonte,9,Totale,Y50-64,50-64 anni,2019,627.249,,
A,Annuale,ITC1,Piemonte,9,Totale,Y50-64,50-64 anni,2020,620.268,,
A,Annuale,ITC1,Piemonte,9,Totale,Y50-64,50-64 anni,2021,632.103,,
A,Annuale,ITC1,Piemonte,9,Totale,Y50-64,50-64 anni,2022,653.312,,
A,Annuale,ITC1,Piemonte,9,Totale,Y50-64,50-64 anni,2023,672.663,,
A,Annuale,ITC1,Piemonte,9,Totale,Y50-64,50-64 anni,2024,712.288,,
A,Annuale,ITC1,Piemonte,9,Totale,Y50-64,50-64 anni,2025,729.033,,
A,Annuale,ITC1,Piemonte,9,Totale,Y15-64,15-64 anni,2018,1765.876,,
A,Annuale,ITC1,Piemonte,9,Totale,Y15-64,15-64 anni,2019,1758.282,,
A,Annuale,ITC1,Piemonte,9,Totale,Y15-64,15-64 anni,2020,1697.705,,
A,Annuale,ITC1,Piemonte,9,Totale,Y15-64,15-64 anni,2021,1708.233,,
A,Annuale,ITC1,Piemonte,9,Totale,Y15-64,15-64 anni,2022,1731.354,,
A,Annuale,ITC1,Piemonte,9,Totale,Y15-64,15-64 anni,2023,1748.488,,
A,Annuale,ITC1,Piemonte,9,Totale,Y15-64,15-64 anni,2024,1802.701,,
A,Annuale,ITC1,Piemonte,9,Totale,Y15-64,15-64 anni,2025,1802.005,,
A,Annuale,ITC1,Piemonte,9,Totale,Y15-89,15-89 anni,2018,1815.545,,
A,Annuale,ITC1,Piemonte,9,Totale,Y15-89,15-89 anni,2019,1812.536,,
A,Annuale,ITC1,Piemonte,9,Totale,Y15-89,15-89 anni,2020,1748.169,,
A,Annuale,ITC1,Piemonte,9,Totale,Y15-89,15-89 anni,2021,1767.3,,
A,Annuale,ITC1,Piemonte,9,Totale,Y15-89,15-89 anni,2022,1785.319,,
A,Annuale,ITC1,Piemonte,9,Totale,Y15-89,15-89 anni,2023,1800.862,,
A,Annuale,ITC1,Piemonte,9,Totale,Y15-89,15-89 anni,2024,1854.204,,
A,Annuale,ITC1,Piemonte,9,Totale,Y15-89,15-89 anni,2025,1862.615,,
A,Annuale,ITC2,'Valle d"'Aosta / Vallée d"'Aoste',1,Maschi,Y15-24,15-24 anni,2018,1.526,,
A,Annuale,ITC2,'Valle d"'Aosta / Vallée d"'Aoste',1,Maschi,Y15-24,15-24 anni,2019,1.595,,
A,Annuale,ITC2,'Valle d"'Aosta / Vallée d"'Aoste',1,Maschi,Y15-24,15-24 anni,2020,1.332,,
A,Annuale,ITC2,'Valle d"'Aosta / Vallée d"'Aoste',1,Maschi,Y15-24,15-24 anni,2021,1.337,,
A,Annuale,ITC2,'Valle d"'Aosta / Vallée d"'Aoste',1,Maschi,Y15-24,15-24 anni,2022,1.697,,
A,Annuale,ITC2,'Valle d"'Aosta / Vallée d"'Aoste',1,Maschi,Y15-24,15-24 anni,2023,1.874,,
A,Annuale,ITC2,'Valle d"'Aosta / Vallée d"'Aoste',1,Maschi,Y15-24,15-24 anni,2024,2.076,,
A,Annuale,ITC2,'Valle d"'Aosta / Vallée d"'Aoste',1,Maschi,Y15-24,15-24 anni,2025,1.677,,
A,Annuale,ITC2,'Valle d"'Aosta / Vallée d"'Aoste',1,Maschi,Y25-34,25-34 anni,2018,4.973,,
A,Annuale,ITC2,'Valle d"'Aosta / Vallée d"'Aoste',1,Maschi,Y25-34,25-34 anni,2019,5.027,,
A,Annuale,ITC2,'Valle d"'Aosta / Vallée d"'Aoste',1,Maschi,Y25-34,25-34 anni,2020,4.72,,
A,Annuale,ITC2,'Valle d"'Aosta / Vallée d"'Aoste',1,Maschi,Y25-34,25-34 anni,2021,4.713,,
A,Annuale,ITC2,'Valle d"'Aosta / Vallée d"'Aoste',1,Maschi,Y25-34,25-34 anni,2022,5.071,,
A,Annuale,ITC2,'Valle d"'Aosta / Vallée d"'Aoste',1,Maschi,Y25-34,25-34 anni,2023,5.272,,
A,Annuale,ITC2,'Valle d"'Aosta / Vallée d"'Aoste',1,Maschi,Y25-34,25-34 anni,2024,5.217,,
A,Annuale,ITC2,'Valle d"'Aosta / Vallée d"'Aoste',1,Maschi,Y25-34,25-34 anni,2025,5.253,,
A,Annuale,ITC2,'Valle d"'Aosta / Vallée d"'Aoste',1,Maschi,Y15-34,15-34 anni,2018,6.499,,
A,Annuale,ITC2,'Valle d"'Aosta / Vallée d"'Aoste',1,Maschi,Y15-34,15-34 anni,2019,6.623,,
A,Annuale,ITC2,'Valle d"'Aosta / Vallée d"'Aoste',1,Maschi,Y15-34,15-34 anni,2020,6.052,,
A,Annuale,ITC2,'Valle d"'Aosta / Vallée d"'Aoste',1,Maschi,Y15-34,15-34 anni,2021,6.05,,
A,Annuale,ITC2,'Valle d"'Aosta / Vallée d"'Aoste',1,Maschi,Y15-34,15-34 anni,2022,6.768,,
A,Annuale,ITC2,'Valle d"'Aosta / Vallée d"'Aoste',1,Maschi,Y15-34,15-34 anni,2023,7.146,,
A,Annuale,ITC2,'Valle d"'Aosta / Vallée d"'Aoste',1,Maschi,Y15-34,15-34 anni,2024,7.294,,
A,Annuale,ITC2,'Valle d"'Aosta / Vallée d"'Aoste',1,Maschi,Y15-34,15-34 anni,2025,6.93,,
A,Annuale,ITC2,'Valle d"'Aosta / Vallée d"'Aoste',1,Maschi,Y35-49,35-49 anni,2018,11.985,,
A,Annuale,ITC2,'Valle d"'Aosta / Vallée d"'Aoste',1,Maschi,Y35-49,35-49 anni,2019,11.892,,
A,Annuale,ITC2,'Valle d"'Aosta / Vallée d"'Aoste',1,Maschi,Y35-49,35-49 anni,2020,11.135,,
A,Annuale,ITC2,'Valle d"'Aosta / Vallée d"'Aoste',1,Maschi,Y35-49,35-49 anni,2021,10.8,,
A,Annuale,ITC2,'Valle d"'Aosta / Vallée d"'Aoste',1,Maschi,Y35-49,35-49 anni,2022,10.923,,
A,Annuale,ITC2,'Valle d"'Aosta / Vallée d"'Aoste',1,Maschi,Y35-49,35-49 anni,2023,10.753,,
A,Annuale,ITC2,'Valle d"'Aosta / Vallée d"'Aoste',1,Maschi,Y35-49,35-49 anni,2024,10.543,,
A,Annuale,ITC2,'Valle d"'Aosta / Vallée d"'Aoste',1,Maschi,Y35-49,35-49 anni,2025,10.295,,
A,Annuale,ITC2,'Valle d"'Aosta / Vallée d"'Aoste',1,Maschi,Y50-64,50-64 anni,2018,9.741,,
A,Annuale,ITC2,'Valle d"'Aosta / Vallée d"'Aoste',1,Maschi,Y50-64,50-64 anni,2019,9.964,,
A,Annuale,ITC2,'Valle d"'Aosta / Vallée d"'Aoste',1,Maschi,Y50-64,50-64 anni,2020,10.222,,
A,Annuale,ITC2,'Valle d"'Aosta / Vallée d"'Aoste',1,Maschi,Y50-64,50-64 anni,2021,10.228,,
A,Annuale,ITC2,'Valle d"'Aosta / Vallée d"'Aoste',1,Maschi,Y50-64,50-64 anni,2022,10.691,,
A,Annuale,ITC2,'Valle d"'Aosta / Vallée d"'Aoste',1,Maschi,Y50-64,50-64 anni,2023,11.113,,
A,Annuale,ITC2,'Valle d"'Aosta / Vallée d"'Aoste',1,Maschi,Y50-64,50-64 anni,2024,11.439,,
A,Annuale,ITC2,'Valle d"'Aosta / Vallée d"'Aoste',1,Maschi,Y50-64,50-64 anni,2025,11.665,,
A,Annuale,ITC2,'Valle d"'Aosta / Vallée d"'Aoste',1,Maschi,Y15-64,15-64 anni,2018,28.225,,
A,Annuale,ITC2,'Valle d"'Aosta / Vallée d"'Aoste',1,Maschi,Y15-64,15-64 anni,2019,28.478,,
A,Annuale,ITC2,'Valle d"'Aosta / Vallée d"'Aoste',1,Maschi,Y15-64,15-64 anni,2020,27.409,,
A,Annuale,ITC2,'Valle d"'Aosta / Vallée d"'Aoste',1,Maschi,Y15-64,15-64 anni,2021,27.078,,
A,Annuale,ITC2,'Valle d"'Aosta / Vallée d"'Aoste',1,Maschi,Y15-64,15-64 anni,2022,28.381,,
A,Annuale,ITC2,'Valle d"'Aosta / Vallée d"'Aoste',1,Maschi,Y15-64,15-64 anni,2023,29.012,,
A,Annuale,ITC2,'Valle d"'Aosta / Vallée d"'Aoste',1,Maschi,Y15-64,15-64 anni,2024,29.275,,
A,Annuale,ITC2,'Valle d"'Aosta / Vallée d"'Aoste',1,Maschi,Y15-64,15-64 anni,2025,28.889,,
A,Annuale,ITC2,'Valle d"'Aosta / Vallée d"'Aoste',1,Maschi,Y15-89,15-89 anni,2018,29.106,,
A,Annuale,ITC2,'Valle d"'Aosta / Vallée d"'Aoste',1,Maschi,Y15-89,15-89 anni,2019,29.422,,
A,Annuale,ITC2,'Valle d"'Aosta / Vallée d"'Aoste',1,Maschi,Y15-89,15-89 anni,2020,28.2,,
A,Annuale,ITC2,'Valle d"'Aosta / Vallée d"'Aoste',1,Maschi,Y15-89,15-89 anni,2021,27.791,,
A,Annuale,ITC2,'Valle d"'Aosta / Vallée d"'Aoste',1,Maschi,Y15-89,15-89 anni,2022,29.114,,
A,Annuale,ITC2,'Valle d"'Aosta / Vallée d"'Aoste',1,Maschi,Y15-89,15-89 anni,2023,30.046,,
A,Annuale,ITC2,'Valle d"'Aosta / Vallée d"'Aoste',1,Maschi,Y15-89,15-89 anni,2024,30.379,,
A,Annuale,ITC2,'Valle d"'Aosta / Vallée d"'Aoste',1,Maschi,Y15-89,15-89 anni,2025,29.964,,
A,Annuale,ITC2,'Valle d"'Aosta / Vallée d"'Aoste',2,Femmine,Y15-24,15-24 anni,2018,1.1,,
A,Annuale,ITC2,'Valle d"'Aosta / Vallée d"'Aoste',2,Femmine,Y15-24,15-24 anni,2019,1.014,,
A,Annuale,ITC2,'Valle d"'Aosta / Vallée d"'Aoste',2,Femmine,Y15-24,15-24 anni,2020,0.857,,
A,Annuale,ITC2,'Valle d"'Aosta / Vallée d"'Aoste',2,Femmine,Y15-24,15-24 anni,2021,1.036,,
A,Annuale,ITC2,'Valle d"'Aosta / Vallée d"'Aoste',2,Femmine,Y15-24,15-24 anni,2022,1.222,,
A,Annuale,ITC2,'Valle d"'Aosta / Vallée d"'Aoste',2,Femmine,Y15-24,15-24 anni,2023,1.197,,
A,Annuale,ITC2,'Valle d"'Aosta / Vallée d"'Aoste',2,Femmine,Y15-24,15-24 anni,2024,1.159,,
A,Annuale,ITC2,'Valle d"'Aosta / Vallée d"'Aoste',2,Femmine,Y15-24,15-24 anni,2025,1.311,,
A,Annuale,ITC2,'Valle d"'Aosta / Vallée d"'Aoste',2,Femmine,Y25-34,25-34 anni,2018,4.432,,
A,Annuale,ITC2,'Valle d"'Aosta / Vallée d"'Aoste',2,Femmine,Y25-34,25-34 anni,2019,4.29,,
A,Annuale,ITC2,'Valle d"'Aosta / Vallée d"'Aoste',2,Femmine,Y25-34,25-34 anni,2020,4.108,,
A,Annuale,ITC2,'Valle d"'Aosta / Vallée d"'Aoste',2,Femmine,Y25-34,25-34 anni,2021,4.104,,
A,Annuale,ITC2,'Valle d"'Aosta / Vallée d"'Aoste',2,Femmine,Y25-34,25-34 anni,2022,4.336,,
A,Annuale,ITC2,'Valle d"'Aosta / Vallée d"'Aoste',2,Femmine,Y25-34,25-34 anni,2023,4.548,,
A,Annuale,ITC2,'Valle d"'Aosta / Vallée d"'Aoste',2,Femmine,Y25-34,25-34 anni,2024,4.35,,
A,Annuale,ITC2,'Valle d"'Aosta / Vallée d"'Aoste',2,Femmine,Y25-34,25-34 anni,2025,4.507,,
A,Annuale,ITC2,'Valle d"'Aosta / Vallée d"'Aoste',2,Femmine,Y15-34,15-34 anni,2018,5.532,,
A,Annuale,ITC2,'Valle d"'Aosta / Vallée d"'Aoste',2,Femmine,Y15-34,15-34 anni,2019,5.304,,
A,Annuale,ITC2,'Valle d"'Aosta / Vallée d"'Aoste',2,Femmine,Y15-34,15-34 anni,2020,4.965,,
A,Annuale,ITC2,'Valle d"'Aosta / Vallée d"'Aoste',2,Femmine,Y15-34,15-34 anni,2021,5.14,,
A,Annuale,ITC2,'Valle d"'Aosta / Vallée d"'Aoste',2,Femmine,Y15-34,15-34 anni,2022,5.558,,
A,Annuale,ITC2,'Valle d"'Aosta / Vallée d"'Aoste',2,Femmine,Y15-34,15-34 anni,2023,5.745,,
A,Annuale,ITC2,'Valle d"'Aosta / Vallée d"'Aoste',2,Femmine,Y15-34,15-34 anni,2024,5.508,,
A,Annuale,ITC2,'Valle d"'Aosta / Vallée d"'Aoste',2,Femmine,Y15-34,15-34 anni,2025,5.818,,
A,Annuale,ITC2,'Valle d"'Aosta / Vallée d"'Aoste',2,Femmine,Y35-49,35-49 anni,2018,10.438,,
A,Annuale,ITC2,'Valle d"'Aosta / Vallée d"'Aoste',2,Femmine,Y35-49,35-49 anni,2019,10.246,,
A,Annuale,ITC2,'Valle d"'Aosta / Vallée d"'Aoste',2,Femmine,Y35-49,35-49 anni,2020,9.891,,
A,Annuale,ITC2,'Valle d"'Aosta / Vallée d"'Aoste',2,Femmine,Y35-49,35-49 anni,2021,9.583,,
A,Annuale,ITC2,'Valle d"'Aosta / Vallée d"'Aoste',2,Femmine,Y35-49,35-49 anni,2022,9.58,,
A,Annuale,ITC2,'Valle d"'Aosta / Vallée d"'Aoste',2,Femmine,Y35-49,35-49 anni,2023,9.747,,
A,Annuale,ITC2,'Valle d"'Aosta / Vallée d"'Aoste',2,Femmine,Y35-49,35-49 anni,2024,9.558,,
A,Annuale,ITC2,'Valle d"'Aosta / Vallée d"'Aoste',2,Femmine,Y35-49,35-49 anni,2025,9.059,,
A,Annuale,ITC2,'Valle d"'Aosta / Vallée d"'Aoste',2,Femmine,Y50-64,50-64 anni,2018,9.292,,
A,Annuale,ITC2,'Valle d"'Aosta / Vallée d"'Aoste',2,Femmine,Y50-64,50-64 anni,2019,9.628,,
A,Annuale,ITC2,'Valle d"'Aosta / Vallée d"'Aoste',2,Femmine,Y50-64,50-64 anni,2020,9.589,,
A,Annuale,ITC2,'Valle d"'Aosta / Vallée d"'Aoste',2,Femmine,Y50-64,50-64 anni,2021,9.76,,
A,Annuale,ITC2,'Valle d"'Aosta / Vallée d"'Aoste',2,Femmine,Y50-64,50-64 anni,2022,10.3,,
A,Annuale,ITC2,'Valle d"'Aosta / Vallée d"'Aoste',2,Femmine,Y50-64,50-64 anni,2023,10.611,,
A,Annuale,ITC2,'Valle d"'Aosta / Vallée d"'Aoste',2,Femmine,Y50-64,50-64 anni,2024,11.116,,
A,Annuale,ITC2,'Valle d"'Aosta / Vallée d"'Aoste',2,Femmine,Y50-64,50-64 anni,2025,11.414,,
A,Annuale,ITC2,'Valle d"'Aosta / Vallée d"'Aoste',2,Femmine,Y15-64,15-64 anni,2018,25.261,,
A,Annuale,ITC2,'Valle d"'Aosta / Vallée d"'Aoste',2,Femmine,Y15-64,15-64 anni,2019,25.178,,
A,Annuale,ITC2,'Valle d"'Aosta / Vallée d"'Aoste',2,Femmine,Y15-64,15-64 anni,2020,24.444,,
A,Annuale,ITC2,'Valle d"'Aosta / Vallée d"'Aoste',2,Femmine,Y15-64,15-64 anni,2021,24.484,,
A,Annuale,ITC2,'Valle d"'Aosta / Vallée d"'Aoste',2,Femmine,Y15-64,15-64 anni,2022,25.438,,
A,Annuale,ITC2,'Valle d"'Aosta / Vallée d"'Aoste',2,Femmine,Y15-64,15-64 anni,2023,26.102,,
A,Annuale,ITC2,'Valle d"'Aosta / Vallée d"'Aoste',2,Femmine,Y15-64,15-64 anni,2024,26.182,,
A,Annuale,ITC2,'Valle d"'Aosta / Vallée d"'Aoste',2,Femmine,Y15-64,15-64 anni,2025,26.292,,
A,Annuale,ITC2,'Valle d"'Aosta / Vallée d"'Aoste',2,Femmine,Y15-89,15-89 anni,2018,25.671,,
A,Annuale,ITC2,'Valle d"'Aosta / Vallée d"'Aoste',2,Femmine,Y15-89,15-89 anni,2019,25.777,,
A,Annuale,ITC2,'Valle d"'Aosta / Vallée d"'Aoste',2,Femmine,Y15-89,15-89 anni,2020,24.903,,
A,Annuale,ITC2,'Valle d"'Aosta / Vallée d"'Aoste',2,Femmine,Y15-89,15-89 anni,2021,24.95,,
A,Annuale,ITC2,'Valle d"'Aosta / Vallée d"'Aoste',2,Femmine,Y15-89,15-89 anni,2022,26.05,,
A,Annuale,ITC2,'Valle d"'Aosta / Vallée d"'Aoste',2,Femmine,Y15-89,15-89 anni,2023,26.767,,
A,Annuale,ITC2,'Valle d"'Aosta / Vallée d"'Aoste',2,Femmine,Y15-89,15-89 anni,2024,26.783,,
A,Annuale,ITC2,'Valle d"'Aosta / Vallée d"'Aoste',2,Femmine,Y15-89,15-89 anni,2025,27.145,,
A,Annuale,ITC2,'Valle d"'Aosta / Vallée d"'Aoste',9,Totale,Y15-24,15-24 anni,2018,2.626,,
A,Annuale,ITC2,'Valle d"'Aosta / Vallée d"'Aoste',9,Totale,Y15-24,15-24 anni,2019,2.61,,
A,Annuale,ITC2,'Valle d"'Aosta / Vallée d"'Aoste',9,Totale,Y15-24,15-24 anni,2020,2.189,,
A,Annuale,ITC2,'Valle d"'Aosta / Vallée d"'Aoste',9,Totale,Y15-24,15-24 anni,2021,2.373,,
A,Annuale,ITC2,'Valle d"'Aosta / Vallée d"'Aoste',9,Totale,Y15-24,15-24 anni,2022,2.919,,
A,Annuale,ITC2,'Valle d"'Aosta / Vallée d"'Aoste',9,Totale,Y15-24,15-24 anni,2023,3.071,,
A,Annuale,ITC2,'Valle d"'Aosta / Vallée d"'Aoste',9,Totale,Y15-24,15-24 anni,2024,3.235,,
A,Annuale,ITC2,'Valle d"'Aosta / Vallée d"'Aoste',9,Totale,Y15-24,15-24 anni,2025,2.988,,
A,Annuale,ITC2,'Valle d"'Aosta / Vallée d"'Aoste',9,Totale,Y25-34,25-34 anni,2018,9.405,,
A,Annuale,ITC2,'Valle d"'Aosta / Vallée d"'Aoste',9,Totale,Y25-34,25-34 anni,2019,9.317,,
A,Annuale,ITC2,'Valle d"'Aosta / Vallée d"'Aoste',9,Totale,Y25-34,25-34 anni,2020,8.828,,
A,Annuale,ITC2,'Valle d"'Aosta / Vallée d"'Aoste',9,Totale,Y25-34,25-34 anni,2021,8.817,,
A,Annuale,ITC2,'Valle d"'Aosta / Vallée d"'Aoste',9,Totale,Y25-34,25-34 anni,2022,9.407,,
A,Annuale,ITC2,'Valle d"'Aosta / Vallée d"'Aoste',9,Totale,Y25-34,25-34 anni,2023,9.82,,
A,Annuale,ITC2,'Valle d"'Aosta / Vallée d"'Aoste',9,Totale,Y25-34,25-34 anni,2024,9.567,,
A,Annuale,ITC2,'Valle d"'Aosta / Vallée d"'Aoste',9,Totale,Y25-34,25-34 anni,2025,9.76,,
A,Annuale,ITC2,'Valle d"'Aosta / Vallée d"'Aoste',9,Totale,Y15-34,15-34 anni,2018,12.03,,
A,Annuale,ITC2,'Valle d"'Aosta / Vallée d"'Aoste',9,Totale,Y15-34,15-34 anni,2019,11.927,,
A,Annuale,ITC2,'Valle d"'Aosta / Vallée d"'Aoste',9,Totale,Y15-34,15-34 anni,2020,11.016,,
A,Annuale,ITC2,'Valle d"'Aosta / Vallée d"'Aoste',9,Totale,Y15-34,15-34 anni,2021,11.19,,
A,Annuale,ITC2,'Valle d"'Aosta / Vallée d"'Aoste',9,Totale,Y15-34,15-34 anni,2022,12.326,,
A,Annuale,ITC2,'Valle d"'Aosta / Vallée d"'Aoste',9,Totale,Y15-34,15-34 anni,2023,12.891,,
A,Annuale,ITC2,'Valle d"'Aosta / Vallée d"'Aoste',9,Totale,Y15-34,15-34 anni,2024,12.802,,
A,Annuale,ITC2,'Valle d"'Aosta / Vallée d"'Aoste',9,Totale,Y15-34,15-34 anni,2025,12.748,,
A,Annuale,ITC2,'Valle d"'Aosta / Vallée d"'Aoste',9,Totale,Y35-49,35-49 anni,2018,22.423,,
A,Annuale,ITC2,'Valle d"'Aosta / Vallée d"'Aoste',9,Totale,Y35-49,35-49 anni,2019,22.138,,
A,Annuale,ITC2,'Valle d"'Aosta / Vallée d"'Aoste',9,Totale,Y35-49,35-49 anni,2020,21.026,,
A,Annuale,ITC2,'Valle d"'Aosta / Vallée d"'Aoste',9,Totale,Y35-49,35-49 anni,2021,20.383,,
A,Annuale,ITC2,'Valle d"'Aosta / Vallée d"'Aoste',9,Totale,Y35-49,35-49 anni,2022,20.503,,
A,Annuale,ITC2,'Valle d"'Aosta / Vallée d"'Aoste',9,Totale,Y35-49,35-49 anni,2023,20.5,,
A,Annuale,ITC2,'Valle d"'Aosta / Vallée d"'Aoste',9,Totale,Y35-49,35-49 anni,2024,20.1,,
A,Annuale,ITC2,'Valle d"'Aosta / Vallée d"'Aoste',9,Totale,Y35-49,35-49 anni,2025,19.354,,
A,Annuale,ITC2,'Valle d"'Aosta / Vallée d"'Aoste',9,Totale,Y50-64,50-64 anni,2018,19.033,,
A,Annuale,ITC2,'Valle d"'Aosta / Vallée d"'Aoste',9,Totale,Y50-64,50-64 anni,2019,19.591,,
A,Annuale,ITC2,'Valle d"'Aosta / Vallée d"'Aoste',9,Totale,Y50-64,50-64 anni,2020,19.811,,
A,Annuale,ITC2,'Valle d"'Aosta / Vallée d"'Aoste',9,Totale,Y50-64,50-64 anni,2021,19.989,,
A,Annuale,ITC2,'Valle d"'Aosta / Vallée d"'Aoste',9,Totale,Y50-64,50-64 anni,2022,20.991,,
A,Annuale,ITC2,'Valle d"'Aosta / Vallée d"'Aoste',9,Totale,Y50-64,50-64 anni,2023,21.724,,
A,Annuale,ITC2,'Valle d"'Aosta / Vallée d"'Aoste',9,Totale,Y50-64,50-64 anni,2024,22.555,,
A,Annuale,ITC2,'Valle d"'Aosta / Vallée d"'Aoste',9,Totale,Y50-64,50-64 anni,2025,23.079,,
A,Annuale,ITC2,'Valle d"'Aosta / Vallée d"'Aoste',9,Totale,Y15-64,15-64 anni,2018,53.486,,
A,Annuale,ITC2,'Valle d"'Aosta / Vallée d"'Aoste',9,Totale,Y15-64,15-64 anni,2019,53.656,,
A,Annuale,ITC2,'Valle d"'Aosta / Vallée d"'Aoste',9,Totale,Y15-64,15-64 anni,2020,51.853,,
A,Annuale,ITC2,'Valle d"'Aosta / Vallée d"'Aoste',9,Totale,Y15-64,15-64 anni,2021,51.562,,
A,Annuale,ITC2,'Valle d"'Aosta / Vallée d"'Aoste',9,Totale,Y15-64,15-64 anni,2022,53.819,,
A,Annuale,ITC2,'Valle d"'Aosta / Vallée d"'Aoste',9,Totale,Y15-64,15-64 anni,2023,55.114,,
A,Annuale,ITC2,'Valle d"'Aosta / Vallée d"'Aoste',9,Totale,Y15-64,15-64 anni,2024,55.457,,
A,Annuale,ITC2,'Valle d"'Aosta / Vallée d"'Aoste',9,Totale,Y15-64,15-64 anni,2025,55.181,,
A,Annuale,ITC2,'Valle d"'Aosta / Vallée d"'Aoste',9,Totale,Y15-89,15-89 anni,2018,54.777,,
A,Annuale,ITC2,'Valle d"'Aosta / Vallée d"'Aoste',9,Totale,Y15-89,15-89 anni,2019,55.199,,
A,Annuale,ITC2,'Valle d"'Aosta / Vallée d"'Aoste',9,Totale,Y15-89,15-89 anni,2020,53.103,,
A,Annuale,ITC2,'Valle d"'Aosta / Vallée d"'Aoste',9,Totale,Y15-89,15-89 anni,2021,52.741,,
A,Annuale,ITC2,'Valle d"'Aosta / Vallée d"'Aoste',9,Totale,Y15-89,15-89 anni,2022,55.164,,
A,Annuale,ITC2,'Valle d"'Aosta / Vallée d"'Aoste',9,Totale,Y15-89,15-89 anni,2023,56.814,,
A,Annuale,ITC2,'Valle d"'Aosta / Vallée d"'Aoste',9,Totale,Y15-89,15-89 anni,2024,57.162,,
A,Annuale,ITC2,'Valle d"'Aosta / Vallée d"'Aoste',9,Totale,Y15-89,15-89 anni,2025,57.108,,
A,Annuale,ITC3,Liguria,1,Maschi,Y15-24,15-24 anni,2018,12.306,,
A,Annuale,ITC3,Liguria,1,Maschi,Y15-24,15-24 anni,2019,13.207,,
A,Annuale,ITC3,Liguria,1,Maschi,Y15-24,15-24 anni,2020,10.702,,
A,Annuale,ITC3,Liguria,1,Maschi,Y15-24,15-24 anni,2021,12.217,,
A,Annuale,ITC3,Liguria,1,Maschi,Y15-24,15-24 anni,2022,17.541,,
A,Annuale,ITC3,Liguria,1,Maschi,Y15-24,15-24 anni,2023,17.118,,
A,Annuale,ITC3,Liguria,1,Maschi,Y15-24,15-24 anni,2024,17.218,,
A,Annuale,ITC3,Liguria,1,Maschi,Y15-24,15-24 anni,2025,17.975,,
A,Annuale,ITC3,Liguria,1,Maschi,Y25-34,25-34 anni,2018,55.843,,
A,Annuale,ITC3,Liguria,1,Maschi,Y25-34,25-34 anni,2019,52.488,,
A,Annuale,ITC3,Liguria,1,Maschi,Y25-34,25-34 anni,2020,47.692,,
A,Annuale,ITC3,Liguria,1,Maschi,Y25-34,25-34 anni,2021,52.537,,
A,Annuale,ITC3,Liguria,1,Maschi,Y25-34,25-34 anni,2022,59.963,,
A,Annuale,ITC3,Liguria,1,Maschi,Y25-34,25-34 anni,2023,59.695,,
A,Annuale,ITC3,Liguria,1,Maschi,Y25-34,25-34 anni,2024,58.605,,
A,Annuale,ITC3,Liguria,1,Maschi,Y25-34,25-34 anni,2025,60.572,,
A,Annuale,ITC3,Liguria,1,Maschi,Y15-34,15-34 anni,2018,68.149,,
A,Annuale,ITC3,Liguria,1,Maschi,Y15-34,15-34 anni,2019,65.695,,
A,Annuale,ITC3,Liguria,1,Maschi,Y15-34,15-34 anni,2020,58.394,,
A,Annuale,ITC3,Liguria,1,Maschi,Y15-34,15-34 anni,2021,64.754,,
A,Annuale,ITC3,Liguria,1,Maschi,Y15-34,15-34 anni,2022,77.504,,
A,Annuale,ITC3,Liguria,1,Maschi,Y15-34,15-34 anni,2023,76.813,,
A,Annuale,ITC3,Liguria,1,Maschi,Y15-34,15-34 anni,2024,75.822,,
A,Annuale,ITC3,Liguria,1,Maschi,Y15-34,15-34 anni,2025,78.547,,
A,Annuale,ITC3,Liguria,1,Maschi,Y35-49,35-49 anni,2018,131.754,,
A,Annuale,ITC3,Liguria,1,Maschi,Y35-49,35-49 anni,2019,128.453,,
A,Annuale,ITC3,Liguria,1,Maschi,Y35-49,35-49 anni,2020,122.264,,
A,Annuale,ITC3,Liguria,1,Maschi,Y35-49,35-49 anni,2021,123.354,,
A,Annuale,ITC3,Liguria,1,Maschi,Y35-49,35-49 anni,2022,120.337,,
A,Annuale,ITC3,Liguria,1,Maschi,Y35-49,35-49 anni,2023,118.315,,
A,Annuale,ITC3,Liguria,1,Maschi,Y35-49,35-49 anni,2024,117.484,,
A,Annuale,ITC3,Liguria,1,Maschi,Y35-49,35-49 anni,2025,118.71,,
A,Annuale,ITC3,Liguria,1,Maschi,Y50-64,50-64 anni,2018,123.227,,
A,Annuale,ITC3,Liguria,1,Maschi,Y50-64,50-64 anni,2019,125.163,,
A,Annuale,ITC3,Liguria,1,Maschi,Y50-64,50-64 anni,2020,127.484,,
A,Annuale,ITC3,Liguria,1,Maschi,Y50-64,50-64 anni,2021,130.515,,
A,Annuale,ITC3,Liguria,1,Maschi,Y50-64,50-64 anni,2022,137.826,,
A,Annuale,ITC3,Liguria,1,Maschi,Y50-64,50-64 anni,2023,141.449,,
A,Annuale,ITC3,Liguria,1,Maschi,Y50-64,50-64 anni,2024,145.224,,
A,Annuale,ITC3,Liguria,1,Maschi,Y50-64,50-64 anni,2025,145.388,,
A,Annuale,ITC3,Liguria,1,Maschi,Y15-64,15-64 anni,2018,323.13,,
A,Annuale,ITC3,Liguria,1,Maschi,Y15-64,15-64 anni,2019,319.311,,
A,Annuale,ITC3,Liguria,1,Maschi,Y15-64,15-64 anni,2020,308.141,,
A,Annuale,ITC3,Liguria,1,Maschi,Y15-64,15-64 anni,2021,318.622,,
A,Annuale,ITC3,Liguria,1,Maschi,Y15-64,15-64 anni,2022,335.666,,
A,Annuale,ITC3,Liguria,1,Maschi,Y15-64,15-64 anni,2023,336.577,,
A,Annuale,ITC3,Liguria,1,Maschi,Y15-64,15-64 anni,2024,338.53,,
A,Annuale,ITC3,Liguria,1,Maschi,Y15-64,15-64 anni,2025,342.645,,
A,Annuale,ITC3,Liguria,1,Maschi,Y15-89,15-89 anni,2018,336.593,,
A,Annuale,ITC3,Liguria,1,Maschi,Y15-89,15-89 anni,2019,333.929,,
A,Annuale,ITC3,Liguria,1,Maschi,Y15-89,15-89 anni,2020,322.29,,
A,Annuale,ITC3,Liguria,1,Maschi,Y15-89,15-89 anni,2021,331.33,,
A,Annuale,ITC3,Liguria,1,Maschi,Y15-89,15-89 anni,2022,349.775,,
A,Annuale,ITC3,Liguria,1,Maschi,Y15-89,15-89 anni,2023,352.271,,
A,Annuale,ITC3,Liguria,1,Maschi,Y15-89,15-89 anni,2024,351.841,,
A,Annuale,ITC3,Liguria,1,Maschi,Y15-89,15-89 anni,2025,358.761,,
A,Annuale,ITC3,Liguria,2,Femmine,Y15-24,15-24 anni,2018,8.528,,
A,Annuale,ITC3,Liguria,2,Femmine,Y15-24,15-24 anni,2019,7.871,,
A,Annuale,ITC3,Liguria,2,Femmine,Y15-24,15-24 anni,2020,7.955,,
A,Annuale,ITC3,Liguria,2,Femmine,Y15-24,15-24 anni,2021,10.431,,
A,Annuale,ITC3,Liguria,2,Femmine,Y15-24,15-24 anni,2022,10.801,,
A,Annuale,ITC3,Liguria,2,Femmine,Y15-24,15-24 anni,2023,13.938,,
A,Annuale,ITC3,Liguria,2,Femmine,Y15-24,15-24 anni,2024,10.228,,
A,Annuale,ITC3,Liguria,2,Femmine,Y15-24,15-24 anni,2025,10.517,,
A,Annuale,ITC3,Liguria,2,Femmine,Y25-34,25-34 anni,2018,40.616,,
A,Annuale,ITC3,Liguria,2,Femmine,Y25-34,25-34 anni,2019,42.421,,
A,Annuale,ITC3,Liguria,2,Femmine,Y25-34,25-34 anni,2020,39.996,,
A,Annuale,ITC3,Liguria,2,Femmine,Y25-34,25-34 anni,2021,42.076,,
A,Annuale,ITC3,Liguria,2,Femmine,Y25-34,25-34 anni,2022,42.445,,
A,Annuale,ITC3,Liguria,2,Femmine,Y25-34,25-34 anni,2023,43.988,,
A,Annuale,ITC3,Liguria,2,Femmine,Y25-34,25-34 anni,2024,44.713,,
A,Annuale,ITC3,Liguria,2,Femmine,Y25-34,25-34 anni,2025,45.166,,
A,Annuale,ITC3,Liguria,2,Femmine,Y15-34,15-34 anni,2018,49.143,,
A,Annuale,ITC3,Liguria,2,Femmine,Y15-34,15-34 anni,2019,50.291,,
A,Annuale,ITC3,Liguria,2,Femmine,Y15-34,15-34 anni,2020,47.951,,
A,Annuale,ITC3,Liguria,2,Femmine,Y15-34,15-34 anni,2021,52.508,,
A,Annuale,ITC3,Liguria,2,Femmine,Y15-34,15-34 anni,2022,53.246,,
A,Annuale,ITC3,Liguria,2,Femmine,Y15-34,15-34 anni,2023,57.926,,
A,Annuale,ITC3,Liguria,2,Femmine,Y15-34,15-34 anni,2024,54.941,,
A,Annuale,ITC3,Liguria,2,Femmine,Y15-34,15-34 anni,2025,55.682,,
A,Annuale,ITC3,Liguria,2,Femmine,Y35-49,35-49 anni,2018,107.115,,
A,Annuale,ITC3,Liguria,2,Femmine,Y35-49,35-49 anni,2019,100.408,,
A,Annuale,ITC3,Liguria,2,Femmine,Y35-49,35-49 anni,2020,96.307,,
A,Annuale,ITC3,Liguria,2,Femmine,Y35-49,35-49 anni,2021,99.85,,
A,Annuale,ITC3,Liguria,2,Femmine,Y35-49,35-49 anni,2022,101.569,,
A,Annuale,ITC3,Liguria,2,Femmine,Y35-49,35-49 anni,2023,96.935,,
A,Annuale,ITC3,Liguria,2,Femmine,Y35-49,35-49 anni,2024,97.955,,
A,Annuale,ITC3,Liguria,2,Femmine,Y35-49,35-49 anni,2025,97.304,,
A,Annuale,ITC3,Liguria,2,Femmine,Y50-64,50-64 anni,2018,101.041,,
A,Annuale,ITC3,Liguria,2,Femmine,Y50-64,50-64 anni,2019,108.819,,
A,Annuale,ITC3,Liguria,2,Femmine,Y50-64,50-64 anni,2020,106.81,,
A,Annuale,ITC3,Liguria,2,Femmine,Y50-64,50-64 anni,2021,103.066,,
A,Annuale,ITC3,Liguria,2,Femmine,Y50-64,50-64 anni,2022,104.621,,
A,Annuale,ITC3,Liguria,2,Femmine,Y50-64,50-64 anni,2023,115.776,,
A,Annuale,ITC3,Liguria,2,Femmine,Y50-64,50-64 anni,2024,117.324,,
A,Annuale,ITC3,Liguria,2,Femmine,Y50-64,50-64 anni,2025,126.918,,
A,Annuale,ITC3,Liguria,2,Femmine,Y15-64,15-64 anni,2018,257.299,,
A,Annuale,ITC3,Liguria,2,Femmine,Y15-64,15-64 anni,2019,259.519,,
A,Annuale,ITC3,Liguria,2,Femmine,Y15-64,15-64 anni,2020,251.068,,
A,Annuale,ITC3,Liguria,2,Femmine,Y15-64,15-64 anni,2021,255.424,,
A,Annuale,ITC3,Liguria,2,Femmine,Y15-64,15-64 anni,2022,259.437,,
A,Annuale,ITC3,Liguria,2,Femmine,Y15-64,15-64 anni,2023,270.637,,
A,Annuale,ITC3,Liguria,2,Femmine,Y15-64,15-64 anni,2024,270.22,,
A,Annuale,ITC3,Liguria,2,Femmine,Y15-64,15-64 anni,2025,279.905,,
A,Annuale,ITC3,Liguria,2,Femmine,Y15-89,15-89 anni,2018,264.973,,
A,Annuale,ITC3,Liguria,2,Femmine,Y15-89,15-89 anni,2019,267.819,,
A,Annuale,ITC3,Liguria,2,Femmine,Y15-89,15-89 anni,2020,257.227,,
A,Annuale,ITC3,Liguria,2,Femmine,Y15-89,15-89 anni,2021,263.27,,
A,Annuale,ITC3,Liguria,2,Femmine,Y15-89,15-89 anni,2022,266.341,,
A,Annuale,ITC3,Liguria,2,Femmine,Y15-89,15-89 anni,2023,280.746,,
A,Annuale,ITC3,Liguria,2,Femmine,Y15-89,15-89 anni,2024,282.058,,
A,Annuale,ITC3,Liguria,2,Femmine,Y15-89,15-89 anni,2025,292.425,,
A,Annuale,ITC3,Liguria,9,Totale,Y15-24,15-24 anni,2018,20.834,,
A,Annuale,ITC3,Liguria,9,Totale,Y15-24,15-24 anni,2019,21.078,,
A,Annuale,ITC3,Liguria,9,Totale,Y15-24,15-24 anni,2020,18.657,,
A,Annuale,ITC3,Liguria,9,Totale,Y15-24,15-24 anni,2021,22.648,,
A,Annuale,ITC3,Liguria,9,Totale,Y15-24,15-24 anni,2022,28.342,,
A,Annuale,ITC3,Liguria,9,Totale,Y15-24,15-24 anni,2023,31.055,,
A,Annuale,ITC3,Liguria,9,Totale,Y15-24,15-24 anni,2024,27.445,,
A,Annuale,ITC3,Liguria,9,Totale,Y15-24,15-24 anni,2025,28.492,,
A,Annuale,ITC3,Liguria,9,Totale,Y25-34,25-34 anni,2018,96.459,,
A,Annuale,ITC3,Liguria,9,Totale,Y25-34,25-34 anni,2019,94.908,,
A,Annuale,ITC3,Liguria,9,Totale,Y25-34,25-34 anni,2020,87.688,,
A,Annuale,ITC3,Liguria,9,Totale,Y25-34,25-34 anni,2021,94.613,,
A,Annuale,ITC3,Liguria,9,Totale,Y25-34,25-34 anni,2022,102.408,,
A,Annuale,ITC3,Liguria,9,Totale,Y25-34,25-34 anni,2023,103.683,,
A,Annuale,ITC3,Liguria,9,Totale,Y25-34,25-34 anni,2024,103.318,,
A,Annuale,ITC3,Liguria,9,Totale,Y25-34,25-34 anni,2025,105.738,,
A,Annuale,ITC3,Liguria,9,Totale,Y15-34,15-34 anni,2018,117.293,,
A,Annuale,ITC3,Liguria,9,Totale,Y15-34,15-34 anni,2019,115.986,,
A,Annuale,ITC3,Liguria,9,Totale,Y15-34,15-34 anni,2020,106.345,,
A,Annuale,ITC3,Liguria,9,Totale,Y15-34,15-34 anni,2021,117.261,,
A,Annuale,ITC3,Liguria,9,Totale,Y15-34,15-34 anni,2022,130.75,,
A,Annuale,ITC3,Liguria,9,Totale,Y15-34,15-34 anni,2023,134.739,,
A,Annuale,ITC3,Liguria,9,Totale,Y15-34,15-34 anni,2024,130.763,,
A,Annuale,ITC3,Liguria,9,Totale,Y15-34,15-34 anni,2025,134.23,,
A,Annuale,ITC3,Liguria,9,Totale,Y35-49,35-49 anni,2018,238.868,,
A,Annuale,ITC3,Liguria,9,Totale,Y35-49,35-49 anni,2019,228.861,,
A,Annuale,ITC3,Liguria,9,Totale,Y35-49,35-49 anni,2020,218.571,,
A,Annuale,ITC3,Liguria,9,Totale,Y35-49,35-49 anni,2021,223.204,,
A,Annuale,ITC3,Liguria,9,Totale,Y35-49,35-49 anni,2022,221.906,,
A,Annuale,ITC3,Liguria,9,Totale,Y35-49,35-49 anni,2023,215.25,,
A,Annuale,ITC3,Liguria,9,Totale,Y35-49,35-49 anni,2024,215.438,,
A,Annuale,ITC3,Liguria,9,Totale,Y35-49,35-49 anni,2025,216.014,,
A,Annuale,ITC3,Liguria,9,Totale,Y50-64,50-64 anni,2018,224.268,,
A,Annuale,ITC3,Liguria,9,Totale,Y50-64,50-64 anni,2019,233.983,,
A,Annuale,ITC3,Liguria,9,Totale,Y50-64,50-64 anni,2020,234.294,,
A,Annuale,ITC3,Liguria,9,Totale,Y50-64,50-64 anni,2021,233.581,,
A,Annuale,ITC3,Liguria,9,Totale,Y50-64,50-64 anni,2022,242.447,,
A,Annuale,ITC3,Liguria,9,Totale,Y50-64,50-64 anni,2023,257.225,,
A,Annuale,ITC3,Liguria,9,Totale,Y50-64,50-64 anni,2024,262.548,,
A,Annuale,ITC3,Liguria,9,Totale,Y50-64,50-64 anni,2025,272.306,,
A,Annuale,ITC3,Liguria,9,Totale,Y15-64,15-64 anni,2018,580.429,,
A,Annuale,ITC3,Liguria,9,Totale,Y15-64,15-64 anni,2019,578.83,,
A,Annuale,ITC3,Liguria,9,Totale,Y15-64,15-64 anni,2020,559.21,,
A,Annuale,ITC3,Liguria,9,Totale,Y15-64,15-64 anni,2021,574.046,,
A,Annuale,ITC3,Liguria,9,Totale,Y15-64,15-64 anni,2022,595.103,,
A,Annuale,ITC3,Liguria,9,Totale,Y15-64,15-64 anni,2023,607.214,,
A,Annuale,ITC3,Liguria,9,Totale,Y15-64,15-64 anni,2024,608.75,,
A,Annuale,ITC3,Liguria,9,Totale,Y15-64,15-64 anni,2025,622.55,,
A,Annuale,ITC3,Liguria,9,Totale,Y15-89,15-89 anni,2018,601.566,,
A,Annuale,ITC3,Liguria,9,Totale,Y15-89,15-89 anni,2019,601.748,,
A,Annuale,ITC3,Liguria,9,Totale,Y15-89,15-89 anni,2020,579.517,,
A,Annuale,ITC3,Liguria,9,Totale,Y15-89,15-89 anni,2021,594.6,,
A,Annuale,ITC3,Liguria,9,Totale,Y15-89,15-89 anni,2022,616.115,,
A,Annuale,ITC3,Liguria,9,Totale,Y15-89,15-89 anni,2023,633.017,,
A,Annuale,ITC3,Liguria,9,Totale,Y15-89,15-89 anni,2024,633.899,,
A,Annuale,ITC3,Liguria,9,Totale,Y15-89,15-89 anni,2025,651.186,,
A,Annuale,ITC4,Lombardia,1,Maschi,Y15-24,15-24 anni,2018,129.19,,
A,Annuale,ITC4,Lombardia,1,Maschi,Y15-24,15-24 anni,2019,134.633,,
A,Annuale,ITC4,Lombardia,1,Maschi,Y15-24,15-24 anni,2020,118.784,,
A,Annuale,ITC4,Lombardia,1,Maschi,Y15-24,15-24 anni,2021,127.28,,
A,Annuale,ITC4,Lombardia,1,Maschi,Y15-24,15-24 anni,2022,143.443,,
A,Annuale,ITC4,Lombardia,1,Maschi,Y15-24,15-24 anni,2023,141.832,,
A,Annuale,ITC4,Lombardia,1,Maschi,Y15-24,15-24 anni,2024,145.391,,
A,Annuale,ITC4,Lombardia,1,Maschi,Y15-24,15-24 anni,2025,133.121,,
A,Annuale,ITC4,Lombardia,1,Maschi,Y25-34,25-34 anni,2018,442.581,,
A,Annuale,ITC4,Lombardia,1,Maschi,Y25-34,25-34 anni,2019,452.369,,
A,Annuale,ITC4,Lombardia,1,Maschi,Y25-34,25-34 anni,2020,432.017,,
A,Annuale,ITC4,Lombardia,1,Maschi,Y25-34,25-34 anni,2021,431.264,,
A,Annuale,ITC4,Lombardia,1,Maschi,Y25-34,25-34 anni,2022,457.466,,
A,Annuale,ITC4,Lombardia,1,Maschi,Y25-34,25-34 anni,2023,462.443,,
A,Annuale,ITC4,Lombardia,1,Maschi,Y25-34,25-34 anni,2024,465.076,,
A,Annuale,ITC4,Lombardia,1,Maschi,Y25-34,25-34 anni,2025,475.327,,
A,Annuale,ITC4,Lombardia,1,Maschi,Y15-34,15-34 anni,2018,571.771,,
A,Annuale,ITC4,Lombardia,1,Maschi,Y15-34,15-34 anni,2019,587.002,,
A,Annuale,ITC4,Lombardia,1,Maschi,Y15-34,15-34 anni,2020,550.801,,
A,Annuale,ITC4,Lombardia,1,Maschi,Y15-34,15-34 anni,2021,558.544,,
A,Annuale,ITC4,Lombardia,1,Maschi,Y15-34,15-34 anni,2022,600.909,,
A,Annuale,ITC4,Lombardia,1,Maschi,Y15-34,15-34 anni,2023,604.274,,
A,Annuale,ITC4,Lombardia,1,Maschi,Y15-34,15-34 anni,2024,610.468,,
A,Annuale,ITC4,Lombardia,1,Maschi,Y15-34,15-34 anni,2025,608.448,,
A,Annuale,ITC4,Lombardia,1,Maschi,Y35-49,35-49 anni,2018,1051.974,,
A,Annuale,ITC4,Lombardia,1,Maschi,Y35-49,35-49 anni,2019,1029.405,,
A,Annuale,ITC4,Lombardia,1,Maschi,Y35-49,35-49 anni,2020,985.898,,
A,Annuale,ITC4,Lombardia,1,Maschi,Y35-49,35-49 anni,2021,966.11,,
A,Annuale,ITC4,Lombardia,1,Maschi,Y35-49,35-49 anni,2022,963.958,,
A,Annuale,ITC4,Lombardia,1,Maschi,Y35-49,35-49 anni,2023,941.273,,
A,Annuale,ITC4,Lombardia,1,Maschi,Y35-49,35-49 anni,2024,940.682,,
A,Annuale,ITC4,Lombardia,1,Maschi,Y35-49,35-49 anni,2025,935.736,,
A,Annuale,ITC4,Lombardia,1,Maschi,Y50-64,50-64 anni,2018,788.186,,
A,Annuale,ITC4,Lombardia,1,Maschi,Y50-64,50-64 anni,2019,820.136,,
A,Annuale,ITC4,Lombardia,1,Maschi,Y50-64,50-64 anni,2020,816.572,,
A,Annuale,ITC4,Lombardia,1,Maschi,Y50-64,50-64 anni,2021,819.788,,
A,Annuale,ITC4,Lombardia,1,Maschi,Y50-64,50-64 anni,2022,858.357,,
A,Annuale,ITC4,Lombardia,1,Maschi,Y50-64,50-64 anni,2023,898.207,,
A,Annuale,ITC4,Lombardia,1,Maschi,Y50-64,50-64 anni,2024,904.942,,
A,Annuale,ITC4,Lombardia,1,Maschi,Y50-64,50-64 anni,2025,940.811,,
A,Annuale,ITC4,Lombardia,1,Maschi,Y15-64,15-64 anni,2018,2411.93,,
A,Annuale,ITC4,Lombardia,1,Maschi,Y15-64,15-64 anni,2019,2436.543,,
A,Annuale,ITC4,Lombardia,1,Maschi,Y15-64,15-64 anni,2020,2353.271,,
A,Annuale,ITC4,Lombardia,1,Maschi,Y15-64,15-64 anni,2021,2344.443,,
A,Annuale,ITC4,Lombardia,1,Maschi,Y15-64,15-64 anni,2022,2423.224,,
A,Annuale,ITC4,Lombardia,1,Maschi,Y15-64,15-64 anni,2023,2443.755,,
A,Annuale,ITC4,Lombardia,1,Maschi,Y15-64,15-64 anni,2024,2456.091,,
A,Annuale,ITC4,Lombardia,1,Maschi,Y15-64,15-64 anni,2025,2484.995,,
A,Annuale,ITC4,Lombardia,1,Maschi,Y15-89,15-89 anni,2018,2485.318,,
A,Annuale,ITC4,Lombardia,1,Maschi,Y15-89,15-89 anni,2019,2513.954,,
A,Annuale,ITC4,Lombardia,1,Maschi,Y15-89,15-89 anni,2020,2431.609,,
A,Annuale,ITC4,Lombardia,1,Maschi,Y15-89,15-89 anni,2021,2427.213,,
A,Annuale,ITC4,Lombardia,1,Maschi,Y15-89,15-89 anni,2022,2496.936,,
A,Annuale,ITC4,Lombardia,1,Maschi,Y15-89,15-89 anni,2023,2521.8,,
A,Annuale,ITC4,Lombardia,1,Maschi,Y15-89,15-89 anni,2024,2537.721,,
A,Annuale,ITC4,Lombardia,1,Maschi,Y15-89,15-89 anni,2025,2566.548,,
A,Annuale,ITC4,Lombardia,2,Femmine,Y15-24,15-24 anni,2018,84.47,,
A,Annuale,ITC4,Lombardia,2,Femmine,Y15-24,15-24 anni,2019,91.24,,
A,Annuale,ITC4,Lombardia,2,Femmine,Y15-24,15-24 anni,2020,81.587,,
A,Annuale,ITC4,Lombardia,2,Femmine,Y15-24,15-24 anni,2021,78.922,,
A,Annuale,ITC4,Lombardia,2,Femmine,Y15-24,15-24 anni,2022,94.797,,
A,Annuale,ITC4,Lombardia,2,Femmine,Y15-24,15-24 anni,2023,105.846,,
A,Annuale,ITC4,Lombardia,2,Femmine,Y15-24,15-24 anni,2024,95.352,,
A,Annuale,ITC4,Lombardia,2,Femmine,Y15-24,15-24 anni,2025,95.683,,
A,Annuale,ITC4,Lombardia,2,Femmine,Y25-34,25-34 anni,2018,363.377,,
A,Annuale,ITC4,Lombardia,2,Femmine,Y25-34,25-34 anni,2019,365.37,,
A,Annuale,ITC4,Lombardia,2,Femmine,Y25-34,25-34 anni,2020,351.449,,
A,Annuale,ITC4,Lombardia,2,Femmine,Y25-34,25-34 anni,2021,348.346,,
A,Annuale,ITC4,Lombardia,2,Femmine,Y25-34,25-34 anni,2022,363.314,,
A,Annuale,ITC4,Lombardia,2,Femmine,Y25-34,25-34 anni,2023,378.048,,
A,Annuale,ITC4,Lombardia,2,Femmine,Y25-34,25-34 anni,2024,388.842,,
A,Annuale,ITC4,Lombardia,2,Femmine,Y25-34,25-34 anni,2025,371.798,,
A,Annuale,ITC4,Lombardia,2,Femmine,Y15-34,15-34 anni,2018,447.847,,
A,Annuale,ITC4,Lombardia,2,Femmine,Y15-34,15-34 anni,2019,456.61,,
A,Annuale,ITC4,Lombardia,2,Femmine,Y15-34,15-34 anni,2020,433.036,,
A,Annuale,ITC4,Lombardia,2,Femmine,Y15-34,15-34 anni,2021,427.268,,
A,Annuale,ITC4,Lombardia,2,Femmine,Y15-34,15-34 anni,2022,458.111,,
A,Annuale,ITC4,Lombardia,2,Femmine,Y15-34,15-34 anni,2023,483.894,,
A,Annuale,ITC4,Lombardia,2,Femmine,Y15-34,15-34 anni,2024,484.194,,
A,Annuale,ITC4,Lombardia,2,Femmine,Y15-34,15-34 anni,2025,467.481,,
A,Annuale,ITC4,Lombardia,2,Femmine,Y35-49,35-49 anni,2018,823.423,,
A,Annuale,ITC4,Lombardia,2,Femmine,Y35-49,35-49 anni,2019,818.948,,
A,Annuale,ITC4,Lombardia,2,Femmine,Y35-49,35-49 anni,2020,775.99,,
A,Annuale,ITC4,Lombardia,2,Femmine,Y35-49,35-49 anni,2021,772.359,,
A,Annuale,ITC4,Lombardia,2,Femmine,Y35-49,35-49 anni,2022,770.595,,
A,Annuale,ITC4,Lombardia,2,Femmine,Y35-49,35-49 anni,2023,756.041,,
A,Annuale,ITC4,Lombardia,2,Femmine,Y35-49,35-49 anni,2024,758.237,,
A,Annuale,ITC4,Lombardia,2,Femmine,Y35-49,35-49 anni,2025,735.714,,
A,Annuale,ITC4,Lombardia,2,Femmine,Y50-64,50-64 anni,2018,605.96,,
A,Annuale,ITC4,Lombardia,2,Femmine,Y50-64,50-64 anni,2019,628.277,,
A,Annuale,ITC4,Lombardia,2,Femmine,Y50-64,50-64 anni,2020,637.683,,
A,Annuale,ITC4,Lombardia,2,Femmine,Y50-64,50-64 anni,2021,668.389,,
A,Annuale,ITC4,Lombardia,2,Femmine,Y50-64,50-64 anni,2022,663.094,,
A,Annuale,ITC4,Lombardia,2,Femmine,Y50-64,50-64 anni,2023,695.741,,
A,Annuale,ITC4,Lombardia,2,Femmine,Y50-64,50-64 anni,2024,713.212,,
A,Annuale,ITC4,Lombardia,2,Femmine,Y50-64,50-64 anni,2025,751.214,,
A,Annuale,ITC4,Lombardia,2,Femmine,Y15-64,15-64 anni,2018,1877.231,,
A,Annuale,ITC4,Lombardia,2,Femmine,Y15-64,15-64 anni,2019,1903.835,,
A,Annuale,ITC4,Lombardia,2,Femmine,Y15-64,15-64 anni,2020,1846.708,,
A,Annuale,ITC4,Lombardia,2,Femmine,Y15-64,15-64 anni,2021,1868.016,,
A,Annuale,ITC4,Lombardia,2,Femmine,Y15-64,15-64 anni,2022,1891.8,,
A,Annuale,ITC4,Lombardia,2,Femmine,Y15-64,15-64 anni,2023,1935.676,,
A,Annuale,ITC4,Lombardia,2,Femmine,Y15-64,15-64 anni,2024,1955.643,,
A,Annuale,ITC4,Lombardia,2,Femmine,Y15-64,15-64 anni,2025,1954.409,,
A,Annuale,ITC4,Lombardia,2,Femmine,Y15-89,15-89 anni,2018,1908.128,,
A,Annuale,ITC4,Lombardia,2,Femmine,Y15-89,15-89 anni,2019,1937.066,,
A,Annuale,ITC4,Lombardia,2,Femmine,Y15-89,15-89 anni,2020,1883.528,,
A,Annuale,ITC4,Lombardia,2,Femmine,Y15-89,15-89 anni,2021,1905.304,,
A,Annuale,ITC4,Lombardia,2,Femmine,Y15-89,15-89 anni,2022,1927.46,,
A,Annuale,ITC4,Lombardia,2,Femmine,Y15-89,15-89 anni,2023,1978.916,,
A,Annuale,ITC4,Lombardia,2,Femmine,Y15-89,15-89 anni,2024,2000.103,,
A,Annuale,ITC4,Lombardia,2,Femmine,Y15-89,15-89 anni,2025,2000.25,,
A,Annuale,ITC4,Lombardia,9,Totale,Y15-24,15-24 anni,2018,213.66,,
A,Annuale,ITC4,Lombardia,9,Totale,Y15-24,15-24 anni,2019,225.873,,
A,Annuale,ITC4,Lombardia,9,Totale,Y15-24,15-24 anni,2020,200.371,,
A,Annuale,ITC4,Lombardia,9,Totale,Y15-24,15-24 anni,2021,206.202,,
A,Annuale,ITC4,Lombardia,9,Totale,Y15-24,15-24 anni,2022,238.24,,
A,Annuale,ITC4,Lombardia,9,Totale,Y15-24,15-24 anni,2023,247.678,,
A,Annuale,ITC4,Lombardia,9,Totale,Y15-24,15-24 anni,2024,240.743,,
A,Annuale,ITC4,Lombardia,9,Totale,Y15-24,15-24 anni,2025,228.804,,
A,Annuale,ITC4,Lombardia,9,Totale,Y25-34,25-34 anni,2018,805.959,,
A,Annuale,ITC4,Lombardia,9,Totale,Y25-34,25-34 anni,2019,817.739,,
A,Annuale,ITC4,Lombardia,9,Totale,Y25-34,25-34 anni,2020,783.465,,
A,Annuale,ITC4,Lombardia,9,Totale,Y25-34,25-34 anni,2021,779.61,,
A,Annuale,ITC4,Lombardia,9,Totale,Y25-34,25-34 anni,2022,820.78,,
A,Annuale,ITC4,Lombardia,9,Totale,Y25-34,25-34 anni,2023,840.491,,
A,Annuale,ITC4,Lombardia,9,Totale,Y25-34,25-34 anni,2024,853.919,,
A,Annuale,ITC4,Lombardia,9,Totale,Y25-34,25-34 anni,2025,847.125,,
A,Annuale,ITC4,Lombardia,9,Totale,Y15-34,15-34 anni,2018,1019.619,,
A,Annuale,ITC4,Lombardia,9,Totale,Y15-34,15-34 anni,2019,1043.612,,
A,Annuale,ITC4,Lombardia,9,Totale,Y15-34,15-34 anni,2020,983.836,,
A,Annuale,ITC4,Lombardia,9,Totale,Y15-34,15-34 anni,2021,985.812,,
A,Annuale,ITC4,Lombardia,9,Totale,Y15-34,15-34 anni,2022,1059.02,,
A,Annuale,ITC4,Lombardia,9,Totale,Y15-34,15-34 anni,2023,1088.169,,
A,Annuale,ITC4,Lombardia,9,Totale,Y15-34,15-34 anni,2024,1094.662,,
A,Annuale,ITC4,Lombardia,9,Totale,Y15-34,15-34 anni,2025,1075.929,,
A,Annuale,ITC4,Lombardia,9,Totale,Y35-49,35-49 anni,2018,1875.397,,
A,Annuale,ITC4,Lombardia,9,Totale,Y35-49,35-49 anni,2019,1848.354,,
A,Annuale,ITC4,Lombardia,9,Totale,Y35-49,35-49 anni,2020,1761.888,,
A,Annuale,ITC4,Lombardia,9,Totale,Y35-49,35-49 anni,2021,1738.469,,
A,Annuale,ITC4,Lombardia,9,Totale,Y35-49,35-49 anni,2022,1734.553,,
A,Annuale,ITC4,Lombardia,9,Totale,Y35-49,35-49 anni,2023,1697.314,,
A,Annuale,ITC4,Lombardia,9,Totale,Y35-49,35-49 anni,2024,1698.919,,
A,Annuale,ITC4,Lombardia,9,Totale,Y35-49,35-49 anni,2025,1671.45,,
A,Annuale,ITC4,Lombardia,9,Totale,Y50-64,50-64 anni,2018,1394.146,,
A,Annuale,ITC4,Lombardia,9,Totale,Y50-64,50-64 anni,2019,1448.413,,
A,Annuale,ITC4,Lombardia,9,Totale,Y50-64,50-64 anni,2020,1454.255,,
A,Annuale,ITC4,Lombardia,9,Totale,Y50-64,50-64 anni,2021,1488.177,,
A,Annuale,ITC4,Lombardia,9,Totale,Y50-64,50-64 anni,2022,1521.451,,
A,Annuale,ITC4,Lombardia,9,Totale,Y50-64,50-64 anni,2023,1593.948,,
A,Annuale,ITC4,Lombardia,9,Totale,Y50-64,50-64 anni,2024,1618.154,,
A,Annuale,ITC4,Lombardia,9,Totale,Y50-64,50-64 anni,2025,1692.025,,
A,Annuale,ITC4,Lombardia,9,Totale,Y15-64,15-64 anni,2018,4289.161,,
A,Annuale,ITC4,Lombardia,9,Totale,Y15-64,15-64 anni,2019,4340.378,,
A,Annuale,ITC4,Lombardia,9,Totale,Y15-64,15-64 anni,2020,4199.979,,
A,Annuale,ITC4,Lombardia,9,Totale,Y15-64,15-64 anni,2021,4212.458,,
A,Annuale,ITC4,Lombardia,9,Totale,Y15-64,15-64 anni,2022,4315.024,,
A,Annuale,ITC4,Lombardia,9,Totale,Y15-64,15-64 anni,2023,4379.43,,
A,Annuale,ITC4,Lombardia,9,Totale,Y15-64,15-64 anni,2024,4411.734,,
A,Annuale,ITC4,Lombardia,9,Totale,Y15-64,15-64 anni,2025,4439.404,,
A,Annuale,ITC4,Lombardia,9,Totale,Y15-89,15-89 anni,2018,4393.447,,
A,Annuale,ITC4,Lombardia,9,Totale,Y15-89,15-89 anni,2019,4451.02,,
A,Annuale,ITC4,Lombardia,9,Totale,Y15-89,15-89 anni,2020,4315.136,,
A,Annuale,ITC4,Lombardia,9,Totale,Y15-89,15-89 anni,2021,4332.516,,
A,Annuale,ITC4,Lombardia,9,Totale,Y15-89,15-89 anni,2022,4424.396,,
A,Annuale,ITC4,Lombardia,9,Totale,Y15-89,15-89 anni,2023,4500.716,,
A,Annuale,ITC4,Lombardia,9,Totale,Y15-89,15-89 anni,2024,4537.824,,
A,Annuale,ITC4,Lombardia,9,Totale,Y15-89,15-89 anni,2025,4566.798,,
A,Annuale,ITD,Nord-est,1,Maschi,Y15-24,15-24 anni,2004,208.011,,
A,Annuale,ITD,Nord-est,1,Maschi,Y15-24,15-24 anni,2005,202.344,,
A,Annuale,ITD,Nord-est,1,Maschi,Y15-24,15-24 anni,2006,205.486,,
A,Annuale,ITD,Nord-est,1,Maschi,Y15-24,15-24 anni,2007,195.793,,
A,Annuale,ITD,Nord-est,1,Maschi,Y15-24,15-24 anni,2008,192.244,,
A,Annuale,ITD,Nord-est,1,Maschi,Y15-24,15-24 anni,2009,173.546,,
A,Annuale,ITD,Nord-est,1,Maschi,Y15-24,15-24 anni,2010,160.996,,
A,Annuale,ITD,Nord-est,1,Maschi,Y15-24,15-24 anni,2011,150.641,,
A,Annuale,ITD,Nord-est,1,Maschi,Y15-24,15-24 anni,2012,152.869,,
A,Annuale,ITD,Nord-est,1,Maschi,Y15-24,15-24 anni,2013,130.262,,
A,Annuale,ITD,Nord-est,1,Maschi,Y15-24,15-24 anni,2014,136.873,,
A,Annuale,ITD,Nord-est,1,Maschi,Y15-24,15-24 anni,2015,131.744,,
A,Annuale,ITD,Nord-est,1,Maschi,Y15-24,15-24 anni,2016,137.934,,
A,Annuale,ITD,Nord-est,1,Maschi,Y15-24,15-24 anni,2017,148.527,,
A,Annuale,ITD,Nord-est,1,Maschi,Y15-24,15-24 anni,2018,149.024,,
A,Annuale,ITD,Nord-est,1,Maschi,Y15-24,15-24 anni,2019,159.184,,
A,Annuale,ITD,Nord-est,1,Maschi,Y15-24,15-24 anni,2020,157.654,,
A,Annuale,ITD,Nord-est,1,Maschi,Y15-24,15-24 anni,2021,154.335,,
A,Annuale,ITD,Nord-est,1,Maschi,Y15-24,15-24 anni,2022,172.885,,
A,Annuale,ITD,Nord-est,1,Maschi,Y15-24,15-24 anni,2023,183.317,,
A,Annuale,ITD,Nord-est,1,Maschi,Y15-24,15-24 anni,2024,178.303,,
A,Annuale,ITD,Nord-est,1,Maschi,Y15-24,15-24 anni,2025,153.539,,
A,Annuale,ITD,Nord-est,1,Maschi,Y25-34,25-34 anni,2004,748.216,,
A,Annuale,ITD,Nord-est,1,Maschi,Y25-34,25-34 anni,2005,733.33,,
A,Annuale,ITD,Nord-est,1,Maschi,Y25-34,25-34 anni,2006,712.271,,
A,Annuale,ITD,Nord-est,1,Maschi,Y25-34,25-34 anni,2007,694.392,,
A,Annuale,ITD,Nord-est,1,Maschi,Y25-34,25-34 anni,2008,677.19,,
A,Annuale,ITD,Nord-est,1,Maschi,Y25-34,25-34 anni,2009,631.257,,
A,Annuale,ITD,Nord-est,1,Maschi,Y25-34,25-34 anni,2010,596.491,,
A,Annuale,ITD,Nord-est,1,Maschi,Y25-34,25-34 anni,2011,576.781,,
A,Annuale,ITD,Nord-est,1,Maschi,Y25-34,25-34 anni,2012,541.901,,
A,Annuale,ITD,Nord-est,1,Maschi,Y25-34,25-34 anni,2013,515.328,,
A,Annuale,ITD,Nord-est,1,Maschi,Y25-34,25-34 anni,2014,494.047,,
A,Annuale,ITD,Nord-est,1,Maschi,Y25-34,25-34 anni,2015,488.166,,
A,Annuale,ITD,Nord-est,1,Maschi,Y25-34,25-34 anni,2016,493.176,,
A,Annuale,ITD,Nord-est,1,Maschi,Y25-34,25-34 anni,2017,486.303,,
A,Annuale,ITD,Nord-est,1,Maschi,Y25-34,25-34 anni,2018,492.079,,
A,Annuale,ITD,Nord-est,1,Maschi,Y25-34,25-34 anni,2019,496.224,,
A,Annuale,ITD,Nord-est,1,Maschi,Y25-34,25-34 anni,2020,483.539,,
A,Annuale,ITD,Nord-est,1,Maschi,Y25-34,25-34 anni,2021,496.263,,
A,Annuale,ITD,Nord-est,1,Maschi,Y25-34,25-34 anni,2022,519.677,,
A,Annuale,ITD,Nord-est,1,Maschi,Y25-34,25-34 anni,2023,525.947,,
A,Annuale,ITD,Nord-est,1,Maschi,Y25-34,25-34 anni,2024,535.889,,
A,Annuale,ITD,Nord-est,1,Maschi,Y25-34,25-34 anni,2025,547.419,,
A,Annuale,ITD,Nord-est,1,Maschi,Y15-34,15-34 anni,2004,956.227,,
A,Annuale,ITD,Nord-est,1,Maschi,Y15-34,15-34 anni,2005,935.674,,
A,Annuale,ITD,Nord-est,1,Maschi,Y15-34,15-34 anni,2006,917.756,,
A,Annuale,ITD,Nord-est,1,Maschi,Y15-34,15-34 anni,2007,890.185,,
A,Annuale,ITD,Nord-est,1,Maschi,Y15-34,15-34 anni,2008,869.434,,
A,Annuale,ITD,Nord-est,1,Maschi,Y15-34,15-34 anni,2009,804.803,,
A,Annuale,ITD,Nord-est,1,Maschi,Y15-34,15-34 anni,2010,757.487,,
A,Annuale,ITD,Nord-est,1,Maschi,Y15-34,15-34 anni,2011,727.422,,
A,Annuale,ITD,Nord-est,1,Maschi,Y15-34,15-34 anni,2012,694.77,,
A,Annuale,ITD,Nord-est,1,Maschi,Y15-34,15-34 anni,2013,645.59,,
A,Annuale,ITD,Nord-est,1,Maschi,Y15-34,15-34 anni,2014,630.921,,
A,Annuale,ITD,Nord-est,1,Maschi,Y15-34,15-34 anni,2015,619.91,,
A,Annuale,ITD,Nord-est,1,Maschi,Y15-34,15-34 anni,2016,631.11,,
A,Annuale,ITD,Nord-est,1,Maschi,Y15-34,15-34 anni,2017,634.83,,
A,Annuale,ITD,Nord-est,1,Maschi,Y15-34,15-34 anni,2018,641.103,,
A,Annuale,ITD,Nord-est,1,Maschi,Y15-34,15-34 anni,2019,655.408,,
A,Annuale,ITD,Nord-est,1,Maschi,Y15-34,15-34 anni,2020,641.193,,
A,Annuale,ITD,Nord-est,1,Maschi,Y15-34,15-34 anni,2021,650.598,,
A,Annuale,ITD,Nord-est,1,Maschi,Y15-34,15-34 anni,2022,692.561,,
A,Annuale,ITD,Nord-est,1,Maschi,Y15-34,15-34 anni,2023,709.264,,
A,Annuale,ITD,Nord-est,1,Maschi,Y15-34,15-34 anni,2024,714.192,,
A,Annuale,ITD,Nord-est,1,Maschi,Y15-34,15-34 anni,2025,700.959,,
A,Annuale,ITD,Nord-est,1,Maschi,Y35-49,35-49 anni,2004,1223.119,,
A,Annuale,ITD,Nord-est,1,Maschi,Y35-49,35-49 anni,2005,1250.49,,
A,Annuale,ITD,Nord-est,1,Maschi,Y35-49,35-49 anni,2006,1281.781,,
A,Annuale,ITD,Nord-est,1,Maschi,Y35-49,35-49 anni,2007,1311.664,,
A,Annuale,ITD,Nord-est,1,Maschi,Y35-49,35-49 anni,2008,1334.821,,
A,Annuale,ITD,Nord-est,1,Maschi,Y35-49,35-49 anni,2009,1309.619,,
A,Annuale,ITD,Nord-est,1,Maschi,Y35-49,35-49 anni,2010,1328.638,,
A,Annuale,ITD,Nord-est,1,Maschi,Y35-49,35-49 anni,2011,1324.489,,
A,Annuale,ITD,Nord-est,1,Maschi,Y35-49,35-49 anni,2012,1295.393,,
A,Annuale,ITD,Nord-est,1,Maschi,Y35-49,35-49 anni,2013,1268.426,,
A,Annuale,ITD,Nord-est,1,Maschi,Y35-49,35-49 anni,2014,1250.15,,
A,Annuale,ITD,Nord-est,1,Maschi,Y35-49,35-49 anni,2015,1227.404,,
A,Annuale,ITD,Nord-est,1,Maschi,Y35-49,35-49 anni,2016,1208.37,,
A,Annuale,ITD,Nord-est,1,Maschi,Y35-49,35-49 anni,2017,1197.059,,
A,Annuale,ITD,Nord-est,1,Maschi,Y35-49,35-49 anni,2018,1174.57,,
A,Annuale,ITD,Nord-est,1,Maschi,Y35-49,35-49 anni,2019,1159.325,,
A,Annuale,ITD,Nord-est,1,Maschi,Y35-49,35-49 anni,2020,1114.614,,
A,Annuale,ITD,Nord-est,1,Maschi,Y35-49,35-49 anni,2021,1089.441,,
A,Annuale,ITD,Nord-est,1,Maschi,Y35-49,35-49 anni,2022,1074.663,,
A,Annuale,ITD,Nord-est,1,Maschi,Y35-49,35-49 anni,2023,1052.014,,
A,Annuale,ITD,Nord-est,1,Maschi,Y35-49,35-49 anni,2024,1043.812,,
A,Annuale,ITD,Nord-est,1,Maschi,Y35-49,35-49 anni,2025,1036.61,,
A,Annuale,ITD,Nord-est,1,Maschi,Y50-64,50-64 anni,2004,561.409,,
A,Annuale,ITD,Nord-est,1,Maschi,Y50-64,50-64 anni,2005,572.345,,
A,Annuale,ITD,Nord-est,1,Maschi,Y50-64,50-64 anni,2006,598.867,,
A,Annuale,ITD,Nord-est,1,Maschi,Y50-64,50-64 anni,2007,626.171,,
A,Annuale,ITD,Nord-est,1,Maschi,Y50-64,50-64 anni,2008,637.148,,
A,Annuale,ITD,Nord-est,1,Maschi,Y50-64,50-64 anni,2009,644.677,,
A,Annuale,ITD,Nord-est,1,Maschi,Y50-64,50-64 anni,2010,665.307,,
A,Annuale,ITD,Nord-est,1,Maschi,Y50-64,50-64 anni,2011,695.763,,
A,Annuale,ITD,Nord-est,1,Maschi,Y50-64,50-64 anni,2012,724.19,,
A,Annuale,ITD,Nord-est,1,Maschi,Y50-64,50-64 anni,2013,754.184,,
A,Annuale,ITD,Nord-est,1,Maschi,Y50-64,50-64 anni,2014,797.186,,
A,Annuale,ITD,Nord-est,1,Maschi,Y50-64,50-64 anni,2015,837.265,,
A,Annuale,ITD,Nord-est,1,Maschi,Y50-64,50-64 anni,2016,872.728,,
A,Annuale,ITD,Nord-est,1,Maschi,Y50-64,50-64 anni,2017,904.007,,
A,Annuale,ITD,Nord-est,1,Maschi,Y50-64,50-64 anni,2018,944.393,,
A,Annuale,ITD,Nord-est,1,Maschi,Y50-64,50-64 anni,2019,977.393,,
A,Annuale,ITD,Nord-est,1,Maschi,Y50-64,50-64 anni,2020,979.829,,
A,Annuale,ITD,Nord-est,1,Maschi,Y50-64,50-64 anni,2021,980.929,,
A,Annuale,ITD,Nord-est,1,Maschi,Y50-64,50-64 anni,2022,1008.872,,
A,Annuale,ITD,Nord-est,1,Maschi,Y50-64,50-64 anni,2023,1056.386,,
A,Annuale,ITD,Nord-est,1,Maschi,Y50-64,50-64 anni,2024,1081.861,,
A,Annuale,ITD,Nord-est,1,Maschi,Y50-64,50-64 anni,2025,1110.782,,
A,Annuale,ITD,Nord-est,1,Maschi,Y15-64,15-64 anni,2004,2740.755,,
A,Annuale,ITD,Nord-est,1,Maschi,Y15-64,15-64 anni,2005,2758.509,,
A,Annuale,ITD,Nord-est,1,Maschi,Y15-64,15-64 anni,2006,2798.404,,
A,Annuale,ITD,Nord-est,1,Maschi,Y15-64,15-64 anni,2007,2828.02,,
A,Annuale,ITD,Nord-est,1,Maschi,Y15-64,15-64 anni,2008,2841.403,,
A,Annuale,ITD,Nord-est,1,Maschi,Y15-64,15-64 anni,2009,2759.099,,
A,Annuale,ITD,Nord-est,1,Maschi,Y15-64,15-64 anni,2010,2751.432,,
A,Annuale,ITD,Nord-est,1,Maschi,Y15-64,15-64 anni,2011,2747.673,,
A,Annuale,ITD,Nord-est,1,Maschi,Y15-64,15-64 anni,2012,2714.353,,
A,Annuale,ITD,Nord-est,1,Maschi,Y15-64,15-64 anni,2013,2668.2,,
A,Annuale,ITD,Nord-est,1,Maschi,Y15-64,15-64 anni,2014,2678.256,,
A,Annuale,ITD,Nord-est,1,Maschi,Y15-64,15-64 anni,2015,2684.58,,
A,Annuale,ITD,Nord-est,1,Maschi,Y15-64,15-64 anni,2016,2712.209,,
A,Annuale,ITD,Nord-est,1,Maschi,Y15-64,15-64 anni,2017,2735.896,,
A,Annuale,ITD,Nord-est,1,Maschi,Y15-64,15-64 anni,2018,2760.065,,
A,Annuale,ITD,Nord-est,1,Maschi,Y15-64,15-64 anni,2019,2792.127,,
A,Annuale,ITD,Nord-est,1,Maschi,Y15-64,15-64 anni,2020,2735.636,,
A,Annuale,ITD,Nord-est,1,Maschi,Y15-64,15-64 anni,2021,2720.968,,
A,Annuale,ITD,Nord-est,1,Maschi,Y15-64,15-64 anni,2022,2776.097,,
A,Annuale,ITD,Nord-est,1,Maschi,Y15-64,15-64 anni,2023,2817.664,,
A,Annuale,ITD,Nord-est,1,Maschi,Y15-64,15-64 anni,2024,2839.864,,
A,Annuale,ITD,Nord-est,1,Maschi,Y15-64,15-64 anni,2025,2848.351,,
A,Annuale,ITD,Nord-est,1,Maschi,Y15-89,15-89 anni,2004,2801.475,,
A,Annuale,ITD,Nord-est,1,Maschi,Y15-89,15-89 anni,2005,2821.329,,
A,Annuale,ITD,Nord-est,1,Maschi,Y15-89,15-89 anni,2006,2867.72,,
A,Annuale,ITD,Nord-est,1,Maschi,Y15-89,15-89 anni,2007,2894.86,,
A,Annuale,ITD,Nord-est,1,Maschi,Y15-89,15-89 anni,2008,2908.641,,
A,Annuale,ITD,Nord-est,1,Maschi,Y15-89,15-89 anni,2009,2822.503,,
A,Annuale,ITD,Nord-est,1,Maschi,Y15-89,15-89 anni,2010,2813.958,,
A,Annuale,ITD,Nord-est,1,Maschi,Y15-89,15-89 anni,2011,2813.898,,
A,Annuale,ITD,Nord-est,1,Maschi,Y15-89,15-89 anni,2012,2787.156,,
A,Annuale,ITD,Nord-est,1,Maschi,Y15-89,15-89 anni,2013,2744.92,,
A,Annuale,ITD,Nord-est,1,Maschi,Y15-89,15-89 anni,2014,2760.09,,
A,Annuale,ITD,Nord-est,1,Maschi,Y15-89,15-89 anni,2015,2763.229,,
A,Annuale,ITD,Nord-est,1,Maschi,Y15-89,15-89 anni,2016,2794.732,,
A,Annuale,ITD,Nord-est,1,Maschi,Y15-89,15-89 anni,2017,2828.638,,
A,Annuale,ITD,Nord-est,1,Maschi,Y15-89,15-89 anni,2018,2863.361,,
A,Annuale,ITD,Nord-est,1,Maschi,Y15-89,15-89 anni,2019,2897.444,,
A,Annuale,ITD,Nord-est,1,Maschi,Y15-89,15-89 anni,2020,2836.607,,
A,Annuale,ITD,Nord-est,1,Maschi,Y15-89,15-89 anni,2021,2832.31,,
A,Annuale,ITD,Nord-est,1,Maschi,Y15-89,15-89 anni,2022,2885.959,,
A,Annuale,ITD,Nord-est,1,Maschi,Y15-89,15-89 anni,2023,2931.37,,
A,Annuale,ITD,Nord-est,1,Maschi,Y15-89,15-89 anni,2024,2956.274,,
A,Annuale,ITD,Nord-est,1,Maschi,Y15-89,15-89 anni,2025,2966.469,,
A,Annuale,ITD,Nord-est,2,Femmine,Y15-24,15-24 anni,2004,167.618,,
A,Annuale,ITD,Nord-est,2,Femmine,Y15-24,15-24 anni,2005,152.865,,
A,Annuale,ITD,Nord-est,2,Femmine,Y15-24,15-24 anni,2006,141.018,,
A,Annuale,ITD,Nord-est,2,Femmine,Y15-24,15-24 anni,2007,135.079,,
A,Annuale,ITD,Nord-est,2,Femmine,Y15-24,15-24 anni,2008,134.154,,
A,Annuale,ITD,Nord-est,2,Femmine,Y15-24,15-24 anni,2009,119.704,,
A,Annuale,ITD,Nord-est,2,Femmine,Y15-24,15-24 anni,2010,113.459,,
A,Annuale,ITD,Nord-est,2,Femmine,Y15-24,15-24 anni,2011,114.785,,
A,Annuale,ITD,Nord-est,2,Femmine,Y15-24,15-24 anni,2012,102.152,,
A,Annuale,ITD,Nord-est,2,Femmine,Y15-24,15-24 anni,2013,94.759,,
A,Annuale,ITD,Nord-est,2,Femmine,Y15-24,15-24 anni,2014,89.206,,
A,Annuale,ITD,Nord-est,2,Femmine,Y15-24,15-24 anni,2015,83.826,,
A,Annuale,ITD,Nord-est,2,Femmine,Y15-24,15-24 anni,2016,97.558,,
A,Annuale,ITD,Nord-est,2,Femmine,Y15-24,15-24 anni,2017,104.3,,
A,Annuale,ITD,Nord-est,2,Femmine,Y15-24,15-24 anni,2018,103.975,,
A,Annuale,ITD,Nord-est,2,Femmine,Y15-24,15-24 anni,2019,115.786,,
A,Annuale,ITD,Nord-est,2,Femmine,Y15-24,15-24 anni,2020,90.732,,
A,Annuale,ITD,Nord-est,2,Femmine,Y15-24,15-24 anni,2021,94.342,,
A,Annuale,ITD,Nord-est,2,Femmine,Y15-24,15-24 anni,2022,115.72,,
A,Annuale,ITD,Nord-est,2,Femmine,Y15-24,15-24 anni,2023,122.755,,
A,Annuale,ITD,Nord-est,2,Femmine,Y15-24,15-24 anni,2024,102.587,,
A,Annuale,ITD,Nord-est,2,Femmine,Y15-24,15-24 anni,2025,102.345,,
A,Annuale,ITD,Nord-est,2,Femmine,Y25-34,25-34 anni,2004,594.781,,
A,Annuale,ITD,Nord-est,2,Femmine,Y25-34,25-34 anni,2005,587.852,,
A,Annuale,ITD,Nord-est,2,Femmine,Y25-34,25-34 anni,2006,569.697,,
A,Annuale,ITD,Nord-est,2,Femmine,Y25-34,25-34 anni,2007,552.045,,
A,Annuale,ITD,Nord-est,2,Femmine,Y25-34,25-34 anni,2008,546.101,,
A,Annuale,ITD,Nord-est,2,Femmine,Y25-34,25-34 anni,2009,518.761,,
A,Annuale,ITD,Nord-est,2,Femmine,Y25-34,25-34 anni,2010,480.768,,
A,Annuale,ITD,Nord-est,2,Femmine,Y25-34,25-34 anni,2011,466.651,,
A,Annuale,ITD,Nord-est,2,Femmine,Y25-34,25-34 anni,2012,446.083,,
A,Annuale,ITD,Nord-est,2,Femmine,Y25-34,25-34 anni,2013,406.58,,
A,Annuale,ITD,Nord-est,2,Femmine,Y25-34,25-34 anni,2014,400.732,,
A,Annuale,ITD,Nord-est,2,Femmine,Y25-34,25-34 anni,2015,388.11,,
A,Annuale,ITD,Nord-est,2,Femmine,Y25-34,25-34 anni,2016,388.168,,
A,Annuale,ITD,Nord-est,2,Femmine,Y25-34,25-34 anni,2017,391.979,,
A,Annuale,ITD,Nord-est,2,Femmine,Y25-34,25-34 anni,2018,402.468,,
A,Annuale,ITD,Nord-est,2,Femmine,Y25-34,25-34 anni,2019,397.143,,
A,Annuale,ITD,Nord-est,2,Femmine,Y25-34,25-34 anni,2020,376.254,,
A,Annuale,ITD,Nord-est,2,Femmine,Y25-34,25-34 anni,2021,392.706,,
A,Annuale,ITD,Nord-est,2,Femmine,Y25-34,25-34 anni,2022,411.007,,
A,Annuale,ITD,Nord-est,2,Femmine,Y25-34,25-34 anni,2023,411.886,,
A,Annuale,ITD,Nord-est,2,Femmine,Y25-34,25-34 anni,2024,415.446,,
A,Annuale,ITD,Nord-est,2,Femmine,Y25-34,25-34 anni,2025,418.167,,
A,Annuale,ITD,Nord-est,2,Femmine,Y15-34,15-34 anni,2004,762.4,,
A,Annuale,ITD,Nord-est,2,Femmine,Y15-34,15-34 anni,2005,740.717,,
A,Annuale,ITD,Nord-est,2,Femmine,Y15-34,15-34 anni,2006,710.715,,
A,Annuale,ITD,Nord-est,2,Femmine,Y15-34,15-34 anni,2007,687.124,,
A,Annuale,ITD,Nord-est,2,Femmine,Y15-34,15-34 anni,2008,680.255,,
A,Annuale,ITD,Nord-est,2,Femmine,Y15-34,15-34 anni,2009,638.465,,
A,Annuale,ITD,Nord-est,2,Femmine,Y15-34,15-34 anni,2010,594.227,,
A,Annuale,ITD,Nord-est,2,Femmine,Y15-34,15-34 anni,2011,581.435,,
A,Annuale,ITD,Nord-est,2,Femmine,Y15-34,15-34 anni,2012,548.235,,
A,Annuale,ITD,Nord-est,2,Femmine,Y15-34,15-34 anni,2013,501.339,,
A,Annuale,ITD,Nord-est,2,Femmine,Y15-34,15-34 anni,2014,489.938,,
A,Annuale,ITD,Nord-est,2,Femmine,Y15-34,15-34 anni,2015,471.936,,
A,Annuale,ITD,Nord-est,2,Femmine,Y15-34,15-34 anni,2016,485.725,,
A,Annuale,ITD,Nord-est,2,Femmine,Y15-34,15-34 anni,2017,496.279,,
A,Annuale,ITD,Nord-est,2,Femmine,Y15-34,15-34 anni,2018,506.444,,
A,Annuale,ITD,Nord-est,2,Femmine,Y15-34,15-34 anni,2019,512.928,,
A,Annuale,ITD,Nord-est,2,Femmine,Y15-34,15-34 anni,2020,466.986,,
A,Annuale,ITD,Nord-est,2,Femmine,Y15-34,15-34 anni,2021,487.048,,
A,Annuale,ITD,Nord-est,2,Femmine,Y15-34,15-34 anni,2022,526.727,,
A,Annuale,ITD,Nord-est,2,Femmine,Y15-34,15-34 anni,2023,534.641,,
A,Annuale,ITD,Nord-est,2,Femmine,Y15-34,15-34 anni,2024,518.033,,
A,Annuale,ITD,Nord-est,2,Femmine,Y15-34,15-34 anni,2025,520.512,,
A,Annuale,ITD,Nord-est,2,Femmine,Y35-49,35-49 anni,2004,901.907,,
A,Annuale,ITD,Nord-est,2,Femmine,Y35-49,35-49 anni,2005,935.699,,
A,Annuale,ITD,Nord-est,2,Femmine,Y35-49,35-49 anni,2006,970.203,,
A,Annuale,ITD,Nord-est,2,Femmine,Y35-49,35-49 anni,2007,990.937,,
A,Annuale,ITD,Nord-est,2,Femmine,Y35-49,35-49 anni,2008,1017.035,,
A,Annuale,ITD,Nord-est,2,Femmine,Y35-49,35-49 anni,2009,1020.122,,
A,Annuale,ITD,Nord-est,2,Femmine,Y35-49,35-49 anni,2010,1042.692,,
A,Annuale,ITD,Nord-est,2,Femmine,Y35-49,35-49 anni,2011,1062.473,,
A,Annuale,ITD,Nord-est,2,Femmine,Y35-49,35-49 anni,2012,1055.739,,
A,Annuale,ITD,Nord-est,2,Femmine,Y35-49,35-49 anni,2013,1021.847,,
A,Annuale,ITD,Nord-est,2,Femmine,Y35-49,35-49 anni,2014,1010.71,,
A,Annuale,ITD,Nord-est,2,Femmine,Y35-49,35-49 anni,2015,992.636,,
A,Annuale,ITD,Nord-est,2,Femmine,Y35-49,35-49 anni,2016,994.717,,
A,Annuale,ITD,Nord-est,2,Femmine,Y35-49,35-49 anni,2017,977.283,,
A,Annuale,ITD,Nord-est,2,Femmine,Y35-49,35-49 anni,2018,963.293,,
A,Annuale,ITD,Nord-est,2,Femmine,Y35-49,35-49 anni,2019,946.332,,
A,Annuale,ITD,Nord-est,2,Femmine,Y35-49,35-49 anni,2020,900.524,,
A,Annuale,ITD,Nord-est,2,Femmine,Y35-49,35-49 anni,2021,896.999,,
A,Annuale,ITD,Nord-est,2,Femmine,Y35-49,35-49 anni,2022,885.885,,
A,Annuale,ITD,Nord-est,2,Femmine,Y35-49,35-49 anni,2023,884.072,,
A,Annuale,ITD,Nord-est,2,Femmine,Y35-49,35-49 anni,2024,879.806,,
A,Annuale,ITD,Nord-est,2,Femmine,Y35-49,35-49 anni,2025,837.647,,
A,Annuale,ITD,Nord-est,2,Femmine,Y50-64,50-64 anni,2004,327.802,,
A,Annuale,ITD,Nord-est,2,Femmine,Y50-64,50-64 anni,2005,336.114,,
A,Annuale,ITD,Nord-est,2,Femmine,Y50-64,50-64 anni,2006,362.405,,
A,Annuale,ITD,Nord-est,2,Femmine,Y50-64,50-64 anni,2007,395.254,,
A,Annuale,ITD,Nord-est,2,Femmine,Y50-64,50-64 anni,2008,433.966,,
A,Annuale,ITD,Nord-est,2,Femmine,Y50-64,50-64 anni,2009,439.553,,
A,Annuale,ITD,Nord-est,2,Femmine,Y50-64,50-64 anni,2010,450.265,,
A,Annuale,ITD,Nord-est,2,Femmine,Y50-64,50-64 anni,2011,493.639,,
A,Annuale,ITD,Nord-est,2,Femmine,Y50-64,50-64 anni,2012,537.605,,
A,Annuale,ITD,Nord-est,2,Femmine,Y50-64,50-64 anni,2013,564.927,,
A,Annuale,ITD,Nord-est,2,Femmine,Y50-64,50-64 anni,2014,599.009,,
A,Annuale,ITD,Nord-est,2,Femmine,Y50-64,50-64 anni,2015,632.449,,
A,Annuale,ITD,Nord-est,2,Femmine,Y50-64,50-64 anni,2016,672.942,,
A,Annuale,ITD,Nord-est,2,Femmine,Y50-64,50-64 anni,2017,715.364,,
A,Annuale,ITD,Nord-est,2,Femmine,Y50-64,50-64 anni,2018,746.834,,
A,Annuale,ITD,Nord-est,2,Femmine,Y50-64,50-64 anni,2019,784.823,,
A,Annuale,ITD,Nord-est,2,Femmine,Y50-64,50-64 anni,2020,777.835,,
A,Annuale,ITD,Nord-est,2,Femmine,Y50-64,50-64 anni,2021,788.874,,
A,Annuale,ITD,Nord-est,2,Femmine,Y50-64,50-64 anni,2022,826.208,,
A,Annuale,ITD,Nord-est,2,Femmine,Y50-64,50-64 anni,2023,874.715,,
A,Annuale,ITD,Nord-est,2,Femmine,Y50-64,50-64 anni,2024,885.264,,
A,Annuale,ITD,Nord-est,2,Femmine,Y50-64,50-64 anni,2025,923.584,,
A,Annuale,ITD,Nord-est,2,Femmine,Y15-64,15-64 anni,2004,1992.109,,
A,Annuale,ITD,Nord-est,2,Femmine,Y15-64,15-64 anni,2005,2012.53,,
A,Annuale,ITD,Nord-est,2,Femmine,Y15-64,15-64 anni,2006,2043.322,,
A,Annuale,ITD,Nord-est,2,Femmine,Y15-64,15-64 anni,2007,2073.315,,
A,Annuale,ITD,Nord-est,2,Femmine,Y15-64,15-64 anni,2008,2131.256,,
A,Annuale,ITD,Nord-est,2,Femmine,Y15-64,15-64 anni,2009,2098.14,,
A,Annuale,ITD,Nord-est,2,Femmine,Y15-64,15-64 anni,2010,2087.184,,
A,Annuale,ITD,Nord-est,2,Femmine,Y15-64,15-64 anni,2011,2137.547,,
A,Annuale,ITD,Nord-est,2,Femmine,Y15-64,15-64 anni,2012,2141.579,,
A,Annuale,ITD,Nord-est,2,Femmine,Y15-64,15-64 anni,2013,2088.113,,
A,Annuale,ITD,Nord-est,2,Femmine,Y15-64,15-64 anni,2014,2099.657,,
A,Annuale,ITD,Nord-est,2,Femmine,Y15-64,15-64 anni,2015,2097.021,,
A,Annuale,ITD,Nord-est,2,Femmine,Y15-64,15-64 anni,2016,2153.385,,
A,Annuale,ITD,Nord-est,2,Femmine,Y15-64,15-64 anni,2017,2188.926,,
A,Annuale,ITD,Nord-est,2,Femmine,Y15-64,15-64 anni,2018,2216.571,,
A,Annuale,ITD,Nord-est,2,Femmine,Y15-64,15-64 anni,2019,2244.083,,
A,Annuale,ITD,Nord-est,2,Femmine,Y15-64,15-64 anni,2020,2145.346,,
A,Annuale,ITD,Nord-est,2,Femmine,Y15-64,15-64 anni,2021,2172.92,,
A,Annuale,ITD,Nord-est,2,Femmine,Y15-64,15-64 anni,2022,2238.819,,
A,Annuale,ITD,Nord-est,2,Femmine,Y15-64,15-64 anni,2023,2293.428,,
A,Annuale,ITD,Nord-est,2,Femmine,Y15-64,15-64 anni,2024,2283.103,,
A,Annuale,ITD,Nord-est,2,Femmine,Y15-64,15-64 anni,2025,2281.742,,
A,Annuale,ITD,Nord-est,2,Femmine,Y15-89,15-89 anni,2004,2008.093,,
A,Annuale,ITD,Nord-est,2,Femmine,Y15-89,15-89 anni,2005,2027.53,,
A,Annuale,ITD,Nord-est,2,Femmine,Y15-89,15-89 anni,2006,2060.817,,
A,Annuale,ITD,Nord-est,2,Femmine,Y15-89,15-89 anni,2007,2091.172,,
A,Annuale,ITD,Nord-est,2,Femmine,Y15-89,15-89 anni,2008,2151.231,,
A,Annuale,ITD,Nord-est,2,Femmine,Y15-89,15-89 anni,2009,2116.088,,
A,Annuale,ITD,Nord-est,2,Femmine,Y15-89,15-89 anni,2010,2106.91,,
A,Annuale,ITD,Nord-est,2,Femmine,Y15-89,15-89 anni,2011,2158.319,,
A,Annuale,ITD,Nord-est,2,Femmine,Y15-89,15-89 anni,2012,2162.464,,
A,Annuale,ITD,Nord-est,2,Femmine,Y15-89,15-89 anni,2013,2111.301,,
A,Annuale,ITD,Nord-est,2,Femmine,Y15-89,15-89 anni,2014,2125.868,,
A,Annuale,ITD,Nord-est,2,Femmine,Y15-89,15-89 anni,2015,2125.209,,
A,Annuale,ITD,Nord-est,2,Femmine,Y15-89,15-89 anni,2016,2185.958,,
A,Annuale,ITD,Nord-est,2,Femmine,Y15-89,15-89 anni,2017,2225.326,,
A,Annuale,ITD,Nord-est,2,Femmine,Y15-89,15-89 anni,2018,2260.143,,
A,Annuale,ITD,Nord-est,2,Femmine,Y15-89,15-89 anni,2019,2290.556,,
A,Annuale,ITD,Nord-est,2,Femmine,Y15-89,15-89 anni,2020,2197.45,,
A,Annuale,ITD,Nord-est,2,Femmine,Y15-89,15-89 anni,2021,2224.038,,
A,Annuale,ITD,Nord-est,2,Femmine,Y15-89,15-89 anni,2022,2287.512,,
A,Annuale,ITD,Nord-est,2,Femmine,Y15-89,15-89 anni,2023,2345.154,,
A,Annuale,ITD,Nord-est,2,Femmine,Y15-89,15-89 anni,2024,2345.153,,
A,Annuale,ITD,Nord-est,2,Femmine,Y15-89,15-89 anni,2025,2350.201,,
A,Annuale,ITD,Nord-est,9,Totale,Y15-24,15-24 anni,2004,375.629,,
A,Annuale,ITD,Nord-est,9,Totale,Y15-24,15-24 anni,2005,355.209,,
A,Annuale,ITD,Nord-est,9,Totale,Y15-24,15-24 anni,2006,346.504,,
A,Annuale,ITD,Nord-est,9,Totale,Y15-24,15-24 anni,2007,330.872,,
A,Annuale,ITD,Nord-est,9,Totale,Y15-24,15-24 anni,2008,326.398,,
A,Annuale,ITD,Nord-est,9,Totale,Y15-24,15-24 anni,2009,293.25,,
A,Annuale,ITD,Nord-est,9,Totale,Y15-24,15-24 anni,2010,274.455,,
A,Annuale,ITD,Nord-est,9,Totale,Y15-24,15-24 anni,2011,265.425,,
A,Annuale,ITD,Nord-est,9,Totale,Y15-24,15-24 anni,2012,255.021,,
A,Annuale,ITD,Nord-est,9,Totale,Y15-24,15-24 anni,2013,225.022,,
A,Annuale,ITD,Nord-est,9,Totale,Y15-24,15-24 anni,2014,226.08,,
A,Annuale,ITD,Nord-est,9,Totale,Y15-24,15-24 anni,2015,215.57,,
A,Annuale,ITD,Nord-est,9,Totale,Y15-24,15-24 anni,2016,235.492,,
A,Annuale,ITD,Nord-est,9,Totale,Y15-24,15-24 anni,2017,252.828,,
A,Annuale,ITD,Nord-est,9,Totale,Y15-24,15-24 anni,2018,252.999,,
A,Annuale,ITD,Nord-est,9,Totale,Y15-24,15-24 anni,2019,274.97,,
A,Annuale,ITD,Nord-est,9,Totale,Y15-24,15-24 anni,2020,248.386,,
A,Annuale,ITD,Nord-est,9,Totale,Y15-24,15-24 anni,2021,248.677,,
A,Annuale,ITD,Nord-est,9,Totale,Y15-24,15-24 anni,2022,288.605,,
A,Annuale,ITD,Nord-est,9,Totale,Y15-24,15-24 anni,2023,306.072,,
A,Annuale,ITD,Nord-est,9,Totale,Y15-24,15-24 anni,2024,280.89,,
A,Annuale,ITD,Nord-est,9,Totale,Y15-24,15-24 anni,2025,255.884,,
A,Annuale,ITD,Nord-est,9,Totale,Y25-34,25-34 anni,2004,1342.997,,
A,Annuale,ITD,Nord-est,9,Totale,Y25-34,25-34 anni,2005,1321.182,,
A,Annuale,ITD,Nord-est,9,Totale,Y25-34,25-34 anni,2006,1281.967,,
A,Annuale,ITD,Nord-est,9,Totale,Y25-34,25-34 anni,2007,1246.437,,
A,Annuale,ITD,Nord-est,9,Totale,Y25-34,25-34 anni,2008,1223.291,,
A,Annuale,ITD,Nord-est,9,Totale,Y25-34,25-34 anni,2009,1150.018,,
A,Annuale,ITD,Nord-est,9,Totale,Y25-34,25-34 anni,2010,1077.258,,
A,Annuale,ITD,Nord-est,9,Totale,Y25-34,25-34 anni,2011,1043.432,,
A,Annuale,ITD,Nord-est,9,Totale,Y25-34,25-34 anni,2012,987.983,,
A,Annuale,ITD,Nord-est,9,Totale,Y25-34,25-34 anni,2013,921.907,,
A,Annuale,ITD,Nord-est,9,Totale,Y25-34,25-34 anni,2014,894.779,,
A,Annuale,ITD,Nord-est,9,Totale,Y25-34,25-34 anni,2015,876.276,,
A,Annuale,ITD,Nord-est,9,Totale,Y25-34,25-34 anni,2016,881.344,,
A,Annuale,ITD,Nord-est,9,Totale,Y25-34,25-34 anni,2017,878.282,,
A,Annuale,ITD,Nord-est,9,Totale,Y25-34,25-34 anni,2018,894.547,,
A,Annuale,ITD,Nord-est,9,Totale,Y25-34,25-34 anni,2019,893.367,,
A,Annuale,ITD,Nord-est,9,Totale,Y25-34,25-34 anni,2020,859.793,,
A,Annuale,ITD,Nord-est,9,Totale,Y25-34,25-34 anni,2021,888.969,,
A,Annuale,ITD,Nord-est,9,Totale,Y25-34,25-34 anni,2022,930.684,,
A,Annuale,ITD,Nord-est,9,Totale,Y25-34,25-34 anni,2023,937.834,,
A,Annuale,ITD,Nord-est,9,Totale,Y25-34,25-34 anni,2024,951.335,,
A,Annuale,ITD,Nord-est,9,Totale,Y25-34,25-34 anni,2025,965.586,,
A,Annuale,ITD,Nord-est,9,Totale,Y15-34,15-34 anni,2004,1718.626,,
A,Annuale,ITD,Nord-est,9,Totale,Y15-34,15-34 anni,2005,1676.391,,
A,Annuale,ITD,Nord-est,9,Totale,Y15-34,15-34 anni,2006,1628.471,,
A,Annuale,ITD,Nord-est,9,Totale,Y15-34,15-34 anni,2007,1577.309,,
A,Annuale,ITD,Nord-est,9,Totale,Y15-34,15-34 anni,2008,1549.689,,
A,Annuale,ITD,Nord-est,9,Totale,Y15-34,15-34 anni,2009,1443.268,,
A,Annuale,ITD,Nord-est,9,Totale,Y15-34,15-34 anni,2010,1351.714,,
A,Annuale,ITD,Nord-est,9,Totale,Y15-34,15-34 anni,2011,1308.857,,
A,Annuale,ITD,Nord-est,9,Totale,Y15-34,15-34 anni,2012,1243.004,,
A,Annuale,ITD,Nord-est,9,Totale,Y15-34,15-34 anni,2013,1146.929,,
A,Annuale,ITD,Nord-est,9,Totale,Y15-34,15-34 anni,2014,1120.859,,
A,Annuale,ITD,Nord-est,9,Totale,Y15-34,15-34 anni,2015,1091.847,,
A,Annuale,ITD,Nord-est,9,Totale,Y15-34,15-34 anni,2016,1116.836,,
A,Annuale,ITD,Nord-est,9,Totale,Y15-34,15-34 anni,2017,1131.11,,
A,Annuale,ITD,Nord-est,9,Totale,Y15-34,15-34 anni,2018,1147.547,,
A,Annuale,ITD,Nord-est,9,Totale,Y15-34,15-34 anni,2019,1168.337,,
A,Annuale,ITD,Nord-est,9,Totale,Y15-34,15-34 anni,2020,1108.179,,
A,Annuale,ITD,Nord-est,9,Totale,Y15-34,15-34 anni,2021,1137.646,,
A,Annuale,ITD,Nord-est,9,Totale,Y15-34,15-34 anni,2022,1219.288,,
A,Annuale,ITD,Nord-est,9,Totale,Y15-34,15-34 anni,2023,1243.906,,
A,Annuale,ITD,Nord-est,9,Totale,Y15-34,15-34 anni,2024,1232.224,,
A,Annuale,ITD,Nord-est,9,Totale,Y15-34,15-34 anni,2025,1221.47,,
A,Annuale,ITD,Nord-est,9,Totale,Y35-49,35-49 anni,2004,2125.026,,
A,Annuale,ITD,Nord-est,9,Totale,Y35-49,35-49 anni,2005,2186.189,,
A,Annuale,ITD,Nord-est,9,Totale,Y35-49,35-49 anni,2006,2251.984,,
A,Annuale,ITD,Nord-est,9,Totale,Y35-49,35-49 anni,2007,2302.601,,
A,Annuale,ITD,Nord-est,9,Totale,Y35-49,35-49 anni,2008,2351.856,,
A,Annuale,ITD,Nord-est,9,Totale,Y35-49,35-49 anni,2009,2329.741,,
A,Annuale,ITD,Nord-est,9,Totale,Y35-49,35-49 anni,2010,2371.33,,
A,Annuale,ITD,Nord-est,9,Totale,Y35-49,35-49 anni,2011,2386.961,,
A,Annuale,ITD,Nord-est,9,Totale,Y35-49,35-49 anni,2012,2351.132,,
A,Annuale,ITD,Nord-est,9,Totale,Y35-49,35-49 anni,2013,2290.273,,
A,Annuale,ITD,Nord-est,9,Totale,Y35-49,35-49 anni,2014,2260.86,,
A,Annuale,ITD,Nord-est,9,Totale,Y35-49,35-49 anni,2015,2220.04,,
A,Annuale,ITD,Nord-est,9,Totale,Y35-49,35-49 anni,2016,2203.087,,
A,Annuale,ITD,Nord-est,9,Totale,Y35-49,35-49 anni,2017,2174.342,,
A,Annuale,ITD,Nord-est,9,Totale,Y35-49,35-49 anni,2018,2137.863,,
A,Annuale,ITD,Nord-est,9,Totale,Y35-49,35-49 anni,2019,2105.657,,
A,Annuale,ITD,Nord-est,9,Totale,Y35-49,35-49 anni,2020,2015.138,,
A,Annuale,ITD,Nord-est,9,Totale,Y35-49,35-49 anni,2021,1986.439,,
A,Annuale,ITD,Nord-est,9,Totale,Y35-49,35-49 anni,2022,1960.547,,
A,Annuale,ITD,Nord-est,9,Totale,Y35-49,35-49 anni,2023,1936.085,,
A,Annuale,ITD,Nord-est,9,Totale,Y35-49,35-49 anni,2024,1923.618,,
A,Annuale,ITD,Nord-est,9,Totale,Y35-49,35-49 anni,2025,1874.257,,
A,Annuale,ITD,Nord-est,9,Totale,Y50-64,50-64 anni,2004,889.211,,
A,Annuale,ITD,Nord-est,9,Totale,Y50-64,50-64 anni,2005,908.459,,
A,Annuale,ITD,Nord-est,9,Totale,Y50-64,50-64 anni,2006,961.272,,
A,Annuale,ITD,Nord-est,9,Totale,Y50-64,50-64 anni,2007,1021.425,,
A,Annuale,ITD,Nord-est,9,Totale,Y50-64,50-64 anni,2008,1071.115,,
A,Annuale,ITD,Nord-est,9,Totale,Y50-64,50-64 anni,2009,1084.23,,
A,Annuale,ITD,Nord-est,9,Totale,Y50-64,50-64 anni,2010,1115.572,,
A,Annuale,ITD,Nord-est,9,Totale,Y50-64,50-64 anni,2011,1189.401,,
A,Annuale,ITD,Nord-est,9,Totale,Y50-64,50-64 anni,2012,1261.796,,
A,Annuale,ITD,Nord-est,9,Totale,Y50-64,50-64 anni,2013,1319.111,,
A,Annuale,ITD,Nord-est,9,Totale,Y50-64,50-64 anni,2014,1396.194,,
A,Annuale,ITD,Nord-est,9,Totale,Y50-64,50-64 anni,2015,1469.714,,
A,Annuale,ITD,Nord-est,9,Totale,Y50-64,50-64 anni,2016,1545.671,,
A,Annuale,ITD,Nord-est,9,Totale,Y50-64,50-64 anni,2017,1619.37,,
A,Annuale,ITD,Nord-est,9,Totale,Y50-64,50-64 anni,2018,1691.227,,
A,Annuale,ITD,Nord-est,9,Totale,Y50-64,50-64 anni,2019,1762.217,,
A,Annuale,ITD,Nord-est,9,Totale,Y50-64,50-64 anni,2020,1757.664,,
A,Annuale,ITD,Nord-est,9,Totale,Y50-64,50-64 anni,2021,1769.803,,
A,Annuale,ITD,Nord-est,9,Totale,Y50-64,50-64 anni,2022,1835.08,,
A,Annuale,ITD,Nord-est,9,Totale,Y50-64,50-64 anni,2023,1931.101,,
A,Annuale,ITD,Nord-est,9,Totale,Y50-64,50-64 anni,2024,1967.125,,
A,Annuale,ITD,Nord-est,9,Totale,Y50-64,50-64 anni,2025,2034.366,,
A,Annuale,ITD,Nord-est,9,Totale,Y15-64,15-64 anni,2004,4732.864,,
A,Annuale,ITD,Nord-est,9,Totale,Y15-64,15-64 anni,2005,4771.039,,
A,Annuale,ITD,Nord-est,9,Totale,Y15-64,15-64 anni,2006,4841.727,,
A,Annuale,ITD,Nord-est,9,Totale,Y15-64,15-64 anni,2007,4901.334,,
A,Annuale,ITD,Nord-est,9,Totale,Y15-64,15-64 anni,2008,4972.66,,
A,Annuale,ITD,Nord-est,9,Totale,Y15-64,15-64 anni,2009,4857.239,,
A,Annuale,ITD,Nord-est,9,Totale,Y15-64,15-64 anni,2010,4838.616,,
A,Annuale,ITD,Nord-est,9,Totale,Y15-64,15-64 anni,2011,4885.22,,
A,Annuale,ITD,Nord-est,9,Totale,Y15-64,15-64 anni,2012,4855.932,,
A,Annuale,ITD,Nord-est,9,Totale,Y15-64,15-64 anni,2013,4756.313,,
A,Annuale,ITD,Nord-est,9,Totale,Y15-64,15-64 anni,2014,4777.913,,
A,Annuale,ITD,Nord-est,9,Totale,Y15-64,15-64 anni,2015,4781.601,,
A,Annuale,ITD,Nord-est,9,Totale,Y15-64,15-64 anni,2016,4865.594,,
A,Annuale,ITD,Nord-est,9,Totale,Y15-64,15-64 anni,2017,4924.822,,
A,Annuale,ITD,Nord-est,9,Totale,Y15-64,15-64 anni,2018,4976.636,,
A,Annuale,ITD,Nord-est,9,Totale,Y15-64,15-64 anni,2019,5036.21,,
A,Annuale,ITD,Nord-est,9,Totale,Y15-64,15-64 anni,2020,4880.981,,
A,Annuale,ITD,Nord-est,9,Totale,Y15-64,15-64 anni,2021,4893.887,,
A,Annuale,ITD,Nord-est,9,Totale,Y15-64,15-64 anni,2022,5014.916,,
A,Annuale,ITD,Nord-est,9,Totale,Y15-64,15-64 anni,2023,5111.092,,
A,Annuale,ITD,Nord-est,9,Totale,Y15-64,15-64 anni,2024,5122.967,,
A,Annuale,ITD,Nord-est,9,Totale,Y15-64,15-64 anni,2025,5130.093,,
A,Annuale,ITD,Nord-est,9,Totale,Y15-89,15-89 anni,2004,4809.568,,
A,Annuale,ITD,Nord-est,9,Totale,Y15-89,15-89 anni,2005,4848.859,,
A,Annuale,ITD,Nord-est,9,Totale,Y15-89,15-89 anni,2006,4928.537,,
A,Annuale,ITD,Nord-est,9,Totale,Y15-89,15-89 anni,2007,4986.032,,
A,Annuale,ITD,Nord-est,9,Totale,Y15-89,15-89 anni,2008,5059.872,,
A,Annuale,ITD,Nord-est,9,Totale,Y15-89,15-89 anni,2009,4938.591,,
A,Annuale,ITD,Nord-est,9,Totale,Y15-89,15-89 anni,2010,4920.869,,
A,Annuale,ITD,Nord-est,9,Totale,Y15-89,15-89 anni,2011,4972.217,,
A,Annuale,ITD,Nord-est,9,Totale,Y15-89,15-89 anni,2012,4949.621,,
A,Annuale,ITD,Nord-est,9,Totale,Y15-89,15-89 anni,2013,4856.221,,
A,Annuale,ITD,Nord-est,9,Totale,Y15-89,15-89 anni,2014,4885.959,,
A,Annuale,ITD,Nord-est,9,Totale,Y15-89,15-89 anni,2015,4888.438,,
A,Annuale,ITD,Nord-est,9,Totale,Y15-89,15-89 anni,2016,4980.69,,
A,Annuale,ITD,Nord-est,9,Totale,Y15-89,15-89 anni,2017,5053.964,,
A,Annuale,ITD,Nord-est,9,Totale,Y15-89,15-89 anni,2018,5123.504,,
A,Annuale,ITD,Nord-est,9,Totale,Y15-89,15-89 anni,2019,5188.001,,
A,Annuale,ITD,Nord-est,9,Totale,Y15-89,15-89 anni,2020,5034.056,,
A,Annuale,ITD,Nord-est,9,Totale,Y15-89,15-89 anni,2021,5056.348,,
A,Annuale,ITD,Nord-est,9,Totale,Y15-89,15-89 anni,2022,5173.471,,
A,Annuale,ITD,Nord-est,9,Totale,Y15-89,15-89 anni,2023,5276.524,,
A,Annuale,ITD,Nord-est,9,Totale,Y15-89,15-89 anni,2024,5301.427,,
A,Annuale,ITD,Nord-est,9,Totale,Y15-89,15-89 anni,2025,5316.67,,
A,Annuale,ITDA,Trentino Alto Adige / Südtirol,1,Maschi,Y15-24,15-24 anni,2018,19.611,,
A,Annuale,ITDA,Trentino Alto Adige / Südtirol,1,Maschi,Y15-24,15-24 anni,2019,21.779,,
A,Annuale,ITDA,Trentino Alto Adige / Südtirol,1,Maschi,Y15-24,15-24 anni,2020,21.638,,
A,Annuale,ITDA,Trentino Alto Adige / Südtirol,1,Maschi,Y15-24,15-24 anni,2021,22.104,,
A,Annuale,ITDA,Trentino Alto Adige / Südtirol,1,Maschi,Y15-24,15-24 anni,2022,22.728,,
A,Annuale,ITDA,Trentino Alto Adige / Südtirol,1,Maschi,Y15-24,15-24 anni,2023,22.392,,
A,Annuale,ITDA,Trentino Alto Adige / Südtirol,1,Maschi,Y15-24,15-24 anni,2024,21.672,,
A,Annuale,ITDA,Trentino Alto Adige / Südtirol,1,Maschi,Y15-24,15-24 anni,2025,21.705,,
A,Annuale,ITDA,Trentino Alto Adige / Südtirol,1,Maschi,Y25-34,25-34 anni,2018,51.938,,
A,Annuale,ITDA,Trentino Alto Adige / Südtirol,1,Maschi,Y25-34,25-34 anni,2019,51.16,,
A,Annuale,ITDA,Trentino Alto Adige / Südtirol,1,Maschi,Y25-34,25-34 anni,2020,50.535,,
A,Annuale,ITDA,Trentino Alto Adige / Südtirol,1,Maschi,Y25-34,25-34 anni,2021,50.103,,
A,Annuale,ITDA,Trentino Alto Adige / Südtirol,1,Maschi,Y25-34,25-34 anni,2022,53.587,,
A,Annuale,ITDA,Trentino Alto Adige / Südtirol,1,Maschi,Y25-34,25-34 anni,2023,53.809,,
A,Annuale,ITDA,Trentino Alto Adige / Südtirol,1,Maschi,Y25-34,25-34 anni,2024,54.555,,
A,Annuale,ITDA,Trentino Alto Adige / Südtirol,1,Maschi,Y25-34,25-34 anni,2025,55.165,,
A,Annuale,ITDA,Trentino Alto Adige / Südtirol,1,Maschi,Y15-34,15-34 anni,2018,71.55,,
A,Annuale,ITDA,Trentino Alto Adige / Südtirol,1,Maschi,Y15-34,15-34 anni,2019,72.94,,
A,Annuale,ITDA,Trentino Alto Adige / Südtirol,1,Maschi,Y15-34,15-34 anni,2020,72.173,,
A,Annuale,ITDA,Trentino Alto Adige / Südtirol,1,Maschi,Y15-34,15-34 anni,2021,72.206,,
A,Annuale,ITDA,Trentino Alto Adige / Südtirol,1,Maschi,Y15-34,15-34 anni,2022,76.315,,
A,Annuale,ITDA,Trentino Alto Adige / Südtirol,1,Maschi,Y15-34,15-34 anni,2023,76.202,,
A,Annuale,ITDA,Trentino Alto Adige / Südtirol,1,Maschi,Y15-34,15-34 anni,2024,76.227,,
A,Annuale,ITDA,Trentino Alto Adige / Südtirol,1,Maschi,Y15-34,15-34 anni,2025,76.87,,
A,Annuale,ITDA,Trentino Alto Adige / Südtirol,1,Maschi,Y35-49,35-49 anni,2018,104.526,,
A,Annuale,ITDA,Trentino Alto Adige / Südtirol,1,Maschi,Y35-49,35-49 anni,2019,102.928,,
A,Annuale,ITDA,Trentino Alto Adige / Südtirol,1,Maschi,Y35-49,35-49 anni,2020,99.571,,
A,Annuale,ITDA,Trentino Alto Adige / Südtirol,1,Maschi,Y35-49,35-49 anni,2021,99.007,,
A,Annuale,ITDA,Trentino Alto Adige / Südtirol,1,Maschi,Y35-49,35-49 anni,2022,98.389,,
A,Annuale,ITDA,Trentino Alto Adige / Südtirol,1,Maschi,Y35-49,35-49 anni,2023,95.866,,
A,Annuale,ITDA,Trentino Alto Adige / Südtirol,1,Maschi,Y35-49,35-49 anni,2024,95.993,,
A,Annuale,ITDA,Trentino Alto Adige / Südtirol,1,Maschi,Y35-49,35-49 anni,2025,95.054,,
A,Annuale,ITDA,Trentino Alto Adige / Südtirol,1,Maschi,Y50-64,50-64 anni,2018,86.357,,
A,Annuale,ITDA,Trentino Alto Adige / Südtirol,1,Maschi,Y50-64,50-64 anni,2019,89.348,,
A,Annuale,ITDA,Trentino Alto Adige / Südtirol,1,Maschi,Y50-64,50-64 anni,2020,88.381,,
A,Annuale,ITDA,Trentino Alto Adige / Südtirol,1,Maschi,Y50-64,50-64 anni,2021,88.331,,
A,Annuale,ITDA,Trentino Alto Adige / Südtirol,1,Maschi,Y50-64,50-64 anni,2022,91.713,,
A,Annuale,ITDA,Trentino Alto Adige / Südtirol,1,Maschi,Y50-64,50-64 anni,2023,94.154,,
A,Annuale,ITDA,Trentino Alto Adige / Südtirol,1,Maschi,Y50-64,50-64 anni,2024,96.769,,
A,Annuale,ITDA,Trentino Alto Adige / Südtirol,1,Maschi,Y50-64,50-64 anni,2025,97.351,,
A,Annuale,ITDA,Trentino Alto Adige / Südtirol,1,Maschi,Y15-64,15-64 anni,2018,262.433,,
A,Annuale,ITDA,Trentino Alto Adige / Südtirol,1,Maschi,Y15-64,15-64 anni,2019,265.215,,
A,Annuale,ITDA,Trentino Alto Adige / Südtirol,1,Maschi,Y15-64,15-64 anni,2020,260.126,,
A,Annuale,ITDA,Trentino Alto Adige / Südtirol,1,Maschi,Y15-64,15-64 anni,2021,259.545,,
A,Annuale,ITDA,Trentino Alto Adige / Südtirol,1,Maschi,Y15-64,15-64 anni,2022,266.417,,
A,Annuale,ITDA,Trentino Alto Adige / Südtirol,1,Maschi,Y15-64,15-64 anni,2023,266.222,,
A,Annuale,ITDA,Trentino Alto Adige / Südtirol,1,Maschi,Y15-64,15-64 anni,2024,268.989,,
A,Annuale,ITDA,Trentino Alto Adige / Südtirol,1,Maschi,Y15-64,15-64 anni,2025,269.275,,
A,Annuale,ITDA,Trentino Alto Adige / Südtirol,1,Maschi,Y15-89,15-89 anni,2018,270.559,,
A,Annuale,ITDA,Trentino Alto Adige / Südtirol,1,Maschi,Y15-89,15-89 anni,2019,273.202,,
A,Annuale,ITDA,Trentino Alto Adige / Südtirol,1,Maschi,Y15-89,15-89 anni,2020,267.864,,
A,Annuale,ITDA,Trentino Alto Adige / Südtirol,1,Maschi,Y15-89,15-89 anni,2021,268.984,,
A,Annuale,ITDA,Trentino Alto Adige / Südtirol,1,Maschi,Y15-89,15-89 anni,2022,276.217,,
A,Annuale,ITDA,Trentino Alto Adige / Südtirol,1,Maschi,Y15-89,15-89 anni,2023,276.467,,
A,Annuale,ITDA,Trentino Alto Adige / Südtirol,1,Maschi,Y15-89,15-89 anni,2024,278.172,,
A,Annuale,ITDA,Trentino Alto Adige / Südtirol,1,Maschi,Y15-89,15-89 anni,2025,279.004,,
A,Annuale,ITDA,Trentino Alto Adige / Südtirol,2,Femmine,Y15-24,15-24 anni,2018,15.725,,
A,Annuale,ITDA,Trentino Alto Adige / Südtirol,2,Femmine,Y15-24,15-24 anni,2019,15.901,,
A,Annuale,ITDA,Trentino Alto Adige / Südtirol,2,Femmine,Y15-24,15-24 anni,2020,13.933,,
A,Annuale,ITDA,Trentino Alto Adige / Südtirol,2,Femmine,Y15-24,15-24 anni,2021,14.518,,
A,Annuale,ITDA,Trentino Alto Adige / Südtirol,2,Femmine,Y15-24,15-24 anni,2022,17.023,,
A,Annuale,ITDA,Trentino Alto Adige / Südtirol,2,Femmine,Y15-24,15-24 anni,2023,15.762,,
A,Annuale,ITDA,Trentino Alto Adige / Südtirol,2,Femmine,Y15-24,15-24 anni,2024,13.509,,
A,Annuale,ITDA,Trentino Alto Adige / Südtirol,2,Femmine,Y15-24,15-24 anni,2025,10.907,,
A,Annuale,ITDA,Trentino Alto Adige / Südtirol,2,Femmine,Y25-34,25-34 anni,2018,42.312,,
A,Annuale,ITDA,Trentino Alto Adige / Südtirol,2,Femmine,Y25-34,25-34 anni,2019,42.33,,
A,Annuale,ITDA,Trentino Alto Adige / Südtirol,2,Femmine,Y25-34,25-34 anni,2020,39.696,,
A,Annuale,ITDA,Trentino Alto Adige / Südtirol,2,Femmine,Y25-34,25-34 anni,2021,39.863,,
A,Annuale,ITDA,Trentino Alto Adige / Südtirol,2,Femmine,Y25-34,25-34 anni,2022,42.285,,
A,Annuale,ITDA,Trentino Alto Adige / Südtirol,2,Femmine,Y25-34,25-34 anni,2023,43.315,,
A,Annuale,ITDA,Trentino Alto Adige / Südtirol,2,Femmine,Y25-34,25-34 anni,2024,45.585,,
A,Annuale,ITDA,Trentino Alto Adige / Südtirol,2,Femmine,Y25-34,25-34 anni,2025,45.253,,
A,Annuale,ITDA,Trentino Alto Adige / Südtirol,2,Femmine,Y15-34,15-34 anni,2018,58.036,,
A,Annuale,ITDA,Trentino Alto Adige / Südtirol,2,Femmine,Y15-34,15-34 anni,2019,58.231,,
A,Annuale,ITDA,Trentino Alto Adige / Südtirol,2,Femmine,Y15-34,15-34 anni,2020,53.629,,
A,Annuale,ITDA,Trentino Alto Adige / Südtirol,2,Femmine,Y15-34,15-34 anni,2021,54.381,,
A,Annuale,ITDA,Trentino Alto Adige / Südtirol,2,Femmine,Y15-34,15-34 anni,2022,59.308,,
A,Annuale,ITDA,Trentino Alto Adige / Südtirol,2,Femmine,Y15-34,15-34 anni,2023,59.077,,
A,Annuale,ITDA,Trentino Alto Adige / Südtirol,2,Femmine,Y15-34,15-34 anni,2024,59.094,,
A,Annuale,ITDA,Trentino Alto Adige / Südtirol,2,Femmine,Y15-34,15-34 anni,2025,56.16,,
A,Annuale,ITDA,Trentino Alto Adige / Südtirol,2,Femmine,Y35-49,35-49 anni,2018,90.287,,
A,Annuale,ITDA,Trentino Alto Adige / Südtirol,2,Femmine,Y35-49,35-49 anni,2019,88.199,,
A,Annuale,ITDA,Trentino Alto Adige / Südtirol,2,Femmine,Y35-49,35-49 anni,2020,84.814,,
A,Annuale,ITDA,Trentino Alto Adige / Südtirol,2,Femmine,Y35-49,35-49 anni,2021,83.746,,
A,Annuale,ITDA,Trentino Alto Adige / Südtirol,2,Femmine,Y35-49,35-49 anni,2022,84.853,,
A,Annuale,ITDA,Trentino Alto Adige / Südtirol,2,Femmine,Y35-49,35-49 anni,2023,83.467,,
A,Annuale,ITDA,Trentino Alto Adige / Südtirol,2,Femmine,Y35-49,35-49 anni,2024,82.566,,
A,Annuale,ITDA,Trentino Alto Adige / Südtirol,2,Femmine,Y35-49,35-49 anni,2025,81.915,,
A,Annuale,ITDA,Trentino Alto Adige / Südtirol,2,Femmine,Y50-64,50-64 anni,2018,72.744,,
A,Annuale,ITDA,Trentino Alto Adige / Südtirol,2,Femmine,Y50-64,50-64 anni,2019,75.624,,
A,Annuale,ITDA,Trentino Alto Adige / Südtirol,2,Femmine,Y50-64,50-64 anni,2020,74.912,,
A,Annuale,ITDA,Trentino Alto Adige / Südtirol,2,Femmine,Y50-64,50-64 anni,2021,75.101,,
A,Annuale,ITDA,Trentino Alto Adige / Südtirol,2,Femmine,Y50-64,50-64 anni,2022,80.792,,
A,Annuale,ITDA,Trentino Alto Adige / Südtirol,2,Femmine,Y50-64,50-64 anni,2023,83.328,,
A,Annuale,ITDA,Trentino Alto Adige / Südtirol,2,Femmine,Y50-64,50-64 anni,2024,85.839,,
A,Annuale,ITDA,Trentino Alto Adige / Südtirol,2,Femmine,Y50-64,50-64 anni,2025,92.072,,
A,Annuale,ITDA,Trentino Alto Adige / Südtirol,2,Femmine,Y15-64,15-64 anni,2018,221.066,,
A,Annuale,ITDA,Trentino Alto Adige / Südtirol,2,Femmine,Y15-64,15-64 anni,2019,222.054,,
A,Annuale,ITDA,Trentino Alto Adige / Südtirol,2,Femmine,Y15-64,15-64 anni,2020,213.355,,
A,Annuale,ITDA,Trentino Alto Adige / Südtirol,2,Femmine,Y15-64,15-64 anni,2021,213.228,,
A,Annuale,ITDA,Trentino Alto Adige / Südtirol,2,Femmine,Y15-64,15-64 anni,2022,224.953,,
A,Annuale,ITDA,Trentino Alto Adige / Südtirol,2,Femmine,Y15-64,15-64 anni,2023,225.872,,
A,Annuale,ITDA,Trentino Alto Adige / Südtirol,2,Femmine,Y15-64,15-64 anni,2024,227.5,,
A,Annuale,ITDA,Trentino Alto Adige / Südtirol,2,Femmine,Y15-64,15-64 anni,2025,230.147,,
A,Annuale,ITDA,Trentino Alto Adige / Südtirol,2,Femmine,Y15-89,15-89 anni,2018,225.612,,
A,Annuale,ITDA,Trentino Alto Adige / Südtirol,2,Femmine,Y15-89,15-89 anni,2019,226.964,,
A,Annuale,ITDA,Trentino Alto Adige / Südtirol,2,Femmine,Y15-89,15-89 anni,2020,218.311,,
A,Annuale,ITDA,Trentino Alto Adige / Südtirol,2,Femmine,Y15-89,15-89 anni,2021,218.097,,
A,Annuale,ITDA,Trentino Alto Adige / Südtirol,2,Femmine,Y15-89,15-89 anni,2022,230.103,,
A,Annuale,ITDA,Trentino Alto Adige / Südtirol,2,Femmine,Y15-89,15-89 anni,2023,231.241,,
A,Annuale,ITDA,Trentino Alto Adige / Südtirol,2,Femmine,Y15-89,15-89 anni,2024,233.087,,
A,Annuale,ITDA,Trentino Alto Adige / Südtirol,2,Femmine,Y15-89,15-89 anni,2025,235.916,,
A,Annuale,ITDA,Trentino Alto Adige / Südtirol,9,Totale,Y15-24,15-24 anni,2018,35.336,,
A,Annuale,ITDA,Trentino Alto Adige / Südtirol,9,Totale,Y15-24,15-24 anni,2019,37.681,,
A,Annuale,ITDA,Trentino Alto Adige / Südtirol,9,Totale,Y15-24,15-24 anni,2020,35.571,,
A,Annuale,ITDA,Trentino Alto Adige / Südtirol,9,Totale,Y15-24,15-24 anni,2021,36.622,,
A,Annuale,ITDA,Trentino Alto Adige / Südtirol,9,Totale,Y15-24,15-24 anni,2022,39.751,,
A,Annuale,ITDA,Trentino Alto Adige / Südtirol,9,Totale,Y15-24,15-24 anni,2023,38.155,,
A,Annuale,ITDA,Trentino Alto Adige / Südtirol,9,Totale,Y15-24,15-24 anni,2024,35.181,,
A,Annuale,ITDA,Trentino Alto Adige / Südtirol,9,Totale,Y15-24,15-24 anni,2025,32.611,,
A,Annuale,ITDA,Trentino Alto Adige / Südtirol,9,Totale,Y25-34,25-34 anni,2018,94.25,,
A,Annuale,ITDA,Trentino Alto Adige / Südtirol,9,Totale,Y25-34,25-34 anni,2019,93.49,,
A,Annuale,ITDA,Trentino Alto Adige / Südtirol,9,Totale,Y25-34,25-34 anni,2020,90.231,,
A,Annuale,ITDA,Trentino Alto Adige / Südtirol,9,Totale,Y25-34,25-34 anni,2021,89.966,,
A,Annuale,ITDA,Trentino Alto Adige / Südtirol,9,Totale,Y25-34,25-34 anni,2022,95.872,,
A,Annuale,ITDA,Trentino Alto Adige / Südtirol,9,Totale,Y25-34,25-34 anni,2023,97.124,,
A,Annuale,ITDA,Trentino Alto Adige / Südtirol,9,Totale,Y25-34,25-34 anni,2024,100.14,,
A,Annuale,ITDA,Trentino Alto Adige / Südtirol,9,Totale,Y25-34,25-34 anni,2025,100.418,,
A,Annuale,ITDA,Trentino Alto Adige / Südtirol,9,Totale,Y15-34,15-34 anni,2018,129.586,,
A,Annuale,ITDA,Trentino Alto Adige / Südtirol,9,Totale,Y15-34,15-34 anni,2019,131.171,,
A,Annuale,ITDA,Trentino Alto Adige / Südtirol,9,Totale,Y15-34,15-34 anni,2020,125.802,,
A,Annuale,ITDA,Trentino Alto Adige / Südtirol,9,Totale,Y15-34,15-34 anni,2021,126.588,,
A,Annuale,ITDA,Trentino Alto Adige / Südtirol,9,Totale,Y15-34,15-34 anni,2022,135.623,,
A,Annuale,ITDA,Trentino Alto Adige / Südtirol,9,Totale,Y15-34,15-34 anni,2023,135.279,,
A,Annuale,ITDA,Trentino Alto Adige / Südtirol,9,Totale,Y15-34,15-34 anni,2024,135.321,,
A,Annuale,ITDA,Trentino Alto Adige / Südtirol,9,Totale,Y15-34,15-34 anni,2025,133.029,,
A,Annuale,ITDA,Trentino Alto Adige / Südtirol,9,Totale,Y35-49,35-49 anni,2018,194.813,,
A,Annuale,ITDA,Trentino Alto Adige / Südtirol,9,Totale,Y35-49,35-49 anni,2019,191.127,,
A,Annuale,ITDA,Trentino Alto Adige / Südtirol,9,Totale,Y35-49,35-49 anni,2020,184.385,,
A,Annuale,ITDA,Trentino Alto Adige / Südtirol,9,Totale,Y35-49,35-49 anni,2021,182.753,,
A,Annuale,ITDA,Trentino Alto Adige / Südtirol,9,Totale,Y35-49,35-49 anni,2022,183.242,,
A,Annuale,ITDA,Trentino Alto Adige / Südtirol,9,Totale,Y35-49,35-49 anni,2023,179.334,,
A,Annuale,ITDA,Trentino Alto Adige / Südtirol,9,Totale,Y35-49,35-49 anni,2024,178.56,,
A,Annuale,ITDA,Trentino Alto Adige / Südtirol,9,Totale,Y35-49,35-49 anni,2025,176.969,,
A,Annuale,ITDA,Trentino Alto Adige / Südtirol,9,Totale,Y50-64,50-64 anni,2018,159.101,,
A,Annuale,ITDA,Trentino Alto Adige / Südtirol,9,Totale,Y50-64,50-64 anni,2019,164.972,,
A,Annuale,ITDA,Trentino Alto Adige / Südtirol,9,Totale,Y50-64,50-64 anni,2020,163.293,,
A,Annuale,ITDA,Trentino Alto Adige / Südtirol,9,Totale,Y50-64,50-64 anni,2021,163.432,,
A,Annuale,ITDA,Trentino Alto Adige / Südtirol,9,Totale,Y50-64,50-64 anni,2022,172.504,,
A,Annuale,ITDA,Trentino Alto Adige / Südtirol,9,Totale,Y50-64,50-64 anni,2023,177.481,,
A,Annuale,ITDA,Trentino Alto Adige / Südtirol,9,Totale,Y50-64,50-64 anni,2024,182.608,,
A,Annuale,ITDA,Trentino Alto Adige / Südtirol,9,Totale,Y50-64,50-64 anni,2025,189.423,,
A,Annuale,ITDA,Trentino Alto Adige / Südtirol,9,Totale,Y15-64,15-64 anni,2018,483.499,,
A,Annuale,ITDA,Trentino Alto Adige / Südtirol,9,Totale,Y15-64,15-64 anni,2019,487.27,,
A,Annuale,ITDA,Trentino Alto Adige / Südtirol,9,Totale,Y15-64,15-64 anni,2020,473.48,,
A,Annuale,ITDA,Trentino Alto Adige / Südtirol,9,Totale,Y15-64,15-64 anni,2021,472.773,,
A,Annuale,ITDA,Trentino Alto Adige / Südtirol,9,Totale,Y15-64,15-64 anni,2022,491.37,,
A,Annuale,ITDA,Trentino Alto Adige / Südtirol,9,Totale,Y15-64,15-64 anni,2023,492.093,,
A,Annuale,ITDA,Trentino Alto Adige / Südtirol,9,Totale,Y15-64,15-64 anni,2024,496.489,,
A,Annuale,ITDA,Trentino Alto Adige / Südtirol,9,Totale,Y15-64,15-64 anni,2025,499.421,,
A,Annuale,ITDA,Trentino Alto Adige / Südtirol,9,Totale,Y15-89,15-89 anni,2018,496.172,,
A,Annuale,ITDA,Trentino Alto Adige / Südtirol,9,Totale,Y15-89,15-89 anni,2019,500.166,,
A,Annuale,ITDA,Trentino Alto Adige / Südtirol,9,Totale,Y15-89,15-89 anni,2020,486.176,,
A,Annuale,ITDA,Trentino Alto Adige / Südtirol,9,Totale,Y15-89,15-89 anni,2021,487.081,,
A,Annuale,ITDA,Trentino Alto Adige / Südtirol,9,Totale,Y15-89,15-89 anni,2022,506.32,,
A,Annuale,ITDA,Trentino Alto Adige / Südtirol,9,Totale,Y15-89,15-89 anni,2023,507.708,,
A,Annuale,ITDA,Trentino Alto Adige / Südtirol,9,Totale,Y15-89,15-89 anni,2024,511.259,,
A,Annuale,ITDA,Trentino Alto Adige / Südtirol,9,Totale,Y15-89,15-89 anni,2025,514.92,,
A,Annuale,ITD1,Provincia Autonoma Bolzano / Bozen,1,Maschi,Y15-24,15-24 anni,2018,11.169,,
A,Annuale,ITD1,Provincia Autonoma Bolzano / Bozen,1,Maschi,Y15-24,15-24 anni,2019,12.907,,
A,Annuale,ITD1,Provincia Autonoma Bolzano / Bozen,1,Maschi,Y15-24,15-24 anni,2020,13.128,,
A,Annuale,ITD1,Provincia Autonoma Bolzano / Bozen,1,Maschi,Y15-24,15-24 anni,2021,12.635,,
A,Annuale,ITD1,Provincia Autonoma Bolzano / Bozen,1,Maschi,Y15-24,15-24 anni,2022,12.69,,
A,Annuale,ITD1,Provincia Autonoma Bolzano / Bozen,1,Maschi,Y15-24,15-24 anni,2023,12.437,,
A,Annuale,ITD1,Provincia Autonoma Bolzano / Bozen,1,Maschi,Y15-24,15-24 anni,2024,12.404,,
A,Annuale,ITD1,Provincia Autonoma Bolzano / Bozen,1,Maschi,Y15-24,15-24 anni,2025,11.149,,
A,Annuale,ITD1,Provincia Autonoma Bolzano / Bozen,1,Maschi,Y25-34,25-34 anni,2018,26.938,,
A,Annuale,ITD1,Provincia Autonoma Bolzano / Bozen,1,Maschi,Y25-34,25-34 anni,2019,26.637,,
A,Annuale,ITD1,Provincia Autonoma Bolzano / Bozen,1,Maschi,Y25-34,25-34 anni,2020,26.519,,
A,Annuale,ITD1,Provincia Autonoma Bolzano / Bozen,1,Maschi,Y25-34,25-34 anni,2021,25.905,,
A,Annuale,ITD1,Provincia Autonoma Bolzano / Bozen,1,Maschi,Y25-34,25-34 anni,2022,27.61,,
A,Annuale,ITD1,Provincia Autonoma Bolzano / Bozen,1,Maschi,Y25-34,25-34 anni,2023,27.173,,
A,Annuale,ITD1,Provincia Autonoma Bolzano / Bozen,1,Maschi,Y25-34,25-34 anni,2024,27.542,,
A,Annuale,ITD1,Provincia Autonoma Bolzano / Bozen,1,Maschi,Y25-34,25-34 anni,2025,28.614,,
A,Annuale,ITD1,Provincia Autonoma Bolzano / Bozen,1,Maschi,Y15-34,15-34 anni,2018,38.107,,
A,Annuale,ITD1,Provincia Autonoma Bolzano / Bozen,1,Maschi,Y15-34,15-34 anni,2019,39.544,,
A,Annuale,ITD1,Provincia Autonoma Bolzano / Bozen,1,Maschi,Y15-34,15-34 anni,2020,39.647,,
A,Annuale,ITD1,Provincia Autonoma Bolzano / Bozen,1,Maschi,Y15-34,15-34 anni,2021,38.54,,
A,Annuale,ITD1,Provincia Autonoma Bolzano / Bozen,1,Maschi,Y15-34,15-34 anni,2022,40.3,,
A,Annuale,ITD1,Provincia Autonoma Bolzano / Bozen,1,Maschi,Y15-34,15-34 anni,2023,39.61,,
A,Annuale,ITD1,Provincia Autonoma Bolzano / Bozen,1,Maschi,Y15-34,15-34 anni,2024,39.946,,
A,Annuale,ITD1,Provincia Autonoma Bolzano / Bozen,1,Maschi,Y15-34,15-34 anni,2025,39.763,,
A,Annuale,ITD1,Provincia Autonoma Bolzano / Bozen,1,Maschi,Y35-49,35-49 anni,2018,52.657,,
A,Annuale,ITD1,Provincia Autonoma Bolzano / Bozen,1,Maschi,Y35-49,35-49 anni,2019,52.051,,
A,Annuale,ITD1,Provincia Autonoma Bolzano / Bozen,1,Maschi,Y35-49,35-49 anni,2020,50.541,,
A,Annuale,ITD1,Provincia Autonoma Bolzano / Bozen,1,Maschi,Y35-49,35-49 anni,2021,49.689,,
A,Annuale,ITD1,Provincia Autonoma Bolzano / Bozen,1,Maschi,Y35-49,35-49 anni,2022,49.86,,
A,Annuale,ITD1,Provincia Autonoma Bolzano / Bozen,1,Maschi,Y35-49,35-49 anni,2023,48.343,,
A,Annuale,ITD1,Provincia Autonoma Bolzano / Bozen,1,Maschi,Y35-49,35-49 anni,2024,48.222,,
A,Annuale,ITD1,Provincia Autonoma Bolzano / Bozen,1,Maschi,Y35-49,35-49 anni,2025,48.331,,
A,Annuale,ITD1,Provincia Autonoma Bolzano / Bozen,1,Maschi,Y50-64,50-64 anni,2018,43.339,,
A,Annuale,ITD1,Provincia Autonoma Bolzano / Bozen,1,Maschi,Y50-64,50-64 anni,2019,44.758,,
A,Annuale,ITD1,Provincia Autonoma Bolzano / Bozen,1,Maschi,Y50-64,50-64 anni,2020,44.954,,
A,Annuale,ITD1,Provincia Autonoma Bolzano / Bozen,1,Maschi,Y50-64,50-64 anni,2021,45.293,,
A,Annuale,ITD1,Provincia Autonoma Bolzano / Bozen,1,Maschi,Y50-64,50-64 anni,2022,46.525,,
A,Annuale,ITD1,Provincia Autonoma Bolzano / Bozen,1,Maschi,Y50-64,50-64 anni,2023,48.188,,
A,Annuale,ITD1,Provincia Autonoma Bolzano / Bozen,1,Maschi,Y50-64,50-64 anni,2024,49.033,,
A,Annuale,ITD1,Provincia Autonoma Bolzano / Bozen,1,Maschi,Y50-64,50-64 anni,2025,49.117,,
A,Annuale,ITD1,Provincia Autonoma Bolzano / Bozen,1,Maschi,Y15-64,15-64 anni,2018,134.102,,
A,Annuale,ITD1,Provincia Autonoma Bolzano / Bozen,1,Maschi,Y15-64,15-64 anni,2019,136.353,,
A,Annuale,ITD1,Provincia Autonoma Bolzano / Bozen,1,Maschi,Y15-64,15-64 anni,2020,135.142,,
A,Annuale,ITD1,Provincia Autonoma Bolzano / Bozen,1,Maschi,Y15-64,15-64 anni,2021,133.522,,
A,Annuale,ITD1,Provincia Autonoma Bolzano / Bozen,1,Maschi,Y15-64,15-64 anni,2022,136.685,,
A,Annuale,ITD1,Provincia Autonoma Bolzano / Bozen,1,Maschi,Y15-64,15-64 anni,2023,136.141,,
A,Annuale,ITD1,Provincia Autonoma Bolzano / Bozen,1,Maschi,Y15-64,15-64 anni,2024,137.201,,
A,Annuale,ITD1,Provincia Autonoma Bolzano / Bozen,1,Maschi,Y15-64,15-64 anni,2025,137.211,,
A,Annuale,ITD1,Provincia Autonoma Bolzano / Bozen,1,Maschi,Y15-89,15-89 anni,2018,138.604,,
A,Annuale,ITD1,Provincia Autonoma Bolzano / Bozen,1,Maschi,Y15-89,15-89 anni,2019,140.785,,
A,Annuale,ITD1,Provincia Autonoma Bolzano / Bozen,1,Maschi,Y15-89,15-89 anni,2020,139.368,,
A,Annuale,ITD1,Provincia Autonoma Bolzano / Bozen,1,Maschi,Y15-89,15-89 anni,2021,138.602,,
A,Annuale,ITD1,Provincia Autonoma Bolzano / Bozen,1,Maschi,Y15-89,15-89 anni,2022,142.719,,
A,Annuale,ITD1,Provincia Autonoma Bolzano / Bozen,1,Maschi,Y15-89,15-89 anni,2023,142.398,,
A,Annuale,ITD1,Provincia Autonoma Bolzano / Bozen,1,Maschi,Y15-89,15-89 anni,2024,141.592,,
A,Annuale,ITD1,Provincia Autonoma Bolzano / Bozen,1,Maschi,Y15-89,15-89 anni,2025,141.735,,
A,Annuale,ITD1,Provincia Autonoma Bolzano / Bozen,2,Femmine,Y15-24,15-24 anni,2018,9.592,,
A,Annuale,ITD1,Provincia Autonoma Bolzano / Bozen,2,Femmine,Y15-24,15-24 anni,2019,9.548,,
A,Annuale,ITD1,Provincia Autonoma Bolzano / Bozen,2,Femmine,Y15-24,15-24 anni,2020,7.999,,
A,Annuale,ITD1,Provincia Autonoma Bolzano / Bozen,2,Femmine,Y15-24,15-24 anni,2021,8.828,,
A,Annuale,ITD1,Provincia Autonoma Bolzano / Bozen,2,Femmine,Y15-24,15-24 anni,2022,10.532,,
A,Annuale,ITD1,Provincia Autonoma Bolzano / Bozen,2,Femmine,Y15-24,15-24 anni,2023,9.009,,
A,Annuale,ITD1,Provincia Autonoma Bolzano / Bozen,2,Femmine,Y15-24,15-24 anni,2024,7.245,,
A,Annuale,ITD1,Provincia Autonoma Bolzano / Bozen,2,Femmine,Y15-24,15-24 anni,2025,6.5,,
A,Annuale,ITD1,Provincia Autonoma Bolzano / Bozen,2,Femmine,Y25-34,25-34 anni,2018,22.323,,
A,Annuale,ITD1,Provincia Autonoma Bolzano / Bozen,2,Femmine,Y25-34,25-34 anni,2019,22.466,,
A,Annuale,ITD1,Provincia Autonoma Bolzano / Bozen,2,Femmine,Y25-34,25-34 anni,2020,20.632,,
A,Annuale,ITD1,Provincia Autonoma Bolzano / Bozen,2,Femmine,Y25-34,25-34 anni,2021,20.159,,
A,Annuale,ITD1,Provincia Autonoma Bolzano / Bozen,2,Femmine,Y25-34,25-34 anni,2022,21.587,,
A,Annuale,ITD1,Provincia Autonoma Bolzano / Bozen,2,Femmine,Y25-34,25-34 anni,2023,21.582,,
A,Annuale,ITD1,Provincia Autonoma Bolzano / Bozen,2,Femmine,Y25-34,25-34 anni,2024,21.913,,
A,Annuale,ITD1,Provincia Autonoma Bolzano / Bozen,2,Femmine,Y25-34,25-34 anni,2025,21.861,,
A,Annuale,ITD1,Provincia Autonoma Bolzano / Bozen,2,Femmine,Y15-34,15-34 anni,2018,31.916,,
A,Annuale,ITD1,Provincia Autonoma Bolzano / Bozen,2,Femmine,Y15-34,15-34 anni,2019,32.014,,
A,Annuale,ITD1,Provincia Autonoma Bolzano / Bozen,2,Femmine,Y15-34,15-34 anni,2020,28.631,,
A,Annuale,ITD1,Provincia Autonoma Bolzano / Bozen,2,Femmine,Y15-34,15-34 anni,2021,28.988,,
A,Annuale,ITD1,Provincia Autonoma Bolzano / Bozen,2,Femmine,Y15-34,15-34 anni,2022,32.12,,
A,Annuale,ITD1,Provincia Autonoma Bolzano / Bozen,2,Femmine,Y15-34,15-34 anni,2023,30.591,,
A,Annuale,ITD1,Provincia Autonoma Bolzano / Bozen,2,Femmine,Y15-34,15-34 anni,2024,29.158,,
A,Annuale,ITD1,Provincia Autonoma Bolzano / Bozen,2,Femmine,Y15-34,15-34 anni,2025,28.361,,
A,Annuale,ITD1,Provincia Autonoma Bolzano / Bozen,2,Femmine,Y35-49,35-49 anni,2018,46.499,,
A,Annuale,ITD1,Provincia Autonoma Bolzano / Bozen,2,Femmine,Y35-49,35-49 anni,2019,45.195,,
A,Annuale,ITD1,Provincia Autonoma Bolzano / Bozen,2,Femmine,Y35-49,35-49 anni,2020,42.391,,
A,Annuale,ITD1,Provincia Autonoma Bolzano / Bozen,2,Femmine,Y35-49,35-49 anni,2021,41.513,,
A,Annuale,ITD1,Provincia Autonoma Bolzano / Bozen,2,Femmine,Y35-49,35-49 anni,2022,42.768,,
A,Annuale,ITD1,Provincia Autonoma Bolzano / Bozen,2,Femmine,Y35-49,35-49 anni,2023,42.787,,
A,Annuale,ITD1,Provincia Autonoma Bolzano / Bozen,2,Femmine,Y35-49,35-49 anni,2024,42.567,,
A,Annuale,ITD1,Provincia Autonoma Bolzano / Bozen,2,Femmine,Y35-49,35-49 anni,2025,41.6,,
A,Annuale,ITD1,Provincia Autonoma Bolzano / Bozen,2,Femmine,Y50-64,50-64 anni,2018,36.622,,
A,Annuale,ITD1,Provincia Autonoma Bolzano / Bozen,2,Femmine,Y50-64,50-64 anni,2019,38.543,,
A,Annuale,ITD1,Provincia Autonoma Bolzano / Bozen,2,Femmine,Y50-64,50-64 anni,2020,39.147,,
A,Annuale,ITD1,Provincia Autonoma Bolzano / Bozen,2,Femmine,Y50-64,50-64 anni,2021,37.618,,
A,Annuale,ITD1,Provincia Autonoma Bolzano / Bozen,2,Femmine,Y50-64,50-64 anni,2022,42.223,,
A,Annuale,ITD1,Provincia Autonoma Bolzano / Bozen,2,Femmine,Y50-64,50-64 anni,2023,43.373,,
A,Annuale,ITD1,Provincia Autonoma Bolzano / Bozen,2,Femmine,Y50-64,50-64 anni,2024,44.224,,
A,Annuale,ITD1,Provincia Autonoma Bolzano / Bozen,2,Femmine,Y50-64,50-64 anni,2025,46.179,,
A,Annuale,ITD1,Provincia Autonoma Bolzano / Bozen,2,Femmine,Y15-64,15-64 anni,2018,115.037,,
A,Annuale,ITD1,Provincia Autonoma Bolzano / Bozen,2,Femmine,Y15-64,15-64 anni,2019,115.753,,
A,Annuale,ITD1,Provincia Autonoma Bolzano / Bozen,2,Femmine,Y15-64,15-64 anni,2020,110.168,,
A,Annuale,ITD1,Provincia Autonoma Bolzano / Bozen,2,Femmine,Y15-64,15-64 anni,2021,108.118,,
A,Annuale,ITD1,Provincia Autonoma Bolzano / Bozen,2,Femmine,Y15-64,15-64 anni,2022,117.111,,
A,Annuale,ITD1,Provincia Autonoma Bolzano / Bozen,2,Femmine,Y15-64,15-64 anni,2023,116.751,,
A,Annuale,ITD1,Provincia Autonoma Bolzano / Bozen,2,Femmine,Y15-64,15-64 anni,2024,115.949,,
A,Annuale,ITD1,Provincia Autonoma Bolzano / Bozen,2,Femmine,Y15-64,15-64 anni,2025,116.14,,
A,Annuale,ITD1,Provincia Autonoma Bolzano / Bozen,2,Femmine,Y15-89,15-89 anni,2018,118.028,,
A,Annuale,ITD1,Provincia Autonoma Bolzano / Bozen,2,Femmine,Y15-89,15-89 anni,2019,118.739,,
A,Annuale,ITD1,Provincia Autonoma Bolzano / Bozen,2,Femmine,Y15-89,15-89 anni,2020,112.952,,
A,Annuale,ITD1,Provincia Autonoma Bolzano / Bozen,2,Femmine,Y15-89,15-89 anni,2021,111.119,,
A,Annuale,ITD1,Provincia Autonoma Bolzano / Bozen,2,Femmine,Y15-89,15-89 anni,2022,120.393,,
A,Annuale,ITD1,Provincia Autonoma Bolzano / Bozen,2,Femmine,Y15-89,15-89 anni,2023,119.951,,
A,Annuale,ITD1,Provincia Autonoma Bolzano / Bozen,2,Femmine,Y15-89,15-89 anni,2024,119.312,,
A,Annuale,ITD1,Provincia Autonoma Bolzano / Bozen,2,Femmine,Y15-89,15-89 anni,2025,119.162,,
A,Annuale,ITD1,Provincia Autonoma Bolzano / Bozen,9,Totale,Y15-24,15-24 anni,2018,20.761,,
A,Annuale,ITD1,Provincia Autonoma Bolzano / Bozen,9,Totale,Y15-24,15-24 anni,2019,22.455,,
A,Annuale,ITD1,Provincia Autonoma Bolzano / Bozen,9,Totale,Y15-24,15-24 anni,2020,21.127,,
A,Annuale,ITD1,Provincia Autonoma Bolzano / Bozen,9,Totale,Y15-24,15-24 anni,2021,21.464,,
A,Annuale,ITD1,Provincia Autonoma Bolzano / Bozen,9,Totale,Y15-24,15-24 anni,2022,23.222,,
A,Annuale,ITD1,Provincia Autonoma Bolzano / Bozen,9,Totale,Y15-24,15-24 anni,2023,21.445,,
A,Annuale,ITD1,Provincia Autonoma Bolzano / Bozen,9,Totale,Y15-24,15-24 anni,2024,19.649,,
A,Annuale,ITD1,Provincia Autonoma Bolzano / Bozen,9,Totale,Y15-24,15-24 anni,2025,17.649,,
A,Annuale,ITD1,Provincia Autonoma Bolzano / Bozen,9,Totale,Y25-34,25-34 anni,2018,49.261,,
A,Annuale,ITD1,Provincia Autonoma Bolzano / Bozen,9,Totale,Y25-34,25-34 anni,2019,49.103,,
A,Annuale,ITD1,Provincia Autonoma Bolzano / Bozen,9,Totale,Y25-34,25-34 anni,2020,47.151,,
A,Annuale,ITD1,Provincia Autonoma Bolzano / Bozen,9,Totale,Y25-34,25-34 anni,2021,46.064,,
A,Annuale,ITD1,Provincia Autonoma Bolzano / Bozen,9,Totale,Y25-34,25-34 anni,2022,49.197,,
A,Annuale,ITD1,Provincia Autonoma Bolzano / Bozen,9,Totale,Y25-34,25-34 anni,2023,48.755,,
A,Annuale,ITD1,Provincia Autonoma Bolzano / Bozen,9,Totale,Y25-34,25-34 anni,2024,49.454,,
A,Annuale,ITD1,Provincia Autonoma Bolzano / Bozen,9,Totale,Y25-34,25-34 anni,2025,50.475,,
A,Annuale,ITD1,Provincia Autonoma Bolzano / Bozen,9,Totale,Y15-34,15-34 anni,2018,70.022,,
A,Annuale,ITD1,Provincia Autonoma Bolzano / Bozen,9,Totale,Y15-34,15-34 anni,2019,71.558,,
A,Annuale,ITD1,Provincia Autonoma Bolzano / Bozen,9,Totale,Y15-34,15-34 anni,2020,68.278,,
A,Annuale,ITD1,Provincia Autonoma Bolzano / Bozen,9,Totale,Y15-34,15-34 anni,2021,67.528,,
A,Annuale,ITD1,Provincia Autonoma Bolzano / Bozen,9,Totale,Y15-34,15-34 anni,2022,72.419,,
A,Annuale,ITD1,Provincia Autonoma Bolzano / Bozen,9,Totale,Y15-34,15-34 anni,2023,70.2,,
A,Annuale,ITD1,Provincia Autonoma Bolzano / Bozen,9,Totale,Y15-34,15-34 anni,2024,69.104,,
A,Annuale,ITD1,Provincia Autonoma Bolzano / Bozen,9,Totale,Y15-34,15-34 anni,2025,68.124,,
A,Annuale,ITD1,Provincia Autonoma Bolzano / Bozen,9,Totale,Y35-49,35-49 anni,2018,99.156,,
A,Annuale,ITD1,Provincia Autonoma Bolzano / Bozen,9,Totale,Y35-49,35-49 anni,2019,97.246,,
A,Annuale,ITD1,Provincia Autonoma Bolzano / Bozen,9,Totale,Y35-49,35-49 anni,2020,92.932,,
A,Annuale,ITD1,Provincia Autonoma Bolzano / Bozen,9,Totale,Y35-49,35-49 anni,2021,91.201,,
A,Annuale,ITD1,Provincia Autonoma Bolzano / Bozen,9,Totale,Y35-49,35-49 anni,2022,92.628,,
A,Annuale,ITD1,Provincia Autonoma Bolzano / Bozen,9,Totale,Y35-49,35-49 anni,2023,91.131,,
A,Annuale,ITD1,Provincia Autonoma Bolzano / Bozen,9,Totale,Y35-49,35-49 anni,2024,90.789,,
A,Annuale,ITD1,Provincia Autonoma Bolzano / Bozen,9,Totale,Y35-49,35-49 anni,2025,89.931,,
A,Annuale,ITD1,Provincia Autonoma Bolzano / Bozen,9,Totale,Y50-64,50-64 anni,2018,79.961,,
A,Annuale,ITD1,Provincia Autonoma Bolzano / Bozen,9,Totale,Y50-64,50-64 anni,2019,83.301,,
A,Annuale,ITD1,Provincia Autonoma Bolzano / Bozen,9,Totale,Y50-64,50-64 anni,2020,84.101,,
A,Annuale,ITD1,Provincia Autonoma Bolzano / Bozen,9,Totale,Y50-64,50-64 anni,2021,82.91,,
A,Annuale,ITD1,Provincia Autonoma Bolzano / Bozen,9,Totale,Y50-64,50-64 anni,2022,88.748,,
A,Annuale,ITD1,Provincia Autonoma Bolzano / Bozen,9,Totale,Y50-64,50-64 anni,2023,91.561,,
A,Annuale,ITD1,Provincia Autonoma Bolzano / Bozen,9,Totale,Y50-64,50-64 anni,2024,93.258,,
A,Annuale,ITD1,Provincia Autonoma Bolzano / Bozen,9,Totale,Y50-64,50-64 anni,2025,95.296,,
A,Annuale,ITD1,Provincia Autonoma Bolzano / Bozen,9,Totale,Y15-64,15-64 anni,2018,249.139,,
A,Annuale,ITD1,Provincia Autonoma Bolzano / Bozen,9,Totale,Y15-64,15-64 anni,2019,252.105,,
A,Annuale,ITD1,Provincia Autonoma Bolzano / Bozen,9,Totale,Y15-64,15-64 anni,2020,245.31,,
A,Annuale,ITD1,Provincia Autonoma Bolzano / Bozen,9,Totale,Y15-64,15-64 anni,2021,241.639,,
A,Annuale,ITD1,Provincia Autonoma Bolzano / Bozen,9,Totale,Y15-64,15-64 anni,2022,253.796,,
A,Annuale,ITD1,Provincia Autonoma Bolzano / Bozen,9,Totale,Y15-64,15-64 anni,2023,252.892,,
A,Annuale,ITD1,Provincia Autonoma Bolzano / Bozen,9,Totale,Y15-64,15-64 anni,2024,253.15,,
A,Annuale,ITD1,Provincia Autonoma Bolzano / Bozen,9,Totale,Y15-64,15-64 anni,2025,253.351,,
A,Annuale,ITD1,Provincia Autonoma Bolzano / Bozen,9,Totale,Y15-89,15-89 anni,2018,256.632,,
A,Annuale,ITD1,Provincia Autonoma Bolzano / Bozen,9,Totale,Y15-89,15-89 anni,2019,259.524,,
A,Annuale,ITD1,Provincia Autonoma Bolzano / Bozen,9,Totale,Y15-89,15-89 anni,2020,252.32,,
A,Annuale,ITD1,Provincia Autonoma Bolzano / Bozen,9,Totale,Y15-89,15-89 anni,2021,249.721,,
A,Annuale,ITD1,Provincia Autonoma Bolzano / Bozen,9,Totale,Y15-89,15-89 anni,2022,263.111,,
A,Annuale,ITD1,Provincia Autonoma Bolzano / Bozen,9,Totale,Y15-89,15-89 anni,2023,262.35,,
A,Annuale,ITD1,Provincia Autonoma Bolzano / Bozen,9,Totale,Y15-89,15-89 anni,2024,260.904,,
A,Annuale,ITD1,Provincia Autonoma Bolzano / Bozen,9,Totale,Y15-89,15-89 anni,2025,260.897,,
A,Annuale,ITD2,Provincia Autonoma Trento,1,Maschi,Y15-24,15-24 anni,2018,8.442,,
A,Annuale,ITD2,Provincia Autonoma Trento,1,Maschi,Y15-24,15-24 anni,2019,8.873,,
A,Annuale,ITD2,Provincia Autonoma Trento,1,Maschi,Y15-24,15-24 anni,2020,8.51,,
A,Annuale,ITD2,Provincia Autonoma Trento,1,Maschi,Y15-24,15-24 anni,2021,9.468,,
A,Annuale,ITD2,Provincia Autonoma Trento,1,Maschi,Y15-24,15-24 anni,2022,10.039,,
A,Annuale,ITD2,Provincia Autonoma Trento,1,Maschi,Y15-24,15-24 anni,2023,9.955,,
A,Annuale,ITD2,Provincia Autonoma Trento,1,Maschi,Y15-24,15-24 anni,2024,9.268,,
A,Annuale,ITD2,Provincia Autonoma Trento,1,Maschi,Y15-24,15-24 anni,2025,10.556,,
A,Annuale,ITD2,Provincia Autonoma Trento,1,Maschi,Y25-34,25-34 anni,2018,25.001,,
A,Annuale,ITD2,Provincia Autonoma Trento,1,Maschi,Y25-34,25-34 anni,2019,24.523,,
A,Annuale,ITD2,Provincia Autonoma Trento,1,Maschi,Y25-34,25-34 anni,2020,24.017,,
A,Annuale,ITD2,Provincia Autonoma Trento,1,Maschi,Y25-34,25-34 anni,2021,24.198,,
A,Annuale,ITD2,Provincia Autonoma Trento,1,Maschi,Y25-34,25-34 anni,2022,25.977,,
A,Annuale,ITD2,Provincia Autonoma Trento,1,Maschi,Y25-34,25-34 anni,2023,26.636,,
A,Annuale,ITD2,Provincia Autonoma Trento,1,Maschi,Y25-34,25-34 anni,2024,27.013,,
A,Annuale,ITD2,Provincia Autonoma Trento,1,Maschi,Y25-34,25-34 anni,2025,26.551,,
A,Annuale,ITD2,Provincia Autonoma Trento,1,Maschi,Y15-34,15-34 anni,2018,33.443,,
A,Annuale,ITD2,Provincia Autonoma Trento,1,Maschi,Y15-34,15-34 anni,2019,33.396,,
A,Annuale,ITD2,Provincia Autonoma Trento,1,Maschi,Y15-34,15-34 anni,2020,32.526,,
A,Annuale,ITD2,Provincia Autonoma Trento,1,Maschi,Y15-34,15-34 anni,2021,33.666,,
A,Annuale,ITD2,Provincia Autonoma Trento,1,Maschi,Y15-34,15-34 anni,2022,36.015,,
A,Annuale,ITD2,Provincia Autonoma Trento,1,Maschi,Y15-34,15-34 anni,2023,36.592,,
A,Annuale,ITD2,Provincia Autonoma Trento,1,Maschi,Y15-34,15-34 anni,2024,36.281,,
A,Annuale,ITD2,Provincia Autonoma Trento,1,Maschi,Y15-34,15-34 anni,2025,37.107,,
A,Annuale,ITD2,Provincia Autonoma Trento,1,Maschi,Y35-49,35-49 anni,2018,51.869,,
A,Annuale,ITD2,Provincia Autonoma Trento,1,Maschi,Y35-49,35-49 anni,2019,50.877,,
A,Annuale,ITD2,Provincia Autonoma Trento,1,Maschi,Y35-49,35-49 anni,2020,49.03,,
A,Annuale,ITD2,Provincia Autonoma Trento,1,Maschi,Y35-49,35-49 anni,2021,49.319,,
A,Annuale,ITD2,Provincia Autonoma Trento,1,Maschi,Y35-49,35-49 anni,2022,48.529,,
A,Annuale,ITD2,Provincia Autonoma Trento,1,Maschi,Y35-49,35-49 anni,2023,47.523,,
A,Annuale,ITD2,Provincia Autonoma Trento,1,Maschi,Y35-49,35-49 anni,2024,47.771,,
A,Annuale,ITD2,Provincia Autonoma Trento,1,Maschi,Y35-49,35-49 anni,2025,46.723,,
A,Annuale,ITD2,Provincia Autonoma Trento,1,Maschi,Y50-64,50-64 anni,2018,43.019,,
A,Annuale,ITD2,Provincia Autonoma Trento,1,Maschi,Y50-64,50-64 anni,2019,44.589,,
A,Annuale,ITD2,Provincia Autonoma Trento,1,Maschi,Y50-64,50-64 anni,2020,43.427,,
A,Annuale,ITD2,Provincia Autonoma Trento,1,Maschi,Y50-64,50-64 anni,2021,43.038,,
A,Annuale,ITD2,Provincia Autonoma Trento,1,Maschi,Y50-64,50-64 anni,2022,45.187,,
A,Annuale,ITD2,Provincia Autonoma Trento,1,Maschi,Y50-64,50-64 anni,2023,45.966,,
A,Annuale,ITD2,Provincia Autonoma Trento,1,Maschi,Y50-64,50-64 anni,2024,47.735,,
A,Annuale,ITD2,Provincia Autonoma Trento,1,Maschi,Y50-64,50-64 anni,2025,48.234,,
A,Annuale,ITD2,Provincia Autonoma Trento,1,Maschi,Y15-64,15-64 anni,2018,128.331,,
A,Annuale,ITD2,Provincia Autonoma Trento,1,Maschi,Y15-64,15-64 anni,2019,128.862,,
A,Annuale,ITD2,Provincia Autonoma Trento,1,Maschi,Y15-64,15-64 anni,2020,124.983,,
A,Annuale,ITD2,Provincia Autonoma Trento,1,Maschi,Y15-64,15-64 anni,2021,126.023,,
A,Annuale,ITD2,Provincia Autonoma Trento,1,Maschi,Y15-64,15-64 anni,2022,129.731,,
A,Annuale,ITD2,Provincia Autonoma Trento,1,Maschi,Y15-64,15-64 anni,2023,130.081,,
A,Annuale,ITD2,Provincia Autonoma Trento,1,Maschi,Y15-64,15-64 anni,2024,131.788,,
A,Annuale,ITD2,Provincia Autonoma Trento,1,Maschi,Y15-64,15-64 anni,2025,132.064,,
A,Annuale,ITD2,Provincia Autonoma Trento,1,Maschi,Y15-89,15-89 anni,2018,131.955,,
A,Annuale,ITD2,Provincia Autonoma Trento,1,Maschi,Y15-89,15-89 anni,2019,132.417,,
A,Annuale,ITD2,Provincia Autonoma Trento,1,Maschi,Y15-89,15-89 anni,2020,128.496,,
A,Annuale,ITD2,Provincia Autonoma Trento,1,Maschi,Y15-89,15-89 anni,2021,130.382,,
A,Annuale,ITD2,Provincia Autonoma Trento,1,Maschi,Y15-89,15-89 anni,2022,133.498,,
A,Annuale,ITD2,Provincia Autonoma Trento,1,Maschi,Y15-89,15-89 anni,2023,134.068,,
A,Annuale,ITD2,Provincia Autonoma Trento,1,Maschi,Y15-89,15-89 anni,2024,136.58,,
A,Annuale,ITD2,Provincia Autonoma Trento,1,Maschi,Y15-89,15-89 anni,2025,137.269,,
A,Annuale,ITD2,Provincia Autonoma Trento,2,Femmine,Y15-24,15-24 anni,2018,6.132,,
A,Annuale,ITD2,Provincia Autonoma Trento,2,Femmine,Y15-24,15-24 anni,2019,6.353,,
A,Annuale,ITD2,Provincia Autonoma Trento,2,Femmine,Y15-24,15-24 anni,2020,5.934,,
A,Annuale,ITD2,Provincia Autonoma Trento,2,Femmine,Y15-24,15-24 anni,2021,5.69,,
A,Annuale,ITD2,Provincia Autonoma Trento,2,Femmine,Y15-24,15-24 anni,2022,6.491,,
A,Annuale,ITD2,Provincia Autonoma Trento,2,Femmine,Y15-24,15-24 anni,2023,6.754,,
A,Annuale,ITD2,Provincia Autonoma Trento,2,Femmine,Y15-24,15-24 anni,2024,6.264,,
A,Annuale,ITD2,Provincia Autonoma Trento,2,Femmine,Y15-24,15-24 anni,2025,4.407,,
A,Annuale,ITD2,Provincia Autonoma Trento,2,Femmine,Y25-34,25-34 anni,2018,19.988,,
A,Annuale,ITD2,Provincia Autonoma Trento,2,Femmine,Y25-34,25-34 anni,2019,19.864,,
A,Annuale,ITD2,Provincia Autonoma Trento,2,Femmine,Y25-34,25-34 anni,2020,19.064,,
A,Annuale,ITD2,Provincia Autonoma Trento,2,Femmine,Y25-34,25-34 anni,2021,19.704,,
A,Annuale,ITD2,Provincia Autonoma Trento,2,Femmine,Y25-34,25-34 anni,2022,20.698,,
A,Annuale,ITD2,Provincia Autonoma Trento,2,Femmine,Y25-34,25-34 anni,2023,21.733,,
A,Annuale,ITD2,Provincia Autonoma Trento,2,Femmine,Y25-34,25-34 anni,2024,23.672,,
A,Annuale,ITD2,Provincia Autonoma Trento,2,Femmine,Y25-34,25-34 anni,2025,23.392,,
A,Annuale,ITD2,Provincia Autonoma Trento,2,Femmine,Y15-34,15-34 anni,2018,26.12,,
A,Annuale,ITD2,Provincia Autonoma Trento,2,Femmine,Y15-34,15-34 anni,2019,26.217,,
A,Annuale,ITD2,Provincia Autonoma Trento,2,Femmine,Y15-34,15-34 anni,2020,24.998,,
A,Annuale,ITD2,Provincia Autonoma Trento,2,Femmine,Y15-34,15-34 anni,2021,25.394,,
A,Annuale,ITD2,Provincia Autonoma Trento,2,Femmine,Y15-34,15-34 anni,2022,27.189,,
A,Annuale,ITD2,Provincia Autonoma Trento,2,Femmine,Y15-34,15-34 anni,2023,28.486,,
A,Annuale,ITD2,Provincia Autonoma Trento,2,Femmine,Y15-34,15-34 anni,2024,29.936,,
A,Annuale,ITD2,Provincia Autonoma Trento,2,Femmine,Y15-34,15-34 anni,2025,27.799,,
A,Annuale,ITD2,Provincia Autonoma Trento,2,Femmine,Y35-49,35-49 anni,2018,43.788,,
A,Annuale,ITD2,Provincia Autonoma Trento,2,Femmine,Y35-49,35-49 anni,2019,43.004,,
A,Annuale,ITD2,Provincia Autonoma Trento,2,Femmine,Y35-49,35-49 anni,2020,42.423,,
A,Annuale,ITD2,Provincia Autonoma Trento,2,Femmine,Y35-49,35-49 anni,2021,42.233,,
A,Annuale,ITD2,Provincia Autonoma Trento,2,Femmine,Y35-49,35-49 anni,2022,42.085,,
A,Annuale,ITD2,Provincia Autonoma Trento,2,Femmine,Y35-49,35-49 anni,2023,40.68,,
A,Annuale,ITD2,Provincia Autonoma Trento,2,Femmine,Y35-49,35-49 anni,2024,40,,
A,Annuale,ITD2,Provincia Autonoma Trento,2,Femmine,Y35-49,35-49 anni,2025,40.315,,
A,Annuale,ITD2,Provincia Autonoma Trento,2,Femmine,Y50-64,50-64 anni,2018,36.121,,
A,Annuale,ITD2,Provincia Autonoma Trento,2,Femmine,Y50-64,50-64 anni,2019,37.081,,
A,Annuale,ITD2,Provincia Autonoma Trento,2,Femmine,Y50-64,50-64 anni,2020,35.765,,
A,Annuale,ITD2,Provincia Autonoma Trento,2,Femmine,Y50-64,50-64 anni,2021,37.483,,
A,Annuale,ITD2,Provincia Autonoma Trento,2,Femmine,Y50-64,50-64 anni,2022,38.569,,
A,Annuale,ITD2,Provincia Autonoma Trento,2,Femmine,Y50-64,50-64 anni,2023,39.955,,
A,Annuale,ITD2,Provincia Autonoma Trento,2,Femmine,Y50-64,50-64 anni,2024,41.615,,
A,Annuale,ITD2,Provincia Autonoma Trento,2,Femmine,Y50-64,50-64 anni,2025,45.893,,
A,Annuale,ITD2,Provincia Autonoma Trento,2,Femmine,Y15-64,15-64 anni,2018,106.03,,
A,Annuale,ITD2,Provincia Autonoma Trento,2,Femmine,Y15-64,15-64 anni,2019,106.302,,
A,Annuale,ITD2,Provincia Autonoma Trento,2,Femmine,Y15-64,15-64 anni,2020,103.187,,
A,Annuale,ITD2,Provincia Autonoma Trento,2,Femmine,Y15-64,15-64 anni,2021,105.11,,
A,Annuale,ITD2,Provincia Autonoma Trento,2,Femmine,Y15-64,15-64 anni,2022,107.843,,
A,Annuale,ITD2,Provincia Autonoma Trento,2,Femmine,Y15-64,15-64 anni,2023,109.121,,
A,Annuale,ITD2,Provincia Autonoma Trento,2,Femmine,Y15-64,15-64 anni,2024,111.551,,
A,Annuale,ITD2,Provincia Autonoma Trento,2,Femmine,Y15-64,15-64 anni,2025,114.007,,
A,Annuale,ITD2,Provincia Autonoma Trento,2,Femmine,Y15-89,15-89 anni,2018,107.584,,
A,Annuale,ITD2,Provincia Autonoma Trento,2,Femmine,Y15-89,15-89 anni,2019,108.225,,
A,Annuale,ITD2,Provincia Autonoma Trento,2,Femmine,Y15-89,15-89 anni,2020,105.36,,
A,Annuale,ITD2,Provincia Autonoma Trento,2,Femmine,Y15-89,15-89 anni,2021,106.978,,
A,Annuale,ITD2,Provincia Autonoma Trento,2,Femmine,Y15-89,15-89 anni,2022,109.711,,
A,Annuale,ITD2,Provincia Autonoma Trento,2,Femmine,Y15-89,15-89 anni,2023,111.29,,
A,Annuale,ITD2,Provincia Autonoma Trento,2,Femmine,Y15-89,15-89 anni,2024,113.776,,
A,Annuale,ITD2,Provincia Autonoma Trento,2,Femmine,Y15-89,15-89 anni,2025,116.754,,
A,Annuale,ITD2,Provincia Autonoma Trento,9,Totale,Y15-24,15-24 anni,2018,14.574,,
A,Annuale,ITD2,Provincia Autonoma Trento,9,Totale,Y15-24,15-24 anni,2019,15.226,,
A,Annuale,ITD2,Provincia Autonoma Trento,9,Totale,Y15-24,15-24 anni,2020,14.444,,
A,Annuale,ITD2,Provincia Autonoma Trento,9,Totale,Y15-24,15-24 anni,2021,15.158,,
A,Annuale,ITD2,Provincia Autonoma Trento,9,Totale,Y15-24,15-24 anni,2022,16.529,,
A,Annuale,ITD2,Provincia Autonoma Trento,9,Totale,Y15-24,15-24 anni,2023,16.709,,
A,Annuale,ITD2,Provincia Autonoma Trento,9,Totale,Y15-24,15-24 anni,2024,15.532,,
A,Annuale,ITD2,Provincia Autonoma Trento,9,Totale,Y15-24,15-24 anni,2025,14.963,,
A,Annuale,ITD2,Provincia Autonoma Trento,9,Totale,Y25-34,25-34 anni,2018,44.989,,
A,Annuale,ITD2,Provincia Autonoma Trento,9,Totale,Y25-34,25-34 anni,2019,44.387,,
A,Annuale,ITD2,Provincia Autonoma Trento,9,Totale,Y25-34,25-34 anni,2020,43.08,,
A,Annuale,ITD2,Provincia Autonoma Trento,9,Totale,Y25-34,25-34 anni,2021,43.902,,
A,Annuale,ITD2,Provincia Autonoma Trento,9,Totale,Y25-34,25-34 anni,2022,46.675,,
A,Annuale,ITD2,Provincia Autonoma Trento,9,Totale,Y25-34,25-34 anni,2023,48.369,,
A,Annuale,ITD2,Provincia Autonoma Trento,9,Totale,Y25-34,25-34 anni,2024,50.686,,
A,Annuale,ITD2,Provincia Autonoma Trento,9,Totale,Y25-34,25-34 anni,2025,49.943,,
A,Annuale,ITD2,Provincia Autonoma Trento,9,Totale,Y15-34,15-34 anni,2018,59.563,,
A,Annuale,ITD2,Provincia Autonoma Trento,9,Totale,Y15-34,15-34 anni,2019,59.613,,
A,Annuale,ITD2,Provincia Autonoma Trento,9,Totale,Y15-34,15-34 anni,2020,57.524,,
A,Annuale,ITD2,Provincia Autonoma Trento,9,Totale,Y15-34,15-34 anni,2021,59.06,,
A,Annuale,ITD2,Provincia Autonoma Trento,9,Totale,Y15-34,15-34 anni,2022,63.204,,
A,Annuale,ITD2,Provincia Autonoma Trento,9,Totale,Y15-34,15-34 anni,2023,65.078,,
A,Annuale,ITD2,Provincia Autonoma Trento,9,Totale,Y15-34,15-34 anni,2024,66.218,,
A,Annuale,ITD2,Provincia Autonoma Trento,9,Totale,Y15-34,15-34 anni,2025,64.906,,
A,Annuale,ITD2,Provincia Autonoma Trento,9,Totale,Y35-49,35-49 anni,2018,95.657,,
A,Annuale,ITD2,Provincia Autonoma Trento,9,Totale,Y35-49,35-49 anni,2019,93.881,,
A,Annuale,ITD2,Provincia Autonoma Trento,9,Totale,Y35-49,35-49 anni,2020,91.453,,
A,Annuale,ITD2,Provincia Autonoma Trento,9,Totale,Y35-49,35-49 anni,2021,91.552,,
A,Annuale,ITD2,Provincia Autonoma Trento,9,Totale,Y35-49,35-49 anni,2022,90.614,,
A,Annuale,ITD2,Provincia Autonoma Trento,9,Totale,Y35-49,35-49 anni,2023,88.203,,
A,Annuale,ITD2,Provincia Autonoma Trento,9,Totale,Y35-49,35-49 anni,2024,87.771,,
A,Annuale,ITD2,Provincia Autonoma Trento,9,Totale,Y35-49,35-49 anni,2025,87.038,,
A,Annuale,ITD2,Provincia Autonoma Trento,9,Totale,Y50-64,50-64 anni,2018,79.14,,
A,Annuale,ITD2,Provincia Autonoma Trento,9,Totale,Y50-64,50-64 anni,2019,81.67,,
A,Annuale,ITD2,Provincia Autonoma Trento,9,Totale,Y50-64,50-64 anni,2020,79.192,,
A,Annuale,ITD2,Provincia Autonoma Trento,9,Totale,Y50-64,50-64 anni,2021,80.522,,
A,Annuale,ITD2,Provincia Autonoma Trento,9,Totale,Y50-64,50-64 anni,2022,83.756,,
A,Annuale,ITD2,Provincia Autonoma Trento,9,Totale,Y50-64,50-64 anni,2023,85.92,,
A,Annuale,ITD2,Provincia Autonoma Trento,9,Totale,Y50-64,50-64 anni,2024,89.35,,
A,Annuale,ITD2,Provincia Autonoma Trento,9,Totale,Y50-64,50-64 anni,2025,94.126,,
A,Annuale,ITD2,Provincia Autonoma Trento,9,Totale,Y15-64,15-64 anni,2018,234.36,,
A,Annuale,ITD2,Provincia Autonoma Trento,9,Totale,Y15-64,15-64 anni,2019,235.164,,
A,Annuale,ITD2,Provincia Autonoma Trento,9,Totale,Y15-64,15-64 anni,2020,228.17,,
A,Annuale,ITD2,Provincia Autonoma Trento,9,Totale,Y15-64,15-64 anni,2021,231.133,,
A,Annuale,ITD2,Provincia Autonoma Trento,9,Totale,Y15-64,15-64 anni,2022,237.574,,
A,Annuale,ITD2,Provincia Autonoma Trento,9,Totale,Y15-64,15-64 anni,2023,239.202,,
A,Annuale,ITD2,Provincia Autonoma Trento,9,Totale,Y15-64,15-64 anni,2024,243.339,,
A,Annuale,ITD2,Provincia Autonoma Trento,9,Totale,Y15-64,15-64 anni,2025,246.07,,
A,Annuale,ITD2,Provincia Autonoma Trento,9,Totale,Y15-89,15-89 anni,2018,239.539,,
A,Annuale,ITD2,Provincia Autonoma Trento,9,Totale,Y15-89,15-89 anni,2019,240.642,,
A,Annuale,ITD2,Provincia Autonoma Trento,9,Totale,Y15-89,15-89 anni,2020,233.856,,
A,Annuale,ITD2,Provincia Autonoma Trento,9,Totale,Y15-89,15-89 anni,2021,237.36,,
A,Annuale,ITD2,Provincia Autonoma Trento,9,Totale,Y15-89,15-89 anni,2022,243.209,,
A,Annuale,ITD2,Provincia Autonoma Trento,9,Totale,Y15-89,15-89 anni,2023,245.358,,
A,Annuale,ITD2,Provincia Autonoma Trento,9,Totale,Y15-89,15-89 anni,2024,250.355,,
A,Annuale,ITD2,Provincia Autonoma Trento,9,Totale,Y15-89,15-89 anni,2025,254.023,,
A,Annuale,ITD3,Veneto,1,Maschi,Y15-24,15-24 anni,2018,62.829,,
A,Annuale,ITD3,Veneto,1,Maschi,Y15-24,15-24 anni,2019,68.621,,
A,Annuale,ITD3,Veneto,1,Maschi,Y15-24,15-24 anni,2020,66.481,,
A,Annuale,ITD3,Veneto,1,Maschi,Y15-24,15-24 anni,2021,66.583,,
A,Annuale,ITD3,Veneto,1,Maschi,Y15-24,15-24 anni,2022,75.389,,
A,Annuale,ITD3,Veneto,1,Maschi,Y15-24,15-24 anni,2023,81.787,,
A,Annuale,ITD3,Veneto,1,Maschi,Y15-24,15-24 anni,2024,72.66,,
A,Annuale,ITD3,Veneto,1,Maschi,Y15-24,15-24 anni,2025,63.555,,
A,Annuale,ITD3,Veneto,1,Maschi,Y25-34,25-34 anni,2018,207.024,,
A,Annuale,ITD3,Veneto,1,Maschi,Y25-34,25-34 anni,2019,209.588,,
A,Annuale,ITD3,Veneto,1,Maschi,Y25-34,25-34 anni,2020,202.472,,
A,Annuale,ITD3,Veneto,1,Maschi,Y25-34,25-34 anni,2021,207.697,,
A,Annuale,ITD3,Veneto,1,Maschi,Y25-34,25-34 anni,2022,219.55,,
A,Annuale,ITD3,Veneto,1,Maschi,Y25-34,25-34 anni,2023,221.366,,
A,Annuale,ITD3,Veneto,1,Maschi,Y25-34,25-34 anni,2024,228.672,,
A,Annuale,ITD3,Veneto,1,Maschi,Y25-34,25-34 anni,2025,228.878,,
A,Annuale,ITD3,Veneto,1,Maschi,Y15-34,15-34 anni,2018,269.853,,
A,Annuale,ITD3,Veneto,1,Maschi,Y15-34,15-34 anni,2019,278.209,,
A,Annuale,ITD3,Veneto,1,Maschi,Y15-34,15-34 anni,2020,268.953,,
A,Annuale,ITD3,Veneto,1,Maschi,Y15-34,15-34 anni,2021,274.28,,
A,Annuale,ITD3,Veneto,1,Maschi,Y15-34,15-34 anni,2022,294.939,,
A,Annuale,ITD3,Veneto,1,Maschi,Y15-34,15-34 anni,2023,303.154,,
A,Annuale,ITD3,Veneto,1,Maschi,Y15-34,15-34 anni,2024,301.332,,
A,Annuale,ITD3,Veneto,1,Maschi,Y15-34,15-34 anni,2025,292.434,,
A,Annuale,ITD3,Veneto,1,Maschi,Y35-49,35-49 anni,2018,497.042,,
A,Annuale,ITD3,Veneto,1,Maschi,Y35-49,35-49 anni,2019,489.303,,
A,Annuale,ITD3,Veneto,1,Maschi,Y35-49,35-49 anni,2020,469.703,,
A,Annuale,ITD3,Veneto,1,Maschi,Y35-49,35-49 anni,2021,453.292,,
A,Annuale,ITD3,Veneto,1,Maschi,Y35-49,35-49 anni,2022,449.277,,
A,Annuale,ITD3,Veneto,1,Maschi,Y35-49,35-49 anni,2023,442.975,,
A,Annuale,ITD3,Veneto,1,Maschi,Y35-49,35-49 anni,2024,439.631,,
A,Annuale,ITD3,Veneto,1,Maschi,Y35-49,35-49 anni,2025,436.275,,
A,Annuale,ITD3,Veneto,1,Maschi,Y50-64,50-64 anni,2018,398.533,,
A,Annuale,ITD3,Veneto,1,Maschi,Y50-64,50-64 anni,2019,416.285,,
A,Annuale,ITD3,Veneto,1,Maschi,Y50-64,50-64 anni,2020,418.332,,
A,Annuale,ITD3,Veneto,1,Maschi,Y50-64,50-64 anni,2021,411.094,,
A,Annuale,ITD3,Veneto,1,Maschi,Y50-64,50-64 anni,2022,429.231,,
A,Annuale,ITD3,Veneto,1,Maschi,Y50-64,50-64 anni,2023,457.267,,
A,Annuale,ITD3,Veneto,1,Maschi,Y50-64,50-64 anni,2024,465.483,,
A,Annuale,ITD3,Veneto,1,Maschi,Y50-64,50-64 anni,2025,473.899,,
A,Annuale,ITD3,Veneto,1,Maschi,Y15-64,15-64 anni,2018,1165.428,,
A,Annuale,ITD3,Veneto,1,Maschi,Y15-64,15-64 anni,2019,1183.796,,
A,Annuale,ITD3,Veneto,1,Maschi,Y15-64,15-64 anni,2020,1156.988,,
A,Annuale,ITD3,Veneto,1,Maschi,Y15-64,15-64 anni,2021,1138.666,,
A,Annuale,ITD3,Veneto,1,Maschi,Y15-64,15-64 anni,2022,1173.447,,
A,Annuale,ITD3,Veneto,1,Maschi,Y15-64,15-64 anni,2023,1203.396,,
A,Annuale,ITD3,Veneto,1,Maschi,Y15-64,15-64 anni,2024,1206.446,,
A,Annuale,ITD3,Veneto,1,Maschi,Y15-64,15-64 anni,2025,1202.608,,
A,Annuale,ITD3,Veneto,1,Maschi,Y15-89,15-89 anni,2018,1208.793,,
A,Annuale,ITD3,Veneto,1,Maschi,Y15-89,15-89 anni,2019,1226.206,,
A,Annuale,ITD3,Veneto,1,Maschi,Y15-89,15-89 anni,2020,1196.425,,
A,Annuale,ITD3,Veneto,1,Maschi,Y15-89,15-89 anni,2021,1180.769,,
A,Annuale,ITD3,Veneto,1,Maschi,Y15-89,15-89 anni,2022,1216.827,,
A,Annuale,ITD3,Veneto,1,Maschi,Y15-89,15-89 anni,2023,1251.88,,
A,Annuale,ITD3,Veneto,1,Maschi,Y15-89,15-89 anni,2024,1260.763,,
A,Annuale,ITD3,Veneto,1,Maschi,Y15-89,15-89 anni,2025,1255.248,,
A,Annuale,ITD3,Veneto,2,Femmine,Y15-24,15-24 anni,2018,43.126,,
A,Annuale,ITD3,Veneto,2,Femmine,Y15-24,15-24 anni,2019,49.894,,
A,Annuale,ITD3,Veneto,2,Femmine,Y15-24,15-24 anni,2020,37.319,,
A,Annuale,ITD3,Veneto,2,Femmine,Y15-24,15-24 anni,2021,38.121,,
A,Annuale,ITD3,Veneto,2,Femmine,Y15-24,15-24 anni,2022,51.714,,
A,Annuale,ITD3,Veneto,2,Femmine,Y15-24,15-24 anni,2023,56.159,,
A,Annuale,ITD3,Veneto,2,Femmine,Y15-24,15-24 anni,2024,42.292,,
A,Annuale,ITD3,Veneto,2,Femmine,Y15-24,15-24 anni,2025,46.718,,
A,Annuale,ITD3,Veneto,2,Femmine,Y25-34,25-34 anni,2018,174.352,,
A,Annuale,ITD3,Veneto,2,Femmine,Y25-34,25-34 anni,2019,167.818,,
A,Annuale,ITD3,Veneto,2,Femmine,Y25-34,25-34 anni,2020,159.318,,
A,Annuale,ITD3,Veneto,2,Femmine,Y25-34,25-34 anni,2021,166.968,,
A,Annuale,ITD3,Veneto,2,Femmine,Y25-34,25-34 anni,2022,170.191,,
A,Annuale,ITD3,Veneto,2,Femmine,Y25-34,25-34 anni,2023,173.151,,
A,Annuale,ITD3,Veneto,2,Femmine,Y25-34,25-34 anni,2024,172.33,,
A,Annuale,ITD3,Veneto,2,Femmine,Y25-34,25-34 anni,2025,175.309,,
A,Annuale,ITD3,Veneto,2,Femmine,Y15-34,15-34 anni,2018,217.478,,
A,Annuale,ITD3,Veneto,2,Femmine,Y15-34,15-34 anni,2019,217.713,,
A,Annuale,ITD3,Veneto,2,Femmine,Y15-34,15-34 anni,2020,196.636,,
A,Annuale,ITD3,Veneto,2,Femmine,Y15-34,15-34 anni,2021,205.089,,
A,Annuale,ITD3,Veneto,2,Femmine,Y15-34,15-34 anni,2022,221.905,,
A,Annuale,ITD3,Veneto,2,Femmine,Y15-34,15-34 anni,2023,229.31,,
A,Annuale,ITD3,Veneto,2,Femmine,Y15-34,15-34 anni,2024,214.622,,
A,Annuale,ITD3,Veneto,2,Femmine,Y15-34,15-34 anni,2025,222.028,,
A,Annuale,ITD3,Veneto,2,Femmine,Y35-49,35-49 anni,2018,388.044,,
A,Annuale,ITD3,Veneto,2,Femmine,Y35-49,35-49 anni,2019,381.422,,
A,Annuale,ITD3,Veneto,2,Femmine,Y35-49,35-49 anni,2020,364.12,,
A,Annuale,ITD3,Veneto,2,Femmine,Y35-49,35-49 anni,2021,365.177,,
A,Annuale,ITD3,Veneto,2,Femmine,Y35-49,35-49 anni,2022,362.564,,
A,Annuale,ITD3,Veneto,2,Femmine,Y35-49,35-49 anni,2023,367.7,,
A,Annuale,ITD3,Veneto,2,Femmine,Y35-49,35-49 anni,2024,372.521,,
A,Annuale,ITD3,Veneto,2,Femmine,Y35-49,35-49 anni,2025,334.223,,
A,Annuale,ITD3,Veneto,2,Femmine,Y50-64,50-64 anni,2018,295.384,,
A,Annuale,ITD3,Veneto,2,Femmine,Y50-64,50-64 anni,2019,311.373,,
A,Annuale,ITD3,Veneto,2,Femmine,Y50-64,50-64 anni,2020,297.722,,
A,Annuale,ITD3,Veneto,2,Femmine,Y50-64,50-64 anni,2021,312.654,,
A,Annuale,ITD3,Veneto,2,Femmine,Y50-64,50-64 anni,2022,326.099,,
A,Annuale,ITD3,Veneto,2,Femmine,Y50-64,50-64 anni,2023,354.895,,
A,Annuale,ITD3,Veneto,2,Femmine,Y50-64,50-64 anni,2024,358.959,,
A,Annuale,ITD3,Veneto,2,Femmine,Y50-64,50-64 anni,2025,363.528,,
A,Annuale,ITD3,Veneto,2,Femmine,Y15-64,15-64 anni,2018,900.907,,
A,Annuale,ITD3,Veneto,2,Femmine,Y15-64,15-64 anni,2019,910.508,,
A,Annuale,ITD3,Veneto,2,Femmine,Y15-64,15-64 anni,2020,858.479,,
A,Annuale,ITD3,Veneto,2,Femmine,Y15-64,15-64 anni,2021,882.921,,
A,Annuale,ITD3,Veneto,2,Femmine,Y15-64,15-64 anni,2022,910.567,,
A,Annuale,ITD3,Veneto,2,Femmine,Y15-64,15-64 anni,2023,951.904,,
A,Annuale,ITD3,Veneto,2,Femmine,Y15-64,15-64 anni,2024,946.102,,
A,Annuale,ITD3,Veneto,2,Femmine,Y15-64,15-64 anni,2025,919.779,,
A,Annuale,ITD3,Veneto,2,Femmine,Y15-89,15-89 anni,2018,915.075,,
A,Annuale,ITD3,Veneto,2,Femmine,Y15-89,15-89 anni,2019,927.451,,
A,Annuale,ITD3,Veneto,2,Femmine,Y15-89,15-89 anni,2020,879.002,,
A,Annuale,ITD3,Veneto,2,Femmine,Y15-89,15-89 anni,2021,899.756,,
A,Annuale,ITD3,Veneto,2,Femmine,Y15-89,15-89 anni,2022,928.534,,
A,Annuale,ITD3,Veneto,2,Femmine,Y15-89,15-89 anni,2023,973.871,,
A,Annuale,ITD3,Veneto,2,Femmine,Y15-89,15-89 anni,2024,969.238,,
A,Annuale,ITD3,Veneto,2,Femmine,Y15-89,15-89 anni,2025,946.322,,
A,Annuale,ITD3,Veneto,9,Totale,Y15-24,15-24 anni,2018,105.955,,
A,Annuale,ITD3,Veneto,9,Totale,Y15-24,15-24 anni,2019,118.515,,
A,Annuale,ITD3,Veneto,9,Totale,Y15-24,15-24 anni,2020,103.799,,
A,Annuale,ITD3,Veneto,9,Totale,Y15-24,15-24 anni,2021,104.703,,
A,Annuale,ITD3,Veneto,9,Totale,Y15-24,15-24 anni,2022,127.103,,
A,Annuale,ITD3,Veneto,9,Totale,Y15-24,15-24 anni,2023,137.946,,
A,Annuale,ITD3,Veneto,9,Totale,Y15-24,15-24 anni,2024,114.953,,
A,Annuale,ITD3,Veneto,9,Totale,Y15-24,15-24 anni,2025,110.274,,
A,Annuale,ITD3,Veneto,9,Totale,Y25-34,25-34 anni,2018,381.376,,
A,Annuale,ITD3,Veneto,9,Totale,Y25-34,25-34 anni,2019,377.406,,
A,Annuale,ITD3,Veneto,9,Totale,Y25-34,25-34 anni,2020,361.79,,
A,Annuale,ITD3,Veneto,9,Totale,Y25-34,25-34 anni,2021,374.665,,
A,Annuale,ITD3,Veneto,9,Totale,Y25-34,25-34 anni,2022,389.741,,
A,Annuale,ITD3,Veneto,9,Totale,Y25-34,25-34 anni,2023,394.518,,
A,Annuale,ITD3,Veneto,9,Totale,Y25-34,25-34 anni,2024,401.002,,
A,Annuale,ITD3,Veneto,9,Totale,Y25-34,25-34 anni,2025,404.188,,
A,Annuale,ITD3,Veneto,9,Totale,Y15-34,15-34 anni,2018,487.331,,
A,Annuale,ITD3,Veneto,9,Totale,Y15-34,15-34 anni,2019,495.921,,
A,Annuale,ITD3,Veneto,9,Totale,Y15-34,15-34 anni,2020,465.589,,
A,Annuale,ITD3,Veneto,9,Totale,Y15-34,15-34 anni,2021,479.369,,
A,Annuale,ITD3,Veneto,9,Totale,Y15-34,15-34 anni,2022,516.843,,
A,Annuale,ITD3,Veneto,9,Totale,Y15-34,15-34 anni,2023,532.463,,
A,Annuale,ITD3,Veneto,9,Totale,Y15-34,15-34 anni,2024,515.954,,
A,Annuale,ITD3,Veneto,9,Totale,Y15-34,15-34 anni,2025,514.461,,
A,Annuale,ITD3,Veneto,9,Totale,Y35-49,35-49 anni,2018,885.086,,
A,Annuale,ITD3,Veneto,9,Totale,Y35-49,35-49 anni,2019,870.725,,
A,Annuale,ITD3,Veneto,9,Totale,Y35-49,35-49 anni,2020,833.823,,
A,Annuale,ITD3,Veneto,9,Totale,Y35-49,35-49 anni,2021,818.469,,
A,Annuale,ITD3,Veneto,9,Totale,Y35-49,35-49 anni,2022,811.841,,
A,Annuale,ITD3,Veneto,9,Totale,Y35-49,35-49 anni,2023,810.675,,
A,Annuale,ITD3,Veneto,9,Totale,Y35-49,35-49 anni,2024,812.152,,
A,Annuale,ITD3,Veneto,9,Totale,Y35-49,35-49 anni,2025,770.498,,
A,Annuale,ITD3,Veneto,9,Totale,Y50-64,50-64 anni,2018,693.917,,
A,Annuale,ITD3,Veneto,9,Totale,Y50-64,50-64 anni,2019,727.658,,
A,Annuale,ITD3,Veneto,9,Totale,Y50-64,50-64 anni,2020,716.055,,
A,Annuale,ITD3,Veneto,9,Totale,Y50-64,50-64 anni,2021,723.749,,
A,Annuale,ITD3,Veneto,9,Totale,Y50-64,50-64 anni,2022,755.33,,
A,Annuale,ITD3,Veneto,9,Totale,Y50-64,50-64 anni,2023,812.162,,
A,Annuale,ITD3,Veneto,9,Totale,Y50-64,50-64 anni,2024,824.442,,
A,Annuale,ITD3,Veneto,9,Totale,Y50-64,50-64 anni,2025,837.428,,
A,Annuale,ITD3,Veneto,9,Totale,Y15-64,15-64 anni,2018,2066.335,,
A,Annuale,ITD3,Veneto,9,Totale,Y15-64,15-64 anni,2019,2094.304,,
A,Annuale,ITD3,Veneto,9,Totale,Y15-64,15-64 anni,2020,2015.466,,
A,Annuale,ITD3,Veneto,9,Totale,Y15-64,15-64 anni,2021,2021.587,,
A,Annuale,ITD3,Veneto,9,Totale,Y15-64,15-64 anni,2022,2084.014,,
A,Annuale,ITD3,Veneto,9,Totale,Y15-64,15-64 anni,2023,2155.3,,
A,Annuale,ITD3,Veneto,9,Totale,Y15-64,15-64 anni,2024,2152.548,,
A,Annuale,ITD3,Veneto,9,Totale,Y15-64,15-64 anni,2025,2122.387,,
A,Annuale,ITD3,Veneto,9,Totale,Y15-89,15-89 anni,2018,2123.868,,
A,Annuale,ITD3,Veneto,9,Totale,Y15-89,15-89 anni,2019,2153.657,,
A,Annuale,ITD3,Veneto,9,Totale,Y15-89,15-89 anni,2020,2075.428,,
A,Annuale,ITD3,Veneto,9,Totale,Y15-89,15-89 anni,2021,2080.525,,
A,Annuale,ITD3,Veneto,9,Totale,Y15-89,15-89 anni,2022,2145.361,,
A,Annuale,ITD3,Veneto,9,Totale,Y15-89,15-89 anni,2023,2225.751,,
A,Annuale,ITD3,Veneto,9,Totale,Y15-89,15-89 anni,2024,2230.001,,
A,Annuale,ITD3,Veneto,9,Totale,Y15-89,15-89 anni,2025,2201.57,,
A,Annuale,ITD4,Friuli-Venezia Giulia,1,Maschi,Y15-24,15-24 anni,2018,10.495,,
A,Annuale,ITD4,Friuli-Venezia Giulia,1,Maschi,Y15-24,15-24 anni,2019,13.086,,
A,Annuale,ITD4,Friuli-Venezia Giulia,1,Maschi,Y15-24,15-24 anni,2020,13.841,,
A,Annuale,ITD4,Friuli-Venezia Giulia,1,Maschi,Y15-24,15-24 anni,2021,15.527,,
A,Annuale,ITD4,Friuli-Venezia Giulia,1,Maschi,Y15-24,15-24 anni,2022,14.71,,
A,Annuale,ITD4,Friuli-Venezia Giulia,1,Maschi,Y15-24,15-24 anni,2023,16.159,,
A,Annuale,ITD4,Friuli-Venezia Giulia,1,Maschi,Y15-24,15-24 anni,2024,15.985,,
A,Annuale,ITD4,Friuli-Venezia Giulia,1,Maschi,Y15-24,15-24 anni,2025,13.949,,
A,Annuale,ITD4,Friuli-Venezia Giulia,1,Maschi,Y25-34,25-34 anni,2018,46.777,,
A,Annuale,ITD4,Friuli-Venezia Giulia,1,Maschi,Y25-34,25-34 anni,2019,47.565,,
A,Annuale,ITD4,Friuli-Venezia Giulia,1,Maschi,Y25-34,25-34 anni,2020,47.745,,
A,Annuale,ITD4,Friuli-Venezia Giulia,1,Maschi,Y25-34,25-34 anni,2021,48.466,,
A,Annuale,ITD4,Friuli-Venezia Giulia,1,Maschi,Y25-34,25-34 anni,2022,50.922,,
A,Annuale,ITD4,Friuli-Venezia Giulia,1,Maschi,Y25-34,25-34 anni,2023,50,,
A,Annuale,ITD4,Friuli-Venezia Giulia,1,Maschi,Y25-34,25-34 anni,2024,50.895,,
A,Annuale,ITD4,Friuli-Venezia Giulia,1,Maschi,Y25-34,25-34 anni,2025,51.49,,
A,Annuale,ITD4,Friuli-Venezia Giulia,1,Maschi,Y15-34,15-34 anni,2018,57.271,,
A,Annuale,ITD4,Friuli-Venezia Giulia,1,Maschi,Y15-34,15-34 anni,2019,60.651,,
A,Annuale,ITD4,Friuli-Venezia Giulia,1,Maschi,Y15-34,15-34 anni,2020,61.585,,
A,Annuale,ITD4,Friuli-Venezia Giulia,1,Maschi,Y15-34,15-34 anni,2021,63.993,,
A,Annuale,ITD4,Friuli-Venezia Giulia,1,Maschi,Y15-34,15-34 anni,2022,65.632,,
A,Annuale,ITD4,Friuli-Venezia Giulia,1,Maschi,Y15-34,15-34 anni,2023,66.158,,
A,Annuale,ITD4,Friuli-Venezia Giulia,1,Maschi,Y15-34,15-34 anni,2024,66.88,,
A,Annuale,ITD4,Friuli-Venezia Giulia,1,Maschi,Y15-34,15-34 anni,2025,65.439,,
A,Annuale,ITD4,Friuli-Venezia Giulia,1,Maschi,Y35-49,35-49 anni,2018,118.288,,
A,Annuale,ITD4,Friuli-Venezia Giulia,1,Maschi,Y35-49,35-49 anni,2019,117.078,,
A,Annuale,ITD4,Friuli-Venezia Giulia,1,Maschi,Y35-49,35-49 anni,2020,112.593,,
A,Annuale,ITD4,Friuli-Venezia Giulia,1,Maschi,Y35-49,35-49 anni,2021,110.425,,
A,Annuale,ITD4,Friuli-Venezia Giulia,1,Maschi,Y35-49,35-49 anni,2022,107.632,,
A,Annuale,ITD4,Friuli-Venezia Giulia,1,Maschi,Y35-49,35-49 anni,2023,103.077,,
A,Annuale,ITD4,Friuli-Venezia Giulia,1,Maschi,Y35-49,35-49 anni,2024,102.358,,
A,Annuale,ITD4,Friuli-Venezia Giulia,1,Maschi,Y35-49,35-49 anni,2025,100.081,,
A,Annuale,ITD4,Friuli-Venezia Giulia,1,Maschi,Y50-64,50-64 anni,2018,96.698,,
A,Annuale,ITD4,Friuli-Venezia Giulia,1,Maschi,Y50-64,50-64 anni,2019,100.25,,
A,Annuale,ITD4,Friuli-Venezia Giulia,1,Maschi,Y50-64,50-64 anni,2020,102.382,,
A,Annuale,ITD4,Friuli-Venezia Giulia,1,Maschi,Y50-64,50-64 anni,2021,101.154,,
A,Annuale,ITD4,Friuli-Venezia Giulia,1,Maschi,Y50-64,50-64 anni,2022,104.978,,
A,Annuale,ITD4,Friuli-Venezia Giulia,1,Maschi,Y50-64,50-64 anni,2023,108.219,,
A,Annuale,ITD4,Friuli-Venezia Giulia,1,Maschi,Y50-64,50-64 anni,2024,110.338,,
A,Annuale,ITD4,Friuli-Venezia Giulia,1,Maschi,Y50-64,50-64 anni,2025,110.427,,
A,Annuale,ITD4,Friuli-Venezia Giulia,1,Maschi,Y15-64,15-64 anni,2018,272.258,,
A,Annuale,ITD4,Friuli-Venezia Giulia,1,Maschi,Y15-64,15-64 anni,2019,277.98,,
A,Annuale,ITD4,Friuli-Venezia Giulia,1,Maschi,Y15-64,15-64 anni,2020,276.561,,
A,Annuale,ITD4,Friuli-Venezia Giulia,1,Maschi,Y15-64,15-64 anni,2021,275.572,,
A,Annuale,ITD4,Friuli-Venezia Giulia,1,Maschi,Y15-64,15-64 anni,2022,278.243,,
A,Annuale,ITD4,Friuli-Venezia Giulia,1,Maschi,Y15-64,15-64 anni,2023,277.454,,
A,Annuale,ITD4,Friuli-Venezia Giulia,1,Maschi,Y15-64,15-64 anni,2024,279.576,,
A,Annuale,ITD4,Friuli-Venezia Giulia,1,Maschi,Y15-64,15-64 anni,2025,275.947,,
A,Annuale,ITD4,Friuli-Venezia Giulia,1,Maschi,Y15-89,15-89 anni,2018,282.054,,
A,Annuale,ITD4,Friuli-Venezia Giulia,1,Maschi,Y15-89,15-89 anni,2019,287.44,,
A,Annuale,ITD4,Friuli-Venezia Giulia,1,Maschi,Y15-89,15-89 anni,2020,284.926,,
A,Annuale,ITD4,Friuli-Venezia Giulia,1,Maschi,Y15-89,15-89 anni,2021,285.053,,
A,Annuale,ITD4,Friuli-Venezia Giulia,1,Maschi,Y15-89,15-89 anni,2022,289.775,,
A,Annuale,ITD4,Friuli-Venezia Giulia,1,Maschi,Y15-89,15-89 anni,2023,288.001,,
A,Annuale,ITD4,Friuli-Venezia Giulia,1,Maschi,Y15-89,15-89 anni,2024,288.636,,
A,Annuale,ITD4,Friuli-Venezia Giulia,1,Maschi,Y15-89,15-89 anni,2025,287.677,,
A,Annuale,ITD4,Friuli-Venezia Giulia,2,Femmine,Y15-24,15-24 anni,2018,9.724,,
A,Annuale,ITD4,Friuli-Venezia Giulia,2,Femmine,Y15-24,15-24 anni,2019,9.604,,
A,Annuale,ITD4,Friuli-Venezia Giulia,2,Femmine,Y15-24,15-24 anni,2020,9.332,,
A,Annuale,ITD4,Friuli-Venezia Giulia,2,Femmine,Y15-24,15-24 anni,2021,9.561,,
A,Annuale,ITD4,Friuli-Venezia Giulia,2,Femmine,Y15-24,15-24 anni,2022,9.816,,
A,Annuale,ITD4,Friuli-Venezia Giulia,2,Femmine,Y15-24,15-24 anni,2023,9.881,,
A,Annuale,ITD4,Friuli-Venezia Giulia,2,Femmine,Y15-24,15-24 anni,2024,8.717,,
A,Annuale,ITD4,Friuli-Venezia Giulia,2,Femmine,Y15-24,15-24 anni,2025,10.413,,
A,Annuale,ITD4,Friuli-Venezia Giulia,2,Femmine,Y25-34,25-34 anni,2018,37.613,,
A,Annuale,ITD4,Friuli-Venezia Giulia,2,Femmine,Y25-34,25-34 anni,2019,36.464,,
A,Annuale,ITD4,Friuli-Venezia Giulia,2,Femmine,Y25-34,25-34 anni,2020,35.111,,
A,Annuale,ITD4,Friuli-Venezia Giulia,2,Femmine,Y25-34,25-34 anni,2021,37.884,,
A,Annuale,ITD4,Friuli-Venezia Giulia,2,Femmine,Y25-34,25-34 anni,2022,38.647,,
A,Annuale,ITD4,Friuli-Venezia Giulia,2,Femmine,Y25-34,25-34 anni,2023,36.658,,
A,Annuale,ITD4,Friuli-Venezia Giulia,2,Femmine,Y25-34,25-34 anni,2024,38.238,,
A,Annuale,ITD4,Friuli-Venezia Giulia,2,Femmine,Y25-34,25-34 anni,2025,37.203,,
A,Annuale,ITD4,Friuli-Venezia Giulia,2,Femmine,Y15-34,15-34 anni,2018,47.337,,
A,Annuale,ITD4,Friuli-Venezia Giulia,2,Femmine,Y15-34,15-34 anni,2019,46.068,,
A,Annuale,ITD4,Friuli-Venezia Giulia,2,Femmine,Y15-34,15-34 anni,2020,44.443,,
A,Annuale,ITD4,Friuli-Venezia Giulia,2,Femmine,Y15-34,15-34 anni,2021,47.444,,
A,Annuale,ITD4,Friuli-Venezia Giulia,2,Femmine,Y15-34,15-34 anni,2022,48.462,,
A,Annuale,ITD4,Friuli-Venezia Giulia,2,Femmine,Y15-34,15-34 anni,2023,46.539,,
A,Annuale,ITD4,Friuli-Venezia Giulia,2,Femmine,Y15-34,15-34 anni,2024,46.955,,
A,Annuale,ITD4,Friuli-Venezia Giulia,2,Femmine,Y15-34,15-34 anni,2025,47.617,,
A,Annuale,ITD4,Friuli-Venezia Giulia,2,Femmine,Y35-49,35-49 anni,2018,94.809,,
A,Annuale,ITD4,Friuli-Venezia Giulia,2,Femmine,Y35-49,35-49 anni,2019,90.445,,
A,Annuale,ITD4,Friuli-Venezia Giulia,2,Femmine,Y35-49,35-49 anni,2020,87.681,,
A,Annuale,ITD4,Friuli-Venezia Giulia,2,Femmine,Y35-49,35-49 anni,2021,87.109,,
A,Annuale,ITD4,Friuli-Venezia Giulia,2,Femmine,Y35-49,35-49 anni,2022,89.632,,
A,Annuale,ITD4,Friuli-Venezia Giulia,2,Femmine,Y35-49,35-49 anni,2023,86.848,,
A,Annuale,ITD4,Friuli-Venezia Giulia,2,Femmine,Y35-49,35-49 anni,2024,88.288,,
A,Annuale,ITD4,Friuli-Venezia Giulia,2,Femmine,Y35-49,35-49 anni,2025,84.505,,
A,Annuale,ITD4,Friuli-Venezia Giulia,2,Femmine,Y50-64,50-64 anni,2018,78.424,,
A,Annuale,ITD4,Friuli-Venezia Giulia,2,Femmine,Y50-64,50-64 anni,2019,79.568,,
A,Annuale,ITD4,Friuli-Venezia Giulia,2,Femmine,Y50-64,50-64 anni,2020,82.606,,
A,Annuale,ITD4,Friuli-Venezia Giulia,2,Femmine,Y50-64,50-64 anni,2021,85.32,,
A,Annuale,ITD4,Friuli-Venezia Giulia,2,Femmine,Y50-64,50-64 anni,2022,87.102,,
A,Annuale,ITD4,Friuli-Venezia Giulia,2,Femmine,Y50-64,50-64 anni,2023,92.104,,
A,Annuale,ITD4,Friuli-Venezia Giulia,2,Femmine,Y50-64,50-64 anni,2024,96.657,,
A,Annuale,ITD4,Friuli-Venezia Giulia,2,Femmine,Y50-64,50-64 anni,2025,99.852,,
A,Annuale,ITD4,Friuli-Venezia Giulia,2,Femmine,Y15-64,15-64 anni,2018,220.569,,
A,Annuale,ITD4,Friuli-Venezia Giulia,2,Femmine,Y15-64,15-64 anni,2019,216.081,,
A,Annuale,ITD4,Friuli-Venezia Giulia,2,Femmine,Y15-64,15-64 anni,2020,214.729,,
A,Annuale,ITD4,Friuli-Venezia Giulia,2,Femmine,Y15-64,15-64 anni,2021,219.874,,
A,Annuale,ITD4,Friuli-Venezia Giulia,2,Femmine,Y15-64,15-64 anni,2022,225.197,,
A,Annuale,ITD4,Friuli-Venezia Giulia,2,Femmine,Y15-64,15-64 anni,2023,225.491,,
A,Annuale,ITD4,Friuli-Venezia Giulia,2,Femmine,Y15-64,15-64 anni,2024,231.899,,
A,Annuale,ITD4,Friuli-Venezia Giulia,2,Femmine,Y15-64,15-64 anni,2025,231.974,,
A,Annuale,ITD4,Friuli-Venezia Giulia,2,Femmine,Y15-89,15-89 anni,2018,225.075,,
A,Annuale,ITD4,Friuli-Venezia Giulia,2,Femmine,Y15-89,15-89 anni,2019,220.726,,
A,Annuale,ITD4,Friuli-Venezia Giulia,2,Femmine,Y15-89,15-89 anni,2020,221.29,,
A,Annuale,ITD4,Friuli-Venezia Giulia,2,Femmine,Y15-89,15-89 anni,2021,225.247,,
A,Annuale,ITD4,Friuli-Venezia Giulia,2,Femmine,Y15-89,15-89 anni,2022,230.742,,
A,Annuale,ITD4,Friuli-Venezia Giulia,2,Femmine,Y15-89,15-89 anni,2023,231.915,,
A,Annuale,ITD4,Friuli-Venezia Giulia,2,Femmine,Y15-89,15-89 anni,2024,238.895,,
A,Annuale,ITD4,Friuli-Venezia Giulia,2,Femmine,Y15-89,15-89 anni,2025,239.913,,
A,Annuale,ITD4,Friuli-Venezia Giulia,9,Totale,Y15-24,15-24 anni,2018,20.218,,
A,Annuale,ITD4,Friuli-Venezia Giulia,9,Totale,Y15-24,15-24 anni,2019,22.69,,
A,Annuale,ITD4,Friuli-Venezia Giulia,9,Totale,Y15-24,15-24 anni,2020,23.172,,
A,Annuale,ITD4,Friuli-Venezia Giulia,9,Totale,Y15-24,15-24 anni,2021,25.088,,
A,Annuale,ITD4,Friuli-Venezia Giulia,9,Totale,Y15-24,15-24 anni,2022,24.526,,
A,Annuale,ITD4,Friuli-Venezia Giulia,9,Totale,Y15-24,15-24 anni,2023,26.04,,
A,Annuale,ITD4,Friuli-Venezia Giulia,9,Totale,Y15-24,15-24 anni,2024,24.702,,
A,Annuale,ITD4,Friuli-Venezia Giulia,9,Totale,Y15-24,15-24 anni,2025,24.363,,
A,Annuale,ITD4,Friuli-Venezia Giulia,9,Totale,Y25-34,25-34 anni,2018,84.389,,
A,Annuale,ITD4,Friuli-Venezia Giulia,9,Totale,Y25-34,25-34 anni,2019,84.029,,
A,Annuale,ITD4,Friuli-Venezia Giulia,9,Totale,Y25-34,25-34 anni,2020,82.856,,
A,Annuale,ITD4,Friuli-Venezia Giulia,9,Totale,Y25-34,25-34 anni,2021,86.349,,
A,Annuale,ITD4,Friuli-Venezia Giulia,9,Totale,Y25-34,25-34 anni,2022,89.569,,
A,Annuale,ITD4,Friuli-Venezia Giulia,9,Totale,Y25-34,25-34 anni,2023,86.658,,
A,Annuale,ITD4,Friuli-Venezia Giulia,9,Totale,Y25-34,25-34 anni,2024,89.132,,
A,Annuale,ITD4,Friuli-Venezia Giulia,9,Totale,Y25-34,25-34 anni,2025,88.693,,
A,Annuale,ITD4,Friuli-Venezia Giulia,9,Totale,Y15-34,15-34 anni,2018,104.608,,
A,Annuale,ITD4,Friuli-Venezia Giulia,9,Totale,Y15-34,15-34 anni,2019,106.719,,
A,Annuale,ITD4,Friuli-Venezia Giulia,9,Totale,Y15-34,15-34 anni,2020,106.028,,
A,Annuale,ITD4,Friuli-Venezia Giulia,9,Totale,Y15-34,15-34 anni,2021,111.437,,
A,Annuale,ITD4,Friuli-Venezia Giulia,9,Totale,Y15-34,15-34 anni,2022,114.095,,
A,Annuale,ITD4,Friuli-Venezia Giulia,9,Totale,Y15-34,15-34 anni,2023,112.698,,
A,Annuale,ITD4,Friuli-Venezia Giulia,9,Totale,Y15-34,15-34 anni,2024,113.835,,
A,Annuale,ITD4,Friuli-Venezia Giulia,9,Totale,Y15-34,15-34 anni,2025,113.056,,
A,Annuale,ITD4,Friuli-Venezia Giulia,9,Totale,Y35-49,35-49 anni,2018,213.097,,
A,Annuale,ITD4,Friuli-Venezia Giulia,9,Totale,Y35-49,35-49 anni,2019,207.523,,
A,Annuale,ITD4,Friuli-Venezia Giulia,9,Totale,Y35-49,35-49 anni,2020,200.274,,
A,Annuale,ITD4,Friuli-Venezia Giulia,9,Totale,Y35-49,35-49 anni,2021,197.534,,
A,Annuale,ITD4,Friuli-Venezia Giulia,9,Totale,Y35-49,35-49 anni,2022,197.264,,
A,Annuale,ITD4,Friuli-Venezia Giulia,9,Totale,Y35-49,35-49 anni,2023,189.925,,
A,Annuale,ITD4,Friuli-Venezia Giulia,9,Totale,Y35-49,35-49 anni,2024,190.646,,
A,Annuale,ITD4,Friuli-Venezia Giulia,9,Totale,Y35-49,35-49 anni,2025,184.585,,
A,Annuale,ITD4,Friuli-Venezia Giulia,9,Totale,Y50-64,50-64 anni,2018,175.122,,
A,Annuale,ITD4,Friuli-Venezia Giulia,9,Totale,Y50-64,50-64 anni,2019,179.818,,
A,Annuale,ITD4,Friuli-Venezia Giulia,9,Totale,Y50-64,50-64 anni,2020,184.989,,
A,Annuale,ITD4,Friuli-Venezia Giulia,9,Totale,Y50-64,50-64 anni,2021,186.474,,
A,Annuale,ITD4,Friuli-Venezia Giulia,9,Totale,Y50-64,50-64 anni,2022,192.081,,
A,Annuale,ITD4,Friuli-Venezia Giulia,9,Totale,Y50-64,50-64 anni,2023,200.323,,
A,Annuale,ITD4,Friuli-Venezia Giulia,9,Totale,Y50-64,50-64 anni,2024,206.995,,
A,Annuale,ITD4,Friuli-Venezia Giulia,9,Totale,Y50-64,50-64 anni,2025,210.279,,
A,Annuale,ITD4,Friuli-Venezia Giulia,9,Totale,Y15-64,15-64 anni,2018,492.827,,
A,Annuale,ITD4,Friuli-Venezia Giulia,9,Totale,Y15-64,15-64 anni,2019,494.061,,
A,Annuale,ITD4,Friuli-Venezia Giulia,9,Totale,Y15-64,15-64 anni,2020,491.29,,
A,Annuale,ITD4,Friuli-Venezia Giulia,9,Totale,Y15-64,15-64 anni,2021,495.445,,
A,Annuale,ITD4,Friuli-Venezia Giulia,9,Totale,Y15-64,15-64 anni,2022,503.439,,
A,Annuale,ITD4,Friuli-Venezia Giulia,9,Totale,Y15-64,15-64 anni,2023,502.945,,
A,Annuale,ITD4,Friuli-Venezia Giulia,9,Totale,Y15-64,15-64 anni,2024,511.476,,
A,Annuale,ITD4,Friuli-Venezia Giulia,9,Totale,Y15-64,15-64 anni,2025,507.921,,
A,Annuale,ITD4,Friuli-Venezia Giulia,9,Totale,Y15-89,15-89 anni,2018,507.13,,
A,Annuale,ITD4,Friuli-Venezia Giulia,9,Totale,Y15-89,15-89 anni,2019,508.166,,
A,Annuale,ITD4,Friuli-Venezia Giulia,9,Totale,Y15-89,15-89 anni,2020,506.216,,
A,Annuale,ITD4,Friuli-Venezia Giulia,9,Totale,Y15-89,15-89 anni,2021,510.3,,
A,Annuale,ITD4,Friuli-Venezia Giulia,9,Totale,Y15-89,15-89 anni,2022,520.517,,
A,Annuale,ITD4,Friuli-Venezia Giulia,9,Totale,Y15-89,15-89 anni,2023,519.916,,
A,Annuale,ITD4,Friuli-Venezia Giulia,9,Totale,Y15-89,15-89 anni,2024,527.531,,
A,Annuale,ITD4,Friuli-Venezia Giulia,9,Totale,Y15-89,15-89 anni,2025,527.59,,
A,Annuale,ITD5,Emilia-Romagna,1,Maschi,Y15-24,15-24 anni,2018,56.089,,
A,Annuale,ITD5,Emilia-Romagna,1,Maschi,Y15-24,15-24 anni,2019,55.698,,
A,Annuale,ITD5,Emilia-Romagna,1,Maschi,Y15-24,15-24 anni,2020,55.695,,
A,Annuale,ITD5,Emilia-Romagna,1,Maschi,Y15-24,15-24 anni,2021,50.121,,
A,Annuale,ITD5,Emilia-Romagna,1,Maschi,Y15-24,15-24 anni,2022,60.057,,
A,Annuale,ITD5,Emilia-Romagna,1,Maschi,Y15-24,15-24 anni,2023,62.979,,
A,Annuale,ITD5,Emilia-Romagna,1,Maschi,Y15-24,15-24 anni,2024,67.986,,
A,Annuale,ITD5,Emilia-Romagna,1,Maschi,Y15-24,15-24 anni,2025,54.33,,
A,Annuale,ITD5,Emilia-Romagna,1,Maschi,Y25-34,25-34 anni,2018,186.34,,
A,Annuale,ITD5,Emilia-Romagna,1,Maschi,Y25-34,25-34 anni,2019,187.91,,
A,Annuale,ITD5,Emilia-Romagna,1,Maschi,Y25-34,25-34 anni,2020,182.787,,
A,Annuale,ITD5,Emilia-Romagna,1,Maschi,Y25-34,25-34 anni,2021,189.998,,
A,Annuale,ITD5,Emilia-Romagna,1,Maschi,Y25-34,25-34 anni,2022,195.618,,
A,Annuale,ITD5,Emilia-Romagna,1,Maschi,Y25-34,25-34 anni,2023,200.772,,
A,Annuale,ITD5,Emilia-Romagna,1,Maschi,Y25-34,25-34 anni,2024,201.767,,
A,Annuale,ITD5,Emilia-Romagna,1,Maschi,Y25-34,25-34 anni,2025,211.886,,
A,Annuale,ITD5,Emilia-Romagna,1,Maschi,Y15-34,15-34 anni,2018,242.429,,
A,Annuale,ITD5,Emilia-Romagna,1,Maschi,Y15-34,15-34 anni,2019,243.608,,
A,Annuale,ITD5,Emilia-Romagna,1,Maschi,Y15-34,15-34 anni,2020,238.482,,
A,Annuale,ITD5,Emilia-Romagna,1,Maschi,Y15-34,15-34 anni,2021,240.119,,
A,Annuale,ITD5,Emilia-Romagna,1,Maschi,Y15-34,15-34 anni,2022,255.675,,
A,Annuale,ITD5,Emilia-Romagna,1,Maschi,Y15-34,15-34 anni,2023,263.751,,
A,Annuale,ITD5,Emilia-Romagna,1,Maschi,Y15-34,15-34 anni,2024,269.753,,
A,Annuale,ITD5,Emilia-Romagna,1,Maschi,Y15-34,15-34 anni,2025,266.216,,
A,Annuale,ITD5,Emilia-Romagna,1,Maschi,Y35-49,35-49 anni,2018,454.713,,
A,Annuale,ITD5,Emilia-Romagna,1,Maschi,Y35-49,35-49 anni,2019,450.016,,
A,Annuale,ITD5,Emilia-Romagna,1,Maschi,Y35-49,35-49 anni,2020,432.746,,
A,Annuale,ITD5,Emilia-Romagna,1,Maschi,Y35-49,35-49 anni,2021,426.716,,
A,Annuale,ITD5,Emilia-Romagna,1,Maschi,Y35-49,35-49 anni,2022,419.365,,
A,Annuale,ITD5,Emilia-Romagna,1,Maschi,Y35-49,35-49 anni,2023,410.095,,
A,Annuale,ITD5,Emilia-Romagna,1,Maschi,Y35-49,35-49 anni,2024,405.829,,
A,Annuale,ITD5,Emilia-Romagna,1,Maschi,Y35-49,35-49 anni,2025,405.2,,
A,Annuale,ITD5,Emilia-Romagna,1,Maschi,Y50-64,50-64 anni,2018,362.804,,
A,Annuale,ITD5,Emilia-Romagna,1,Maschi,Y50-64,50-64 anni,2019,371.511,,
A,Annuale,ITD5,Emilia-Romagna,1,Maschi,Y50-64,50-64 anni,2020,370.733,,
A,Annuale,ITD5,Emilia-Romagna,1,Maschi,Y50-64,50-64 anni,2021,380.349,,
A,Annuale,ITD5,Emilia-Romagna,1,Maschi,Y50-64,50-64 anni,2022,382.95,,
A,Annuale,ITD5,Emilia-Romagna,1,Maschi,Y50-64,50-64 anni,2023,396.746,,
A,Annuale,ITD5,Emilia-Romagna,1,Maschi,Y50-64,50-64 anni,2024,409.27,,
A,Annuale,ITD5,Emilia-Romagna,1,Maschi,Y50-64,50-64 anni,2025,429.105,,
A,Annuale,ITD5,Emilia-Romagna,1,Maschi,Y15-64,15-64 anni,2018,1059.946,,
A,Annuale,ITD5,Emilia-Romagna,1,Maschi,Y15-64,15-64 anni,2019,1065.135,,
A,Annuale,ITD5,Emilia-Romagna,1,Maschi,Y15-64,15-64 anni,2020,1041.961,,
A,Annuale,ITD5,Emilia-Romagna,1,Maschi,Y15-64,15-64 anni,2021,1047.185,,
A,Annuale,ITD5,Emilia-Romagna,1,Maschi,Y15-64,15-64 anni,2022,1057.991,,
A,Annuale,ITD5,Emilia-Romagna,1,Maschi,Y15-64,15-64 anni,2023,1070.593,,
A,Annuale,ITD5,Emilia-Romagna,1,Maschi,Y15-64,15-64 anni,2024,1084.852,,
A,Annuale,ITD5,Emilia-Romagna,1,Maschi,Y15-64,15-64 anni,2025,1100.521,,
A,Annuale,ITD5,Emilia-Romagna,1,Maschi,Y15-89,15-89 anni,2018,1101.954,,
A,Annuale,ITD5,Emilia-Romagna,1,Maschi,Y15-89,15-89 anni,2019,1110.597,,
A,Annuale,ITD5,Emilia-Romagna,1,Maschi,Y15-89,15-89 anni,2020,1087.391,,
A,Annuale,ITD5,Emilia-Romagna,1,Maschi,Y15-89,15-89 anni,2021,1097.504,,
A,Annuale,ITD5,Emilia-Romagna,1,Maschi,Y15-89,15-89 anni,2022,1103.14,,
A,Annuale,ITD5,Emilia-Romagna,1,Maschi,Y15-89,15-89 anni,2023,1115.022,,
A,Annuale,ITD5,Emilia-Romagna,1,Maschi,Y15-89,15-89 anni,2024,1128.703,,
A,Annuale,ITD5,Emilia-Romagna,1,Maschi,Y15-89,15-89 anni,2025,1144.54,,
A,Annuale,ITD5,Emilia-Romagna,2,Femmine,Y15-24,15-24 anni,2018,35.4,,
A,Annuale,ITD5,Emilia-Romagna,2,Femmine,Y15-24,15-24 anni,2019,40.386,,
A,Annuale,ITD5,Emilia-Romagna,2,Femmine,Y15-24,15-24 anni,2020,30.148,,
A,Annuale,ITD5,Emilia-Romagna,2,Femmine,Y15-24,15-24 anni,2021,32.142,,
A,Annuale,ITD5,Emilia-Romagna,2,Femmine,Y15-24,15-24 anni,2022,37.168,,
A,Annuale,ITD5,Emilia-Romagna,2,Femmine,Y15-24,15-24 anni,2023,40.952,,
A,Annuale,ITD5,Emilia-Romagna,2,Femmine,Y15-24,15-24 anni,2024,38.068,,
A,Annuale,ITD5,Emilia-Romagna,2,Femmine,Y15-24,15-24 anni,2025,34.307,,
A,Annuale,ITD5,Emilia-Romagna,2,Femmine,Y25-34,25-34 anni,2018,148.192,,
A,Annuale,ITD5,Emilia-Romagna,2,Femmine,Y25-34,25-34 anni,2019,150.531,,
A,Annuale,ITD5,Emilia-Romagna,2,Femmine,Y25-34,25-34 anni,2020,142.13,,
A,Annuale,ITD5,Emilia-Romagna,2,Femmine,Y25-34,25-34 anni,2021,147.991,,
A,Annuale,ITD5,Emilia-Romagna,2,Femmine,Y25-34,25-34 anni,2022,159.884,,
A,Annuale,ITD5,Emilia-Romagna,2,Femmine,Y25-34,25-34 anni,2023,158.762,,
A,Annuale,ITD5,Emilia-Romagna,2,Femmine,Y25-34,25-34 anni,2024,159.294,,
A,Annuale,ITD5,Emilia-Romagna,2,Femmine,Y25-34,25-34 anni,2025,160.401,,
A,Annuale,ITD5,Emilia-Romagna,2,Femmine,Y15-34,15-34 anni,2018,183.593,,
A,Annuale,ITD5,Emilia-Romagna,2,Femmine,Y15-34,15-34 anni,2019,190.917,,
A,Annuale,ITD5,Emilia-Romagna,2,Femmine,Y15-34,15-34 anni,2020,172.278,,
A,Annuale,ITD5,Emilia-Romagna,2,Femmine,Y15-34,15-34 anni,2021,180.133,,
A,Annuale,ITD5,Emilia-Romagna,2,Femmine,Y15-34,15-34 anni,2022,197.052,,
A,Annuale,ITD5,Emilia-Romagna,2,Femmine,Y15-34,15-34 anni,2023,199.715,,
A,Annuale,ITD5,Emilia-Romagna,2,Femmine,Y15-34,15-34 anni,2024,197.362,,
A,Annuale,ITD5,Emilia-Romagna,2,Femmine,Y15-34,15-34 anni,2025,194.708,,
A,Annuale,ITD5,Emilia-Romagna,2,Femmine,Y35-49,35-49 anni,2018,390.154,,
A,Annuale,ITD5,Emilia-Romagna,2,Femmine,Y35-49,35-49 anni,2019,386.265,,
A,Annuale,ITD5,Emilia-Romagna,2,Femmine,Y35-49,35-49 anni,2020,363.91,,
A,Annuale,ITD5,Emilia-Romagna,2,Femmine,Y35-49,35-49 anni,2021,360.967,,
A,Annuale,ITD5,Emilia-Romagna,2,Femmine,Y35-49,35-49 anni,2022,348.836,,
A,Annuale,ITD5,Emilia-Romagna,2,Femmine,Y35-49,35-49 anni,2023,346.057,,
A,Annuale,ITD5,Emilia-Romagna,2,Femmine,Y35-49,35-49 anni,2024,336.43,,
A,Annuale,ITD5,Emilia-Romagna,2,Femmine,Y35-49,35-49 anni,2025,337.004,,
A,Annuale,ITD5,Emilia-Romagna,2,Femmine,Y50-64,50-64 anni,2018,300.283,,
A,Annuale,ITD5,Emilia-Romagna,2,Femmine,Y50-64,50-64 anni,2019,318.258,,
A,Annuale,ITD5,Emilia-Romagna,2,Femmine,Y50-64,50-64 anni,2020,322.595,,
A,Annuale,ITD5,Emilia-Romagna,2,Femmine,Y50-64,50-64 anni,2021,315.798,,
A,Annuale,ITD5,Emilia-Romagna,2,Femmine,Y50-64,50-64 anni,2022,332.215,,
A,Annuale,ITD5,Emilia-Romagna,2,Femmine,Y50-64,50-64 anni,2023,344.389,,
A,Annuale,ITD5,Emilia-Romagna,2,Femmine,Y50-64,50-64 anni,2024,343.81,,
A,Annuale,ITD5,Emilia-Romagna,2,Femmine,Y50-64,50-64 anni,2025,368.131,,
A,Annuale,ITD5,Emilia-Romagna,2,Femmine,Y15-64,15-64 anni,2018,874.03,,
A,Annuale,ITD5,Emilia-Romagna,2,Femmine,Y15-64,15-64 anni,2019,895.441,,
A,Annuale,ITD5,Emilia-Romagna,2,Femmine,Y15-64,15-64 anni,2020,858.783,,
A,Annuale,ITD5,Emilia-Romagna,2,Femmine,Y15-64,15-64 anni,2021,856.898,,
A,Annuale,ITD5,Emilia-Romagna,2,Femmine,Y15-64,15-64 anni,2022,878.102,,
A,Annuale,ITD5,Emilia-Romagna,2,Femmine,Y15-64,15-64 anni,2023,890.161,,
A,Annuale,ITD5,Emilia-Romagna,2,Femmine,Y15-64,15-64 anni,2024,877.602,,
A,Annuale,ITD5,Emilia-Romagna,2,Femmine,Y15-64,15-64 anni,2025,899.843,,
A,Annuale,ITD5,Emilia-Romagna,2,Femmine,Y15-89,15-89 anni,2018,894.381,,
A,Annuale,ITD5,Emilia-Romagna,2,Femmine,Y15-89,15-89 anni,2019,915.415,,
A,Annuale,ITD5,Emilia-Romagna,2,Femmine,Y15-89,15-89 anni,2020,878.847,,
A,Annuale,ITD5,Emilia-Romagna,2,Femmine,Y15-89,15-89 anni,2021,880.939,,
A,Annuale,ITD5,Emilia-Romagna,2,Femmine,Y15-89,15-89 anni,2022,898.132,,
A,Annuale,ITD5,Emilia-Romagna,2,Femmine,Y15-89,15-89 anni,2023,908.128,,
A,Annuale,ITD5,Emilia-Romagna,2,Femmine,Y15-89,15-89 anni,2024,903.932,,
A,Annuale,ITD5,Emilia-Romagna,2,Femmine,Y15-89,15-89 anni,2025,928.05,,
A,Annuale,ITD5,Emilia-Romagna,9,Totale,Y15-24,15-24 anni,2018,91.49,,
A,Annuale,ITD5,Emilia-Romagna,9,Totale,Y15-24,15-24 anni,2019,96.084,,
A,Annuale,ITD5,Emilia-Romagna,9,Totale,Y15-24,15-24 anni,2020,85.843,,
A,Annuale,ITD5,Emilia-Romagna,9,Totale,Y15-24,15-24 anni,2021,82.264,,
A,Annuale,ITD5,Emilia-Romagna,9,Totale,Y15-24,15-24 anni,2022,97.225,,
A,Annuale,ITD5,Emilia-Romagna,9,Totale,Y15-24,15-24 anni,2023,103.932,,
A,Annuale,ITD5,Emilia-Romagna,9,Totale,Y15-24,15-24 anni,2024,106.054,,
A,Annuale,ITD5,Emilia-Romagna,9,Totale,Y15-24,15-24 anni,2025,88.637,,
A,Annuale,ITD5,Emilia-Romagna,9,Totale,Y25-34,25-34 anni,2018,334.532,,
A,Annuale,ITD5,Emilia-Romagna,9,Totale,Y25-34,25-34 anni,2019,338.441,,
A,Annuale,ITD5,Emilia-Romagna,9,Totale,Y25-34,25-34 anni,2020,324.917,,
A,Annuale,ITD5,Emilia-Romagna,9,Totale,Y25-34,25-34 anni,2021,337.988,,
A,Annuale,ITD5,Emilia-Romagna,9,Totale,Y25-34,25-34 anni,2022,355.502,,
A,Annuale,ITD5,Emilia-Romagna,9,Totale,Y25-34,25-34 anni,2023,359.534,,
A,Annuale,ITD5,Emilia-Romagna,9,Totale,Y25-34,25-34 anni,2024,361.061,,
A,Annuale,ITD5,Emilia-Romagna,9,Totale,Y25-34,25-34 anni,2025,372.287,,
A,Annuale,ITD5,Emilia-Romagna,9,Totale,Y15-34,15-34 anni,2018,426.022,,
A,Annuale,ITD5,Emilia-Romagna,9,Totale,Y15-34,15-34 anni,2019,434.525,,
A,Annuale,ITD5,Emilia-Romagna,9,Totale,Y15-34,15-34 anni,2020,410.76,,
A,Annuale,ITD5,Emilia-Romagna,9,Totale,Y15-34,15-34 anni,2021,420.252,,
A,Annuale,ITD5,Emilia-Romagna,9,Totale,Y15-34,15-34 anni,2022,452.727,,
A,Annuale,ITD5,Emilia-Romagna,9,Totale,Y15-34,15-34 anni,2023,463.466,,
A,Annuale,ITD5,Emilia-Romagna,9,Totale,Y15-34,15-34 anni,2024,467.114,,
A,Annuale,ITD5,Emilia-Romagna,9,Totale,Y15-34,15-34 anni,2025,460.924,,
A,Annuale,ITD5,Emilia-Romagna,9,Totale,Y35-49,35-49 anni,2018,844.867,,
A,Annuale,ITD5,Emilia-Romagna,9,Totale,Y35-49,35-49 anni,2019,836.281,,
A,Annuale,ITD5,Emilia-Romagna,9,Totale,Y35-49,35-49 anni,2020,796.657,,
A,Annuale,ITD5,Emilia-Romagna,9,Totale,Y35-49,35-49 anni,2021,787.683,,
A,Annuale,ITD5,Emilia-Romagna,9,Totale,Y35-49,35-49 anni,2022,768.201,,
A,Annuale,ITD5,Emilia-Romagna,9,Totale,Y35-49,35-49 anni,2023,756.152,,
A,Annuale,ITD5,Emilia-Romagna,9,Totale,Y35-49,35-49 anni,2024,742.259,,
A,Annuale,ITD5,Emilia-Romagna,9,Totale,Y35-49,35-49 anni,2025,742.204,,
A,Annuale,ITD5,Emilia-Romagna,9,Totale,Y50-64,50-64 anni,2018,663.087,,
A,Annuale,ITD5,Emilia-Romagna,9,Totale,Y50-64,50-64 anni,2019,689.769,,
A,Annuale,ITD5,Emilia-Romagna,9,Totale,Y50-64,50-64 anni,2020,693.327,,
A,Annuale,ITD5,Emilia-Romagna,9,Totale,Y50-64,50-64 anni,2021,696.148,,
A,Annuale,ITD5,Emilia-Romagna,9,Totale,Y50-64,50-64 anni,2022,715.165,,
A,Annuale,ITD5,Emilia-Romagna,9,Totale,Y50-64,50-64 anni,2023,741.136,,
A,Annuale,ITD5,Emilia-Romagna,9,Totale,Y50-64,50-64 anni,2024,753.08,,
A,Annuale,ITD5,Emilia-Romagna,9,Totale,Y50-64,50-64 anni,2025,797.236,,
A,Annuale,ITD5,Emilia-Romagna,9,Totale,Y15-64,15-64 anni,2018,1933.976,,
A,Annuale,ITD5,Emilia-Romagna,9,Totale,Y15-64,15-64 anni,2019,1960.575,,
A,Annuale,ITD5,Emilia-Romagna,9,Totale,Y15-64,15-64 anni,2020,1900.744,,
A,Annuale,ITD5,Emilia-Romagna,9,Totale,Y15-64,15-64 anni,2021,1904.083,,
A,Annuale,ITD5,Emilia-Romagna,9,Totale,Y15-64,15-64 anni,2022,1936.093,,
A,Annuale,ITD5,Emilia-Romagna,9,Totale,Y15-64,15-64 anni,2023,1960.754,,
A,Annuale,ITD5,Emilia-Romagna,9,Totale,Y15-64,15-64 anni,2024,1962.454,,
A,Annuale,ITD5,Emilia-Romagna,9,Totale,Y15-64,15-64 anni,2025,2000.364,,
A,Annuale,ITD5,Emilia-Romagna,9,Totale,Y15-89,15-89 anni,2018,1996.335,,
A,Annuale,ITD5,Emilia-Romagna,9,Totale,Y15-89,15-89 anni,2019,2026.012,,
A,Annuale,ITD5,Emilia-Romagna,9,Totale,Y15-89,15-89 anni,2020,1966.237,,
A,Annuale,ITD5,Emilia-Romagna,9,Totale,Y15-89,15-89 anni,2021,1978.442,,
A,Annuale,ITD5,Emilia-Romagna,9,Totale,Y15-89,15-89 anni,2022,2001.272,,
A,Annuale,ITD5,Emilia-Romagna,9,Totale,Y15-89,15-89 anni,2023,2023.15,,
A,Annuale,ITD5,Emilia-Romagna,9,Totale,Y15-89,15-89 anni,2024,2032.635,,
A,Annuale,ITD5,Emilia-Romagna,9,Totale,Y15-89,15-89 anni,2025,2072.59,,
A,Annuale,ITE,Centro,1,Maschi,Y15-24,15-24 anni,2004,165.042,,
A,Annuale,ITE,Centro,1,Maschi,Y15-24,15-24 anni,2005,157.144,,
A,Annuale,ITE,Centro,1,Maschi,Y15-24,15-24 anni,2006,165.048,,
A,Annuale,ITE,Centro,1,Maschi,Y15-24,15-24 anni,2007,157.98,,
A,Annuale,ITE,Centro,1,Maschi,Y15-24,15-24 anni,2008,160.404,,
A,Annuale,ITE,Centro,1,Maschi,Y15-24,15-24 anni,2009,149.918,,
A,Annuale,ITE,Centro,1,Maschi,Y15-24,15-24 anni,2010,138.591,,
A,Annuale,ITE,Centro,1,Maschi,Y15-24,15-24 anni,2011,131.865,,
A,Annuale,ITE,Centro,1,Maschi,Y15-24,15-24 anni,2012,124.628,,
A,Annuale,ITE,Centro,1,Maschi,Y15-24,15-24 anni,2013,105.165,,
A,Annuale,ITE,Centro,1,Maschi,Y15-24,15-24 anni,2014,99.906,,
A,Annuale,ITE,Centro,1,Maschi,Y15-24,15-24 anni,2015,104.47,,
A,Annuale,ITE,Centro,1,Maschi,Y15-24,15-24 anni,2016,106.538,,
A,Annuale,ITE,Centro,1,Maschi,Y15-24,15-24 anni,2017,111.922,,
A,Annuale,ITE,Centro,1,Maschi,Y15-24,15-24 anni,2018,115.755,,
A,Annuale,ITE,Centro,1,Maschi,Y15-24,15-24 anni,2019,114.125,,
A,Annuale,ITE,Centro,1,Maschi,Y15-24,15-24 anni,2020,103.408,,
A,Annuale,ITE,Centro,1,Maschi,Y15-24,15-24 anni,2021,112.613,,
A,Annuale,ITE,Centro,1,Maschi,Y15-24,15-24 anni,2022,133.652,,
A,Annuale,ITE,Centro,1,Maschi,Y15-24,15-24 anni,2023,139.064,,
A,Annuale,ITE,Centro,1,Maschi,Y15-24,15-24 anni,2024,138.078,,
A,Annuale,ITE,Centro,1,Maschi,Y15-24,15-24 anni,2025,117.057,,
A,Annuale,ITE,Centro,1,Maschi,Y25-34,25-34 anni,2004,666.851,,
A,Annuale,ITE,Centro,1,Maschi,Y25-34,25-34 anni,2005,636.313,,
A,Annuale,ITE,Centro,1,Maschi,Y25-34,25-34 anni,2006,645.034,,
A,Annuale,ITE,Centro,1,Maschi,Y25-34,25-34 anni,2007,625.838,,
A,Annuale,ITE,Centro,1,Maschi,Y25-34,25-34 anni,2008,614.644,,
A,Annuale,ITE,Centro,1,Maschi,Y25-34,25-34 anni,2009,583.92,,
A,Annuale,ITE,Centro,1,Maschi,Y25-34,25-34 anni,2010,562.888,,
A,Annuale,ITE,Centro,1,Maschi,Y25-34,25-34 anni,2011,531.288,,
A,Annuale,ITE,Centro,1,Maschi,Y25-34,25-34 anni,2012,505.379,,
A,Annuale,ITE,Centro,1,Maschi,Y25-34,25-34 anni,2013,482.333,,
A,Annuale,ITE,Centro,1,Maschi,Y25-34,25-34 anni,2014,470.103,,
A,Annuale,ITE,Centro,1,Maschi,Y25-34,25-34 anni,2015,458.077,,
A,Annuale,ITE,Centro,1,Maschi,Y25-34,25-34 anni,2016,460.721,,
A,Annuale,ITE,Centro,1,Maschi,Y25-34,25-34 anni,2017,456.083,,
A,Annuale,ITE,Centro,1,Maschi,Y25-34,25-34 anni,2018,451.159,,
A,Annuale,ITE,Centro,1,Maschi,Y25-34,25-34 anni,2019,446.4,,
A,Annuale,ITE,Centro,1,Maschi,Y25-34,25-34 anni,2020,441.91,,
A,Annuale,ITE,Centro,1,Maschi,Y25-34,25-34 anni,2021,444.987,,
A,Annuale,ITE,Centro,1,Maschi,Y25-34,25-34 anni,2022,461.141,,
A,Annuale,ITE,Centro,1,Maschi,Y25-34,25-34 anni,2023,475.589,,
A,Annuale,ITE,Centro,1,Maschi,Y25-34,25-34 anni,2024,478.278,,
A,Annuale,ITE,Centro,1,Maschi,Y25-34,25-34 anni,2025,475.316,,
A,Annuale,ITE,Centro,1,Maschi,Y15-34,15-34 anni,2004,831.893,,
A,Annuale,ITE,Centro,1,Maschi,Y15-34,15-34 anni,2005,793.457,,
A,Annuale,ITE,Centro,1,Maschi,Y15-34,15-34 anni,2006,810.082,,
A,Annuale,ITE,Centro,1,Maschi,Y15-34,15-34 anni,2007,783.818,,
A,Annuale,ITE,Centro,1,Maschi,Y15-34,15-34 anni,2008,775.048,,
A,Annuale,ITE,Centro,1,Maschi,Y15-34,15-34 anni,2009,733.839,,
A,Annuale,ITE,Centro,1,Maschi,Y15-34,15-34 anni,2010,701.479,,
A,Annuale,ITE,Centro,1,Maschi,Y15-34,15-34 anni,2011,663.154,,
A,Annuale,ITE,Centro,1,Maschi,Y15-34,15-34 anni,2012,630.007,,
A,Annuale,ITE,Centro,1,Maschi,Y15-34,15-34 anni,2013,587.497,,
A,Annuale,ITE,Centro,1,Maschi,Y15-34,15-34 anni,2014,570.01,,
A,Annuale,ITE,Centro,1,Maschi,Y15-34,15-34 anni,2015,562.547,,
A,Annuale,ITE,Centro,1,Maschi,Y15-34,15-34 anni,2016,567.259,,
A,Annuale,ITE,Centro,1,Maschi,Y15-34,15-34 anni,2017,568.006,,
A,Annuale,ITE,Centro,1,Maschi,Y15-34,15-34 anni,2018,566.914,,
A,Annuale,ITE,Centro,1,Maschi,Y15-34,15-34 anni,2019,560.525,,
A,Annuale,ITE,Centro,1,Maschi,Y15-34,15-34 anni,2020,545.318,,
A,Annuale,ITE,Centro,1,Maschi,Y15-34,15-34 anni,2021,557.6,,
A,Annuale,ITE,Centro,1,Maschi,Y15-34,15-34 anni,2022,594.793,,
A,Annuale,ITE,Centro,1,Maschi,Y15-34,15-34 anni,2023,614.653,,
A,Annuale,ITE,Centro,1,Maschi,Y15-34,15-34 anni,2024,616.356,,
A,Annuale,ITE,Centro,1,Maschi,Y15-34,15-34 anni,2025,592.374,,
A,Annuale,ITE,Centro,1,Maschi,Y35-49,35-49 anni,2004,1157.992,,
A,Annuale,ITE,Centro,1,Maschi,Y35-49,35-49 anni,2005,1179.313,,
A,Annuale,ITE,Centro,1,Maschi,Y35-49,35-49 anni,2006,1208.728,,
A,Annuale,ITE,Centro,1,Maschi,Y35-49,35-49 anni,2007,1223.974,,
A,Annuale,ITE,Centro,1,Maschi,Y35-49,35-49 anni,2008,1237.481,,
A,Annuale,ITE,Centro,1,Maschi,Y35-49,35-49 anni,2009,1239.32,,
A,Annuale,ITE,Centro,1,Maschi,Y35-49,35-49 anni,2010,1240.42,,
A,Annuale,ITE,Centro,1,Maschi,Y35-49,35-49 anni,2011,1250.959,,
A,Annuale,ITE,Centro,1,Maschi,Y35-49,35-49 anni,2012,1230.048,,
A,Annuale,ITE,Centro,1,Maschi,Y35-49,35-49 anni,2013,1195.554,,
A,Annuale,ITE,Centro,1,Maschi,Y35-49,35-49 anni,2014,1175.228,,
A,Annuale,ITE,Centro,1,Maschi,Y35-49,35-49 anni,2015,1163.923,,
A,Annuale,ITE,Centro,1,Maschi,Y35-49,35-49 anni,2016,1153.559,,
A,Annuale,ITE,Centro,1,Maschi,Y35-49,35-49 anni,2017,1148.671,,
A,Annuale,ITE,Centro,1,Maschi,Y35-49,35-49 anni,2018,1131.703,,
A,Annuale,ITE,Centro,1,Maschi,Y35-49,35-49 anni,2019,1119.117,,
A,Annuale,ITE,Centro,1,Maschi,Y35-49,35-49 anni,2020,1066.193,,
A,Annuale,ITE,Centro,1,Maschi,Y35-49,35-49 anni,2021,1039.667,,
A,Annuale,ITE,Centro,1,Maschi,Y35-49,35-49 anni,2022,1047.8,,
A,Annuale,ITE,Centro,1,Maschi,Y35-49,35-49 anni,2023,1037.57,,
A,Annuale,ITE,Centro,1,Maschi,Y35-49,35-49 anni,2024,1039.187,,
A,Annuale,ITE,Centro,1,Maschi,Y35-49,35-49 anni,2025,1020.331,,
A,Annuale,ITE,Centro,1,Maschi,Y50-64,50-64 anni,2004,592.814,,
A,Annuale,ITE,Centro,1,Maschi,Y50-64,50-64 anni,2005,601.593,,
A,Annuale,ITE,Centro,1,Maschi,Y50-64,50-64 anni,2006,612.798,,
A,Annuale,ITE,Centro,1,Maschi,Y50-64,50-64 anni,2007,638.541,,
A,Annuale,ITE,Centro,1,Maschi,Y50-64,50-64 anni,2008,660.362,,
A,Annuale,ITE,Centro,1,Maschi,Y50-64,50-64 anni,2009,675.401,,
A,Annuale,ITE,Centro,1,Maschi,Y50-64,50-64 anni,2010,685.942,,
A,Annuale,ITE,Centro,1,Maschi,Y50-64,50-64 anni,2011,695.665,,
A,Annuale,ITE,Centro,1,Maschi,Y50-64,50-64 anni,2012,718.825,,
A,Annuale,ITE,Centro,1,Maschi,Y50-64,50-64 anni,2013,742.405,,
A,Annuale,ITE,Centro,1,Maschi,Y50-64,50-64 anni,2014,789.39,,
A,Annuale,ITE,Centro,1,Maschi,Y50-64,50-64 anni,2015,835.661,,
A,Annuale,ITE,Centro,1,Maschi,Y50-64,50-64 anni,2016,869.252,,
A,Annuale,ITE,Centro,1,Maschi,Y50-64,50-64 anni,2017,892.047,,
A,Annuale,ITE,Centro,1,Maschi,Y50-64,50-64 anni,2018,921.796,,
A,Annuale,ITE,Centro,1,Maschi,Y50-64,50-64 anni,2019,942.853,,
A,Annuale,ITE,Centro,1,Maschi,Y50-64,50-64 anni,2020,951.217,,
A,Annuale,ITE,Centro,1,Maschi,Y50-64,50-64 anni,2021,963.708,,
A,Annuale,ITE,Centro,1,Maschi,Y50-64,50-64 anni,2022,991.552,,
A,Annuale,ITE,Centro,1,Maschi,Y50-64,50-64 anni,2023,1030.2,,
A,Annuale,ITE,Centro,1,Maschi,Y50-64,50-64 anni,2024,1066.255,,
A,Annuale,ITE,Centro,1,Maschi,Y50-64,50-64 anni,2025,1092.529,,
A,Annuale,ITE,Centro,1,Maschi,Y15-64,15-64 anni,2004,2582.7,,
A,Annuale,ITE,Centro,1,Maschi,Y15-64,15-64 anni,2005,2574.362,,
A,Annuale,ITE,Centro,1,Maschi,Y15-64,15-64 anni,2006,2631.608,,
A,Annuale,ITE,Centro,1,Maschi,Y15-64,15-64 anni,2007,2646.333,,
A,Annuale,ITE,Centro,1,Maschi,Y15-64,15-64 anni,2008,2672.891,,
A,Annuale,ITE,Centro,1,Maschi,Y15-64,15-64 anni,2009,2648.56,,
A,Annuale,ITE,Centro,1,Maschi,Y15-64,15-64 anni,2010,2627.841,,
A,Annuale,ITE,Centro,1,Maschi,Y15-64,15-64 anni,2011,2609.778,,
A,Annuale,ITE,Centro,1,Maschi,Y15-64,15-64 anni,2012,2578.879,,
A,Annuale,ITE,Centro,1,Maschi,Y15-64,15-64 anni,2013,2525.456,,
A,Annuale,ITE,Centro,1,Maschi,Y15-64,15-64 anni,2014,2534.627,,
A,Annuale,ITE,Centro,1,Maschi,Y15-64,15-64 anni,2015,2562.131,,
A,Annuale,ITE,Centro,1,Maschi,Y15-64,15-64 anni,2016,2590.07,,
A,Annuale,ITE,Centro,1,Maschi,Y15-64,15-64 anni,2017,2608.724,,
A,Annuale,ITE,Centro,1,Maschi,Y15-64,15-64 anni,2018,2620.414,,
A,Annuale,ITE,Centro,1,Maschi,Y15-64,15-64 anni,2019,2622.496,,
A,Annuale,ITE,Centro,1,Maschi,Y15-64,15-64 anni,2020,2562.728,,
A,Annuale,ITE,Centro,1,Maschi,Y15-64,15-64 anni,2021,2560.975,,
A,Annuale,ITE,Centro,1,Maschi,Y15-64,15-64 anni,2022,2634.145,,
A,Annuale,ITE,Centro,1,Maschi,Y15-64,15-64 anni,2023,2682.423,,
A,Annuale,ITE,Centro,1,Maschi,Y15-64,15-64 anni,2024,2721.799,,
A,Annuale,ITE,Centro,1,Maschi,Y15-64,15-64 anni,2025,2705.233,,
A,Annuale,ITE,Centro,1,Maschi,Y15-89,15-89 anni,2004,2639.704,,
A,Annuale,ITE,Centro,1,Maschi,Y15-89,15-89 anni,2005,2634.775,,
A,Annuale,ITE,Centro,1,Maschi,Y15-89,15-89 anni,2006,2694.395,,
A,Annuale,ITE,Centro,1,Maschi,Y15-89,15-89 anni,2007,2709.841,,
A,Annuale,ITE,Centro,1,Maschi,Y15-89,15-89 anni,2008,2739.365,,
A,Annuale,ITE,Centro,1,Maschi,Y15-89,15-89 anni,2009,2709.273,,
A,Annuale,ITE,Centro,1,Maschi,Y15-89,15-89 anni,2010,2693.124,,
A,Annuale,ITE,Centro,1,Maschi,Y15-89,15-89 anni,2011,2672.388,,
A,Annuale,ITE,Centro,1,Maschi,Y15-89,15-89 anni,2012,2646.538,,
A,Annuale,ITE,Centro,1,Maschi,Y15-89,15-89 anni,2013,2593.278,,
A,Annuale,ITE,Centro,1,Maschi,Y15-89,15-89 anni,2014,2612.45,,
A,Annuale,ITE,Centro,1,Maschi,Y15-89,15-89 anni,2015,2644.715,,
A,Annuale,ITE,Centro,1,Maschi,Y15-89,15-89 anni,2016,2673.48,,
A,Annuale,ITE,Centro,1,Maschi,Y15-89,15-89 anni,2017,2694.162,,
A,Annuale,ITE,Centro,1,Maschi,Y15-89,15-89 anni,2018,2720.411,,
A,Annuale,ITE,Centro,1,Maschi,Y15-89,15-89 anni,2019,2722.2,,
A,Annuale,ITE,Centro,1,Maschi,Y15-89,15-89 anni,2020,2664.587,,
A,Annuale,ITE,Centro,1,Maschi,Y15-89,15-89 anni,2021,2674.047,,
A,Annuale,ITE,Centro,1,Maschi,Y15-89,15-89 anni,2022,2739.146,,
A,Annuale,ITE,Centro,1,Maschi,Y15-89,15-89 anni,2023,2795.76,,
A,Annuale,ITE,Centro,1,Maschi,Y15-89,15-89 anni,2024,2840.743,,
A,Annuale,ITE,Centro,1,Maschi,Y15-89,15-89 anni,2025,2839.746,,
A,Annuale,ITE,Centro,2,Femmine,Y15-24,15-24 anni,2004,124.551,,
A,Annuale,ITE,Centro,2,Femmine,Y15-24,15-24 anni,2005,108.905,,
A,Annuale,ITE,Centro,2,Femmine,Y15-24,15-24 anni,2006,106.625,,
A,Annuale,ITE,Centro,2,Femmine,Y15-24,15-24 anni,2007,107.308,,
A,Annuale,ITE,Centro,2,Femmine,Y15-24,15-24 anni,2008,106.693,,
A,Annuale,ITE,Centro,2,Femmine,Y15-24,15-24 anni,2009,93.957,,
A,Annuale,ITE,Centro,2,Femmine,Y15-24,15-24 anni,2010,89.122,,
A,Annuale,ITE,Centro,2,Femmine,Y15-24,15-24 anni,2011,83.561,,
A,Annuale,ITE,Centro,2,Femmine,Y15-24,15-24 anni,2012,79.184,,
A,Annuale,ITE,Centro,2,Femmine,Y15-24,15-24 anni,2013,74.103,,
A,Annuale,ITE,Centro,2,Femmine,Y15-24,15-24 anni,2014,68.477,,
A,Annuale,ITE,Centro,2,Femmine,Y15-24,15-24 anni,2015,72.78,,
A,Annuale,ITE,Centro,2,Femmine,Y15-24,15-24 anni,2016,75.92,,
A,Annuale,ITE,Centro,2,Femmine,Y15-24,15-24 anni,2017,77.109,,
A,Annuale,ITE,Centro,2,Femmine,Y15-24,15-24 anni,2018,74.659,,
A,Annuale,ITE,Centro,2,Femmine,Y15-24,15-24 anni,2019,76.706,,
A,Annuale,ITE,Centro,2,Femmine,Y15-24,15-24 anni,2020,66.909,,
A,Annuale,ITE,Centro,2,Femmine,Y15-24,15-24 anni,2021,74.39,,
A,Annuale,ITE,Centro,2,Femmine,Y15-24,15-24 anni,2022,85.536,,
A,Annuale,ITE,Centro,2,Femmine,Y15-24,15-24 anni,2023,82.611,,
A,Annuale,ITE,Centro,2,Femmine,Y15-24,15-24 anni,2024,89.41,,
A,Annuale,ITE,Centro,2,Femmine,Y15-24,15-24 anni,2025,76.226,,
A,Annuale,ITE,Centro,2,Femmine,Y25-34,25-34 anni,2004,527.484,,
A,Annuale,ITE,Centro,2,Femmine,Y25-34,25-34 anni,2005,520.56,,
A,Annuale,ITE,Centro,2,Femmine,Y25-34,25-34 anni,2006,517.545,,
A,Annuale,ITE,Centro,2,Femmine,Y25-34,25-34 anni,2007,502.75,,
A,Annuale,ITE,Centro,2,Femmine,Y25-34,25-34 anni,2008,502.817,,
A,Annuale,ITE,Centro,2,Femmine,Y25-34,25-34 anni,2009,473.092,,
A,Annuale,ITE,Centro,2,Femmine,Y25-34,25-34 anni,2010,450.161,,
A,Annuale,ITE,Centro,2,Femmine,Y25-34,25-34 anni,2011,432.454,,
A,Annuale,ITE,Centro,2,Femmine,Y25-34,25-34 anni,2012,416.699,,
A,Annuale,ITE,Centro,2,Femmine,Y25-34,25-34 anni,2013,392.107,,
A,Annuale,ITE,Centro,2,Femmine,Y25-34,25-34 anni,2014,395.028,,
A,Annuale,ITE,Centro,2,Femmine,Y25-34,25-34 anni,2015,385.491,,
A,Annuale,ITE,Centro,2,Femmine,Y25-34,25-34 anni,2016,372.034,,
A,Annuale,ITE,Centro,2,Femmine,Y25-34,25-34 anni,2017,377.332,,
A,Annuale,ITE,Centro,2,Femmine,Y25-34,25-34 anni,2018,368.273,,
A,Annuale,ITE,Centro,2,Femmine,Y25-34,25-34 anni,2019,371.218,,
A,Annuale,ITE,Centro,2,Femmine,Y25-34,25-34 anni,2020,337.872,,
A,Annuale,ITE,Centro,2,Femmine,Y25-34,25-34 anni,2021,342.59,,
A,Annuale,ITE,Centro,2,Femmine,Y25-34,25-34 anni,2022,367.395,,
A,Annuale,ITE,Centro,2,Femmine,Y25-34,25-34 anni,2023,372.655,,
A,Annuale,ITE,Centro,2,Femmine,Y25-34,25-34 anni,2024,374.745,,
A,Annuale,ITE,Centro,2,Femmine,Y25-34,25-34 anni,2025,366.843,,
A,Annuale,ITE,Centro,2,Femmine,Y15-34,15-34 anni,2004,652.035,,
A,Annuale,ITE,Centro,2,Femmine,Y15-34,15-34 anni,2005,629.464,,
A,Annuale,ITE,Centro,2,Femmine,Y15-34,15-34 anni,2006,624.17,,
A,Annuale,ITE,Centro,2,Femmine,Y15-34,15-34 anni,2007,610.059,,
A,Annuale,ITE,Centro,2,Femmine,Y15-34,15-34 anni,2008,609.51,,
A,Annuale,ITE,Centro,2,Femmine,Y15-34,15-34 anni,2009,567.048,,
A,Annuale,ITE,Centro,2,Femmine,Y15-34,15-34 anni,2010,539.283,,
A,Annuale,ITE,Centro,2,Femmine,Y15-34,15-34 anni,2011,516.015,,
A,Annuale,ITE,Centro,2,Femmine,Y15-34,15-34 anni,2012,495.883,,
A,Annuale,ITE,Centro,2,Femmine,Y15-34,15-34 anni,2013,466.21,,
A,Annuale,ITE,Centro,2,Femmine,Y15-34,15-34 anni,2014,463.505,,
A,Annuale,ITE,Centro,2,Femmine,Y15-34,15-34 anni,2015,458.271,,
A,Annuale,ITE,Centro,2,Femmine,Y15-34,15-34 anni,2016,447.954,,
A,Annuale,ITE,Centro,2,Femmine,Y15-34,15-34 anni,2017,454.441,,
A,Annuale,ITE,Centro,2,Femmine,Y15-34,15-34 anni,2018,442.932,,
A,Annuale,ITE,Centro,2,Femmine,Y15-34,15-34 anni,2019,447.924,,
A,Annuale,ITE,Centro,2,Femmine,Y15-34,15-34 anni,2020,404.781,,
A,Annuale,ITE,Centro,2,Femmine,Y15-34,15-34 anni,2021,416.98,,
A,Annuale,ITE,Centro,2,Femmine,Y15-34,15-34 anni,2022,452.93,,
A,Annuale,ITE,Centro,2,Femmine,Y15-34,15-34 anni,2023,455.267,,
A,Annuale,ITE,Centro,2,Femmine,Y15-34,15-34 anni,2024,464.155,,
A,Annuale,ITE,Centro,2,Femmine,Y15-34,15-34 anni,2025,443.069,,
A,Annuale,ITE,Centro,2,Femmine,Y35-49,35-49 anni,2004,838.548,,
A,Annuale,ITE,Centro,2,Femmine,Y35-49,35-49 anni,2005,866.285,,
A,Annuale,ITE,Centro,2,Femmine,Y35-49,35-49 anni,2006,878.887,,
A,Annuale,ITE,Centro,2,Femmine,Y35-49,35-49 anni,2007,898.965,,
A,Annuale,ITE,Centro,2,Femmine,Y35-49,35-49 anni,2008,943.835,,
A,Annuale,ITE,Centro,2,Femmine,Y35-49,35-49 anni,2009,950.091,,
A,Annuale,ITE,Centro,2,Femmine,Y35-49,35-49 anni,2010,958.833,,
A,Annuale,ITE,Centro,2,Femmine,Y35-49,35-49 anni,2011,965.803,,
A,Annuale,ITE,Centro,2,Femmine,Y35-49,35-49 anni,2012,965.653,,
A,Annuale,ITE,Centro,2,Femmine,Y35-49,35-49 anni,2013,959.246,,
A,Annuale,ITE,Centro,2,Femmine,Y35-49,35-49 anni,2014,957.005,,
A,Annuale,ITE,Centro,2,Femmine,Y35-49,35-49 anni,2015,948.162,,
A,Annuale,ITE,Centro,2,Femmine,Y35-49,35-49 anni,2016,944.471,,
A,Annuale,ITE,Centro,2,Femmine,Y35-49,35-49 anni,2017,934.155,,
A,Annuale,ITE,Centro,2,Femmine,Y35-49,35-49 anni,2018,927.278,,
A,Annuale,ITE,Centro,2,Femmine,Y35-49,35-49 anni,2019,910.265,,
A,Annuale,ITE,Centro,2,Femmine,Y35-49,35-49 anni,2020,857.057,,
A,Annuale,ITE,Centro,2,Femmine,Y35-49,35-49 anni,2021,853.634,,
A,Annuale,ITE,Centro,2,Femmine,Y35-49,35-49 anni,2022,854.909,,
A,Annuale,ITE,Centro,2,Femmine,Y35-49,35-49 anni,2023,856.971,,
A,Annuale,ITE,Centro,2,Femmine,Y35-49,35-49 anni,2024,856.198,,
A,Annuale,ITE,Centro,2,Femmine,Y35-49,35-49 anni,2025,842.603,,
A,Annuale,ITE,Centro,2,Femmine,Y50-64,50-64 anni,2004,374.737,,
A,Annuale,ITE,Centro,2,Femmine,Y50-64,50-64 anni,2005,396.716,,
A,Annuale,ITE,Centro,2,Femmine,Y50-64,50-64 anni,2006,404.766,,
A,Annuale,ITE,Centro,2,Femmine,Y50-64,50-64 anni,2007,423.221,,
A,Annuale,ITE,Centro,2,Femmine,Y50-64,50-64 anni,2008,442.082,,
A,Annuale,ITE,Centro,2,Femmine,Y50-64,50-64 anni,2009,461.89,,
A,Annuale,ITE,Centro,2,Femmine,Y50-64,50-64 anni,2010,481.732,,
A,Annuale,ITE,Centro,2,Femmine,Y50-64,50-64 anni,2011,509.208,,
A,Annuale,ITE,Centro,2,Femmine,Y50-64,50-64 anni,2012,551.351,,
A,Annuale,ITE,Centro,2,Femmine,Y50-64,50-64 anni,2013,583.545,,
A,Annuale,ITE,Centro,2,Femmine,Y50-64,50-64 anni,2014,640.355,,
A,Annuale,ITE,Centro,2,Femmine,Y50-64,50-64 anni,2015,663.179,,
A,Annuale,ITE,Centro,2,Femmine,Y50-64,50-64 anni,2016,683.39,,
A,Annuale,ITE,Centro,2,Femmine,Y50-64,50-64 anni,2017,720.702,,
A,Annuale,ITE,Centro,2,Femmine,Y50-64,50-64 anni,2018,751.184,,
A,Annuale,ITE,Centro,2,Femmine,Y50-64,50-64 anni,2019,776.005,,
A,Annuale,ITE,Centro,2,Femmine,Y50-64,50-64 anni,2020,784.451,,
A,Annuale,ITE,Centro,2,Femmine,Y50-64,50-64 anni,2021,785.792,,
A,Annuale,ITE,Centro,2,Femmine,Y50-64,50-64 anni,2022,827.623,,
A,Annuale,ITE,Centro,2,Femmine,Y50-64,50-64 anni,2023,834.048,,
A,Annuale,ITE,Centro,2,Femmine,Y50-64,50-64 anni,2024,871.678,,
A,Annuale,ITE,Centro,2,Femmine,Y50-64,50-64 anni,2025,923.312,,
A,Annuale,ITE,Centro,2,Femmine,Y15-64,15-64 anni,2004,1865.321,,
A,Annuale,ITE,Centro,2,Femmine,Y15-64,15-64 anni,2005,1892.466,,
A,Annuale,ITE,Centro,2,Femmine,Y15-64,15-64 anni,2006,1907.822,,
A,Annuale,ITE,Centro,2,Femmine,Y15-64,15-64 anni,2007,1932.245,,
A,Annuale,ITE,Centro,2,Femmine,Y15-64,15-64 anni,2008,1995.427,,
A,Annuale,ITE,Centro,2,Femmine,Y15-64,15-64 anni,2009,1979.029,,
A,Annuale,ITE,Centro,2,Femmine,Y15-64,15-64 anni,2010,1979.848,,
A,Annuale,ITE,Centro,2,Femmine,Y15-64,15-64 anni,2011,1991.027,,
A,Annuale,ITE,Centro,2,Femmine,Y15-64,15-64 anni,2012,2012.887,,
A,Annuale,ITE,Centro,2,Femmine,Y15-64,15-64 anni,2013,2009.001,,
A,Annuale,ITE,Centro,2,Femmine,Y15-64,15-64 anni,2014,2060.865,,
A,Annuale,ITE,Centro,2,Femmine,Y15-64,15-64 anni,2015,2069.613,,
A,Annuale,ITE,Centro,2,Femmine,Y15-64,15-64 anni,2016,2075.815,,
A,Annuale,ITE,Centro,2,Femmine,Y15-64,15-64 anni,2017,2109.299,,
A,Annuale,ITE,Centro,2,Femmine,Y15-64,15-64 anni,2018,2121.395,,
A,Annuale,ITE,Centro,2,Femmine,Y15-64,15-64 anni,2019,2134.194,,
A,Annuale,ITE,Centro,2,Femmine,Y15-64,15-64 anni,2020,2046.289,,
A,Annuale,ITE,Centro,2,Femmine,Y15-64,15-64 anni,2021,2056.406,,
A,Annuale,ITE,Centro,2,Femmine,Y15-64,15-64 anni,2022,2135.463,,
A,Annuale,ITE,Centro,2,Femmine,Y15-64,15-64 anni,2023,2146.287,,
A,Annuale,ITE,Centro,2,Femmine,Y15-64,15-64 anni,2024,2192.031,,
A,Annuale,ITE,Centro,2,Femmine,Y15-64,15-64 anni,2025,2208.984,,
A,Annuale,ITE,Centro,2,Femmine,Y15-89,15-89 anni,2004,1884.955,,
A,Annuale,ITE,Centro,2,Femmine,Y15-89,15-89 anni,2005,1909.607,,
A,Annuale,ITE,Centro,2,Femmine,Y15-89,15-89 anni,2006,1924.512,,
A,Annuale,ITE,Centro,2,Femmine,Y15-89,15-89 anni,2007,1952.5,,
A,Annuale,ITE,Centro,2,Femmine,Y15-89,15-89 anni,2008,2014.549,,
A,Annuale,ITE,Centro,2,Femmine,Y15-89,15-89 anni,2009,1999.864,,
A,Annuale,ITE,Centro,2,Femmine,Y15-89,15-89 anni,2010,2001.648,,
A,Annuale,ITE,Centro,2,Femmine,Y15-89,15-89 anni,2011,2014.048,,
A,Annuale,ITE,Centro,2,Femmine,Y15-89,15-89 anni,2012,2035.727,,
A,Annuale,ITE,Centro,2,Femmine,Y15-89,15-89 anni,2013,2036.782,,
A,Annuale,ITE,Centro,2,Femmine,Y15-89,15-89 anni,2014,2092.176,,
A,Annuale,ITE,Centro,2,Femmine,Y15-89,15-89 anni,2015,2101.776,,
A,Annuale,ITE,Centro,2,Femmine,Y15-89,15-89 anni,2016,2108.822,,
A,Annuale,ITE,Centro,2,Femmine,Y15-89,15-89 anni,2017,2146.339,,
A,Annuale,ITE,Centro,2,Femmine,Y15-89,15-89 anni,2018,2164.381,,
A,Annuale,ITE,Centro,2,Femmine,Y15-89,15-89 anni,2019,2186.161,,
A,Annuale,ITE,Centro,2,Femmine,Y15-89,15-89 anni,2020,2098.847,,
A,Annuale,ITE,Centro,2,Femmine,Y15-89,15-89 anni,2021,2108.793,,
A,Annuale,ITE,Centro,2,Femmine,Y15-89,15-89 anni,2022,2191.008,,
A,Annuale,ITE,Centro,2,Femmine,Y15-89,15-89 anni,2023,2210.384,,
A,Annuale,ITE,Centro,2,Femmine,Y15-89,15-89 anni,2024,2259.617,,
A,Annuale,ITE,Centro,2,Femmine,Y15-89,15-89 anni,2025,2287.872,,
A,Annuale,ITE,Centro,9,Totale,Y15-24,15-24 anni,2004,289.592,,
A,Annuale,ITE,Centro,9,Totale,Y15-24,15-24 anni,2005,266.049,,
A,Annuale,ITE,Centro,9,Totale,Y15-24,15-24 anni,2006,271.673,,
A,Annuale,ITE,Centro,9,Totale,Y15-24,15-24 anni,2007,265.288,,
A,Annuale,ITE,Centro,9,Totale,Y15-24,15-24 anni,2008,267.097,,
A,Annuale,ITE,Centro,9,Totale,Y15-24,15-24 anni,2009,243.875,,
A,Annuale,ITE,Centro,9,Totale,Y15-24,15-24 anni,2010,227.713,,
A,Annuale,ITE,Centro,9,Totale,Y15-24,15-24 anni,2011,215.426,,
A,Annuale,ITE,Centro,9,Totale,Y15-24,15-24 anni,2012,203.812,,
A,Annuale,ITE,Centro,9,Totale,Y15-24,15-24 anni,2013,179.268,,
A,Annuale,ITE,Centro,9,Totale,Y15-24,15-24 anni,2014,168.383,,
A,Annuale,ITE,Centro,9,Totale,Y15-24,15-24 anni,2015,177.25,,
A,Annuale,ITE,Centro,9,Totale,Y15-24,15-24 anni,2016,182.458,,
A,Annuale,ITE,Centro,9,Totale,Y15-24,15-24 anni,2017,189.032,,
A,Annuale,ITE,Centro,9,Totale,Y15-24,15-24 anni,2018,190.414,,
A,Annuale,ITE,Centro,9,Totale,Y15-24,15-24 anni,2019,190.831,,
A,Annuale,ITE,Centro,9,Totale,Y15-24,15-24 anni,2020,170.317,,
A,Annuale,ITE,Centro,9,Totale,Y15-24,15-24 anni,2021,187.002,,
A,Annuale,ITE,Centro,9,Totale,Y15-24,15-24 anni,2022,219.188,,
A,Annuale,ITE,Centro,9,Totale,Y15-24,15-24 anni,2023,221.675,,
A,Annuale,ITE,Centro,9,Totale,Y15-24,15-24 anni,2024,227.488,,
A,Annuale,ITE,Centro,9,Totale,Y15-24,15-24 anni,2025,193.283,,
A,Annuale,ITE,Centro,9,Totale,Y25-34,25-34 anni,2004,1194.336,,
A,Annuale,ITE,Centro,9,Totale,Y25-34,25-34 anni,2005,1156.872,,
A,Annuale,ITE,Centro,9,Totale,Y25-34,25-34 anni,2006,1162.578,,
A,Annuale,ITE,Centro,9,Totale,Y25-34,25-34 anni,2007,1128.588,,
A,Annuale,ITE,Centro,9,Totale,Y25-34,25-34 anni,2008,1117.462,,
A,Annuale,ITE,Centro,9,Totale,Y25-34,25-34 anni,2009,1057.012,,
A,Annuale,ITE,Centro,9,Totale,Y25-34,25-34 anni,2010,1013.049,,
A,Annuale,ITE,Centro,9,Totale,Y25-34,25-34 anni,2011,963.742,,
A,Annuale,ITE,Centro,9,Totale,Y25-34,25-34 anni,2012,922.078,,
A,Annuale,ITE,Centro,9,Totale,Y25-34,25-34 anni,2013,874.44,,
A,Annuale,ITE,Centro,9,Totale,Y25-34,25-34 anni,2014,865.132,,
A,Annuale,ITE,Centro,9,Totale,Y25-34,25-34 anni,2015,843.568,,
A,Annuale,ITE,Centro,9,Totale,Y25-34,25-34 anni,2016,832.755,,
A,Annuale,ITE,Centro,9,Totale,Y25-34,25-34 anni,2017,833.415,,
A,Annuale,ITE,Centro,9,Totale,Y25-34,25-34 anni,2018,819.432,,
A,Annuale,ITE,Centro,9,Totale,Y25-34,25-34 anni,2019,817.618,,
A,Annuale,ITE,Centro,9,Totale,Y25-34,25-34 anni,2020,779.782,,
A,Annuale,ITE,Centro,9,Totale,Y25-34,25-34 anni,2021,787.577,,
A,Annuale,ITE,Centro,9,Totale,Y25-34,25-34 anni,2022,828.536,,
A,Annuale,ITE,Centro,9,Totale,Y25-34,25-34 anni,2023,848.244,,
A,Annuale,ITE,Centro,9,Totale,Y25-34,25-34 anni,2024,853.023,,
A,Annuale,ITE,Centro,9,Totale,Y25-34,25-34 anni,2025,842.159,,
A,Annuale,ITE,Centro,9,Totale,Y15-34,15-34 anni,2004,1483.928,,
A,Annuale,ITE,Centro,9,Totale,Y15-34,15-34 anni,2005,1422.921,,
A,Annuale,ITE,Centro,9,Totale,Y15-34,15-34 anni,2006,1434.252,,
A,Annuale,ITE,Centro,9,Totale,Y15-34,15-34 anni,2007,1393.877,,
A,Annuale,ITE,Centro,9,Totale,Y15-34,15-34 anni,2008,1384.558,,
A,Annuale,ITE,Centro,9,Totale,Y15-34,15-34 anni,2009,1300.887,,
A,Annuale,ITE,Centro,9,Totale,Y15-34,15-34 anni,2010,1240.762,,
A,Annuale,ITE,Centro,9,Totale,Y15-34,15-34 anni,2011,1179.169,,
A,Annuale,ITE,Centro,9,Totale,Y15-34,15-34 anni,2012,1125.89,,
A,Annuale,ITE,Centro,9,Totale,Y15-34,15-34 anni,2013,1053.708,,
A,Annuale,ITE,Centro,9,Totale,Y15-34,15-34 anni,2014,1033.515,,
A,Annuale,ITE,Centro,9,Totale,Y15-34,15-34 anni,2015,1020.818,,
A,Annuale,ITE,Centro,9,Totale,Y15-34,15-34 anni,2016,1015.213,,
A,Annuale,ITE,Centro,9,Totale,Y15-34,15-34 anni,2017,1022.447,,
A,Annuale,ITE,Centro,9,Totale,Y15-34,15-34 anni,2018,1009.846,,
A,Annuale,ITE,Centro,9,Totale,Y15-34,15-34 anni,2019,1008.449,,
A,Annuale,ITE,Centro,9,Totale,Y15-34,15-34 anni,2020,950.099,,
A,Annuale,ITE,Centro,9,Totale,Y15-34,15-34 anni,2021,974.579,,
A,Annuale,ITE,Centro,9,Totale,Y15-34,15-34 anni,2022,1047.723,,
A,Annuale,ITE,Centro,9,Totale,Y15-34,15-34 anni,2023,1069.919,,
A,Annuale,ITE,Centro,9,Totale,Y15-34,15-34 anni,2024,1080.511,,
A,Annuale,ITE,Centro,9,Totale,Y15-34,15-34 anni,2025,1035.442,,
A,Annuale,ITE,Centro,9,Totale,Y35-49,35-49 anni,2004,1996.541,,
A,Annuale,ITE,Centro,9,Totale,Y35-49,35-49 anni,2005,2045.598,,
A,Annuale,ITE,Centro,9,Totale,Y35-49,35-49 anni,2006,2087.615,,
A,Annuale,ITE,Centro,9,Totale,Y35-49,35-49 anni,2007,2122.939,,
A,Annuale,ITE,Centro,9,Totale,Y35-49,35-49 anni,2008,2181.316,,
A,Annuale,ITE,Centro,9,Totale,Y35-49,35-49 anni,2009,2189.411,,
A,Annuale,ITE,Centro,9,Totale,Y35-49,35-49 anni,2010,2199.252,,
A,Annuale,ITE,Centro,9,Totale,Y35-49,35-49 anni,2011,2216.763,,
A,Annuale,ITE,Centro,9,Totale,Y35-49,35-49 anni,2012,2195.7,,
A,Annuale,ITE,Centro,9,Totale,Y35-49,35-49 anni,2013,2154.799,,
A,Annuale,ITE,Centro,9,Totale,Y35-49,35-49 anni,2014,2132.233,,
A,Annuale,ITE,Centro,9,Totale,Y35-49,35-49 anni,2015,2112.085,,
A,Annuale,ITE,Centro,9,Totale,Y35-49,35-49 anni,2016,2098.03,,
A,Annuale,ITE,Centro,9,Totale,Y35-49,35-49 anni,2017,2082.827,,
A,Annuale,ITE,Centro,9,Totale,Y35-49,35-49 anni,2018,2058.981,,
A,Annuale,ITE,Centro,9,Totale,Y35-49,35-49 anni,2019,2029.382,,
A,Annuale,ITE,Centro,9,Totale,Y35-49,35-49 anni,2020,1923.25,,
A,Annuale,ITE,Centro,9,Totale,Y35-49,35-49 anni,2021,1893.301,,
A,Annuale,ITE,Centro,9,Totale,Y35-49,35-49 anni,2022,1902.709,,
A,Annuale,ITE,Centro,9,Totale,Y35-49,35-49 anni,2023,1894.542,,
A,Annuale,ITE,Centro,9,Totale,Y35-49,35-49 anni,2024,1895.385,,
A,Annuale,ITE,Centro,9,Totale,Y35-49,35-49 anni,2025,1862.934,,
A,Annuale,ITE,Centro,9,Totale,Y50-64,50-64 anni,2004,967.551,,
A,Annuale,ITE,Centro,9,Totale,Y50-64,50-64 anni,2005,998.309,,
A,Annuale,ITE,Centro,9,Totale,Y50-64,50-64 anni,2006,1017.563,,
A,Annuale,ITE,Centro,9,Totale,Y50-64,50-64 anni,2007,1061.763,,
A,Annuale,ITE,Centro,9,Totale,Y50-64,50-64 anni,2008,1102.444,,
A,Annuale,ITE,Centro,9,Totale,Y50-64,50-64 anni,2009,1137.291,,
A,Annuale,ITE,Centro,9,Totale,Y50-64,50-64 anni,2010,1167.675,,
A,Annuale,ITE,Centro,9,Totale,Y50-64,50-64 anni,2011,1204.873,,
A,Annuale,ITE,Centro,9,Totale,Y50-64,50-64 anni,2012,1270.176,,
A,Annuale,ITE,Centro,9,Totale,Y50-64,50-64 anni,2013,1325.95,,
A,Annuale,ITE,Centro,9,Totale,Y50-64,50-64 anni,2014,1429.745,,
A,Annuale,ITE,Centro,9,Totale,Y50-64,50-64 anni,2015,1498.841,,
A,Annuale,ITE,Centro,9,Totale,Y50-64,50-64 anni,2016,1552.642,,
A,Annuale,ITE,Centro,9,Totale,Y50-64,50-64 anni,2017,1612.749,,
A,Annuale,ITE,Centro,9,Totale,Y50-64,50-64 anni,2018,1672.981,,
A,Annuale,ITE,Centro,9,Totale,Y50-64,50-64 anni,2019,1718.859,,
A,Annuale,ITE,Centro,9,Totale,Y50-64,50-64 anni,2020,1735.668,,
A,Annuale,ITE,Centro,9,Totale,Y50-64,50-64 anni,2021,1749.5,,
A,Annuale,ITE,Centro,9,Totale,Y50-64,50-64 anni,2022,1819.176,,
A,Annuale,ITE,Centro,9,Totale,Y50-64,50-64 anni,2023,1864.249,,
A,Annuale,ITE,Centro,9,Totale,Y50-64,50-64 anni,2024,1937.934,,
A,Annuale,ITE,Centro,9,Totale,Y50-64,50-64 anni,2025,2015.841,,
A,Annuale,ITE,Centro,9,Totale,Y15-64,15-64 anni,2004,4448.02,,
A,Annuale,ITE,Centro,9,Totale,Y15-64,15-64 anni,2005,4466.828,,
A,Annuale,ITE,Centro,9,Totale,Y15-64,15-64 anni,2006,4539.43,,
A,Annuale,ITE,Centro,9,Totale,Y15-64,15-64 anni,2007,4578.578,,
A,Annuale,ITE,Centro,9,Totale,Y15-64,15-64 anni,2008,4668.318,,
A,Annuale,ITE,Centro,9,Totale,Y15-64,15-64 anni,2009,4627.589,,
A,Annuale,ITE,Centro,9,Totale,Y15-64,15-64 anni,2010,4607.689,,
A,Annuale,ITE,Centro,9,Totale,Y15-64,15-64 anni,2011,4600.804,,
A,Annuale,ITE,Centro,9,Totale,Y15-64,15-64 anni,2012,4591.766,,
A,Annuale,ITE,Centro,9,Totale,Y15-64,15-64 anni,2013,4534.457,,
A,Annuale,ITE,Centro,9,Totale,Y15-64,15-64 anni,2014,4595.492,,
A,Annuale,ITE,Centro,9,Totale,Y15-64,15-64 anni,2015,4631.744,,
A,Annuale,ITE,Centro,9,Totale,Y15-64,15-64 anni,2016,4665.885,,
A,Annuale,ITE,Centro,9,Totale,Y15-64,15-64 anni,2017,4718.023,,
A,Annuale,ITE,Centro,9,Totale,Y15-64,15-64 anni,2018,4741.808,,
A,Annuale,ITE,Centro,9,Totale,Y15-64,15-64 anni,2019,4756.69,,
A,Annuale,ITE,Centro,9,Totale,Y15-64,15-64 anni,2020,4609.017,,
A,Annuale,ITE,Centro,9,Totale,Y15-64,15-64 anni,2021,4617.381,,
A,Annuale,ITE,Centro,9,Totale,Y15-64,15-64 anni,2022,4769.608,,
A,Annuale,ITE,Centro,9,Totale,Y15-64,15-64 anni,2023,4828.71,,
A,Annuale,ITE,Centro,9,Totale,Y15-64,15-64 anni,2024,4913.829,,
A,Annuale,ITE,Centro,9,Totale,Y15-64,15-64 anni,2025,4914.218,,
A,Annuale,ITE,Centro,9,Totale,Y15-89,15-89 anni,2004,4524.658,,
A,Annuale,ITE,Centro,9,Totale,Y15-89,15-89 anni,2005,4544.382,,
A,Annuale,ITE,Centro,9,Totale,Y15-89,15-89 anni,2006,4618.907,,
A,Annuale,ITE,Centro,9,Totale,Y15-89,15-89 anni,2007,4662.341,,
A,Annuale,ITE,Centro,9,Totale,Y15-89,15-89 anni,2008,4753.914,,
A,Annuale,ITE,Centro,9,Totale,Y15-89,15-89 anni,2009,4709.137,,
A,Annuale,ITE,Centro,9,Totale,Y15-89,15-89 anni,2010,4694.772,,
A,Annuale,ITE,Centro,9,Totale,Y15-89,15-89 anni,2011,4686.436,,
A,Annuale,ITE,Centro,9,Totale,Y15-89,15-89 anni,2012,4682.266,,
A,Annuale,ITE,Centro,9,Totale,Y15-89,15-89 anni,2013,4630.06,,
A,Annuale,ITE,Centro,9,Totale,Y15-89,15-89 anni,2014,4704.625,,
A,Annuale,ITE,Centro,9,Totale,Y15-89,15-89 anni,2015,4746.491,,
A,Annuale,ITE,Centro,9,Totale,Y15-89,15-89 anni,2016,4782.302,,
A,Annuale,ITE,Centro,9,Totale,Y15-89,15-89 anni,2017,4840.502,,
A,Annuale,ITE,Centro,9,Totale,Y15-89,15-89 anni,2018,4884.791,,
A,Annuale,ITE,Centro,9,Totale,Y15-89,15-89 anni,2019,4908.361,,
A,Annuale,ITE,Centro,9,Totale,Y15-89,15-89 anni,2020,4763.434,,
A,Annuale,ITE,Centro,9,Totale,Y15-89,15-89 anni,2021,4782.84,,
A,Annuale,ITE,Centro,9,Totale,Y15-89,15-89 anni,2022,4930.154,,
A,Annuale,ITE,Centro,9,Totale,Y15-89,15-89 anni,2023,5006.144,,
A,Annuale,ITE,Centro,9,Totale,Y15-89,15-89 anni,2024,5100.36,,
A,Annuale,ITE,Centro,9,Totale,Y15-89,15-89 anni,2025,5127.619,,
A,Annuale,ITE1,Toscana,1,Maschi,Y15-24,15-24 anni,2018,37.396,,
A,Annuale,ITE1,Toscana,1,Maschi,Y15-24,15-24 anni,2019,37.979,,
A,Annuale,ITE1,Toscana,1,Maschi,Y15-24,15-24 anni,2020,36.218,,
A,Annuale,ITE1,Toscana,1,Maschi,Y15-24,15-24 anni,2021,39.856,,
A,Annuale,ITE1,Toscana,1,Maschi,Y15-24,15-24 anni,2022,50.591,,
A,Annuale,ITE1,Toscana,1,Maschi,Y15-24,15-24 anni,2023,48.824,,
A,Annuale,ITE1,Toscana,1,Maschi,Y15-24,15-24 anni,2024,52.767,,
A,Annuale,ITE1,Toscana,1,Maschi,Y15-24,15-24 anni,2025,45.59,,
A,Annuale,ITE1,Toscana,1,Maschi,Y25-34,25-34 anni,2018,136.175,,
A,Annuale,ITE1,Toscana,1,Maschi,Y25-34,25-34 anni,2019,142.797,,
A,Annuale,ITE1,Toscana,1,Maschi,Y25-34,25-34 anni,2020,142.228,,
A,Annuale,ITE1,Toscana,1,Maschi,Y25-34,25-34 anni,2021,141.271,,
A,Annuale,ITE1,Toscana,1,Maschi,Y25-34,25-34 anni,2022,146.679,,
A,Annuale,ITE1,Toscana,1,Maschi,Y25-34,25-34 anni,2023,150.352,,
A,Annuale,ITE1,Toscana,1,Maschi,Y25-34,25-34 anni,2024,156.177,,
A,Annuale,ITE1,Toscana,1,Maschi,Y25-34,25-34 anni,2025,154.403,,
A,Annuale,ITE1,Toscana,1,Maschi,Y15-34,15-34 anni,2018,173.57,,
A,Annuale,ITE1,Toscana,1,Maschi,Y15-34,15-34 anni,2019,180.776,,
A,Annuale,ITE1,Toscana,1,Maschi,Y15-34,15-34 anni,2020,178.446,,
A,Annuale,ITE1,Toscana,1,Maschi,Y15-34,15-34 anni,2021,181.127,,
A,Annuale,ITE1,Toscana,1,Maschi,Y15-34,15-34 anni,2022,197.269,,
A,Annuale,ITE1,Toscana,1,Maschi,Y15-34,15-34 anni,2023,199.176,,
A,Annuale,ITE1,Toscana,1,Maschi,Y15-34,15-34 anni,2024,208.943,,
A,Annuale,ITE1,Toscana,1,Maschi,Y15-34,15-34 anni,2025,199.993,,
A,Annuale,ITE1,Toscana,1,Maschi,Y35-49,35-49 anni,2018,357.318,,
A,Annuale,ITE1,Toscana,1,Maschi,Y35-49,35-49 anni,2019,349.123,,
A,Annuale,ITE1,Toscana,1,Maschi,Y35-49,35-49 anni,2020,330.31,,
A,Annuale,ITE1,Toscana,1,Maschi,Y35-49,35-49 anni,2021,329.057,,
A,Annuale,ITE1,Toscana,1,Maschi,Y35-49,35-49 anni,2022,332.223,,
A,Annuale,ITE1,Toscana,1,Maschi,Y35-49,35-49 anni,2023,326.247,,
A,Annuale,ITE1,Toscana,1,Maschi,Y35-49,35-49 anni,2024,325.829,,
A,Annuale,ITE1,Toscana,1,Maschi,Y35-49,35-49 anni,2025,317.109,,
A,Annuale,ITE1,Toscana,1,Maschi,Y50-64,50-64 anni,2018,293.449,,
A,Annuale,ITE1,Toscana,1,Maschi,Y50-64,50-64 anni,2019,298.778,,
A,Annuale,ITE1,Toscana,1,Maschi,Y50-64,50-64 anni,2020,303.324,,
A,Annuale,ITE1,Toscana,1,Maschi,Y50-64,50-64 anni,2021,301.974,,
A,Annuale,ITE1,Toscana,1,Maschi,Y50-64,50-64 anni,2022,319.036,,
A,Annuale,ITE1,Toscana,1,Maschi,Y50-64,50-64 anni,2023,333.93,,
A,Annuale,ITE1,Toscana,1,Maschi,Y50-64,50-64 anni,2024,347.787,,
A,Annuale,ITE1,Toscana,1,Maschi,Y50-64,50-64 anni,2025,350.979,,
A,Annuale,ITE1,Toscana,1,Maschi,Y15-64,15-64 anni,2018,824.337,,
A,Annuale,ITE1,Toscana,1,Maschi,Y15-64,15-64 anni,2019,828.678,,
A,Annuale,ITE1,Toscana,1,Maschi,Y15-64,15-64 anni,2020,812.08,,
A,Annuale,ITE1,Toscana,1,Maschi,Y15-64,15-64 anni,2021,812.157,,
A,Annuale,ITE1,Toscana,1,Maschi,Y15-64,15-64 anni,2022,848.528,,
A,Annuale,ITE1,Toscana,1,Maschi,Y15-64,15-64 anni,2023,859.353,,
A,Annuale,ITE1,Toscana,1,Maschi,Y15-64,15-64 anni,2024,882.559,,
A,Annuale,ITE1,Toscana,1,Maschi,Y15-64,15-64 anni,2025,868.081,,
A,Annuale,ITE1,Toscana,1,Maschi,Y15-89,15-89 anni,2018,861.669,,
A,Annuale,ITE1,Toscana,1,Maschi,Y15-89,15-89 anni,2019,866.933,,
A,Annuale,ITE1,Toscana,1,Maschi,Y15-89,15-89 anni,2020,853.308,,
A,Annuale,ITE1,Toscana,1,Maschi,Y15-89,15-89 anni,2021,852.161,,
A,Annuale,ITE1,Toscana,1,Maschi,Y15-89,15-89 anni,2022,887.415,,
A,Annuale,ITE1,Toscana,1,Maschi,Y15-89,15-89 anni,2023,899.937,,
A,Annuale,ITE1,Toscana,1,Maschi,Y15-89,15-89 anni,2024,923.715,,
A,Annuale,ITE1,Toscana,1,Maschi,Y15-89,15-89 anni,2025,914.216,,
A,Annuale,ITE1,Toscana,2,Femmine,Y15-24,15-24 anni,2018,25.874,,
A,Annuale,ITE1,Toscana,2,Femmine,Y15-24,15-24 anni,2019,27.147,,
A,Annuale,ITE1,Toscana,2,Femmine,Y15-24,15-24 anni,2020,21.734,,
A,Annuale,ITE1,Toscana,2,Femmine,Y15-24,15-24 anni,2021,24.387,,
A,Annuale,ITE1,Toscana,2,Femmine,Y15-24,15-24 anni,2022,33.958,,
A,Annuale,ITE1,Toscana,2,Femmine,Y15-24,15-24 anni,2023,30.674,,
A,Annuale,ITE1,Toscana,2,Femmine,Y15-24,15-24 anni,2024,33.714,,
A,Annuale,ITE1,Toscana,2,Femmine,Y15-24,15-24 anni,2025,29.046,,
A,Annuale,ITE1,Toscana,2,Femmine,Y25-34,25-34 anni,2018,118.717,,
A,Annuale,ITE1,Toscana,2,Femmine,Y25-34,25-34 anni,2019,116.796,,
A,Annuale,ITE1,Toscana,2,Femmine,Y25-34,25-34 anni,2020,110.363,,
A,Annuale,ITE1,Toscana,2,Femmine,Y25-34,25-34 anni,2021,112.121,,
A,Annuale,ITE1,Toscana,2,Femmine,Y25-34,25-34 anni,2022,121.369,,
A,Annuale,ITE1,Toscana,2,Femmine,Y25-34,25-34 anni,2023,119.616,,
A,Annuale,ITE1,Toscana,2,Femmine,Y25-34,25-34 anni,2024,119.742,,
A,Annuale,ITE1,Toscana,2,Femmine,Y25-34,25-34 anni,2025,120.354,,
A,Annuale,ITE1,Toscana,2,Femmine,Y15-34,15-34 anni,2018,144.591,,
A,Annuale,ITE1,Toscana,2,Femmine,Y15-34,15-34 anni,2019,143.943,,
A,Annuale,ITE1,Toscana,2,Femmine,Y15-34,15-34 anni,2020,132.097,,
A,Annuale,ITE1,Toscana,2,Femmine,Y15-34,15-34 anni,2021,136.508,,
A,Annuale,ITE1,Toscana,2,Femmine,Y15-34,15-34 anni,2022,155.327,,
A,Annuale,ITE1,Toscana,2,Femmine,Y15-34,15-34 anni,2023,150.29,,
A,Annuale,ITE1,Toscana,2,Femmine,Y15-34,15-34 anni,2024,153.456,,
A,Annuale,ITE1,Toscana,2,Femmine,Y15-34,15-34 anni,2025,149.4,,
A,Annuale,ITE1,Toscana,2,Femmine,Y35-49,35-49 anni,2018,303.418,,
A,Annuale,ITE1,Toscana,2,Femmine,Y35-49,35-49 anni,2019,298.139,,
A,Annuale,ITE1,Toscana,2,Femmine,Y35-49,35-49 anni,2020,277.984,,
A,Annuale,ITE1,Toscana,2,Femmine,Y35-49,35-49 anni,2021,275.348,,
A,Annuale,ITE1,Toscana,2,Femmine,Y35-49,35-49 anni,2022,279.668,,
A,Annuale,ITE1,Toscana,2,Femmine,Y35-49,35-49 anni,2023,279.228,,
A,Annuale,ITE1,Toscana,2,Femmine,Y35-49,35-49 anni,2024,279.875,,
A,Annuale,ITE1,Toscana,2,Femmine,Y35-49,35-49 anni,2025,274.592,,
A,Annuale,ITE1,Toscana,2,Femmine,Y50-64,50-64 anni,2018,252.034,,
A,Annuale,ITE1,Toscana,2,Femmine,Y50-64,50-64 anni,2019,256.136,,
A,Annuale,ITE1,Toscana,2,Femmine,Y50-64,50-64 anni,2020,263.284,,
A,Annuale,ITE1,Toscana,2,Femmine,Y50-64,50-64 anni,2021,263.867,,
A,Annuale,ITE1,Toscana,2,Femmine,Y50-64,50-64 anni,2022,273.712,,
A,Annuale,ITE1,Toscana,2,Femmine,Y50-64,50-64 anni,2023,274.998,,
A,Annuale,ITE1,Toscana,2,Femmine,Y50-64,50-64 anni,2024,289.654,,
A,Annuale,ITE1,Toscana,2,Femmine,Y50-64,50-64 anni,2025,304.406,,
A,Annuale,ITE1,Toscana,2,Femmine,Y15-64,15-64 anni,2018,700.043,,
A,Annuale,ITE1,Toscana,2,Femmine,Y15-64,15-64 anni,2019,698.218,,
A,Annuale,ITE1,Toscana,2,Femmine,Y15-64,15-64 anni,2020,673.364,,
A,Annuale,ITE1,Toscana,2,Femmine,Y15-64,15-64 anni,2021,675.724,,
A,Annuale,ITE1,Toscana,2,Femmine,Y15-64,15-64 anni,2022,708.706,,
A,Annuale,ITE1,Toscana,2,Femmine,Y15-64,15-64 anni,2023,704.516,,
A,Annuale,ITE1,Toscana,2,Femmine,Y15-64,15-64 anni,2024,722.984,,
A,Annuale,ITE1,Toscana,2,Femmine,Y15-64,15-64 anni,2025,728.398,,
A,Annuale,ITE1,Toscana,2,Femmine,Y15-89,15-89 anni,2018,716.511,,
A,Annuale,ITE1,Toscana,2,Femmine,Y15-89,15-89 anni,2019,717.197,,
A,Annuale,ITE1,Toscana,2,Femmine,Y15-89,15-89 anni,2020,691.159,,
A,Annuale,ITE1,Toscana,2,Femmine,Y15-89,15-89 anni,2021,694.121,,
A,Annuale,ITE1,Toscana,2,Femmine,Y15-89,15-89 anni,2022,730.298,,
A,Annuale,ITE1,Toscana,2,Femmine,Y15-89,15-89 anni,2023,728.098,,
A,Annuale,ITE1,Toscana,2,Femmine,Y15-89,15-89 anni,2024,744.244,,
A,Annuale,ITE1,Toscana,2,Femmine,Y15-89,15-89 anni,2025,754.215,,
A,Annuale,ITE1,Toscana,9,Totale,Y15-24,15-24 anni,2018,63.269,,
A,Annuale,ITE1,Toscana,9,Totale,Y15-24,15-24 anni,2019,65.127,,
A,Annuale,ITE1,Toscana,9,Totale,Y15-24,15-24 anni,2020,57.952,,
A,Annuale,ITE1,Toscana,9,Totale,Y15-24,15-24 anni,2021,64.243,,
A,Annuale,ITE1,Toscana,9,Totale,Y15-24,15-24 anni,2022,84.548,,
A,Annuale,ITE1,Toscana,9,Totale,Y15-24,15-24 anni,2023,79.498,,
A,Annuale,ITE1,Toscana,9,Totale,Y15-24,15-24 anni,2024,86.48,,
A,Annuale,ITE1,Toscana,9,Totale,Y15-24,15-24 anni,2025,74.636,,
A,Annuale,ITE1,Toscana,9,Totale,Y25-34,25-34 anni,2018,254.892,,
A,Annuale,ITE1,Toscana,9,Totale,Y25-34,25-34 anni,2019,259.592,,
A,Annuale,ITE1,Toscana,9,Totale,Y25-34,25-34 anni,2020,252.591,,
A,Annuale,ITE1,Toscana,9,Totale,Y25-34,25-34 anni,2021,253.392,,
A,Annuale,ITE1,Toscana,9,Totale,Y25-34,25-34 anni,2022,268.047,,
A,Annuale,ITE1,Toscana,9,Totale,Y25-34,25-34 anni,2023,269.968,,
A,Annuale,ITE1,Toscana,9,Totale,Y25-34,25-34 anni,2024,275.919,,
A,Annuale,ITE1,Toscana,9,Totale,Y25-34,25-34 anni,2025,274.757,,
A,Annuale,ITE1,Toscana,9,Totale,Y15-34,15-34 anni,2018,318.161,,
A,Annuale,ITE1,Toscana,9,Totale,Y15-34,15-34 anni,2019,324.719,,
A,Annuale,ITE1,Toscana,9,Totale,Y15-34,15-34 anni,2020,310.543,,
A,Annuale,ITE1,Toscana,9,Totale,Y15-34,15-34 anni,2021,317.635,,
A,Annuale,ITE1,Toscana,9,Totale,Y15-34,15-34 anni,2022,352.596,,
A,Annuale,ITE1,Toscana,9,Totale,Y15-34,15-34 anni,2023,349.466,,
A,Annuale,ITE1,Toscana,9,Totale,Y15-34,15-34 anni,2024,362.399,,
A,Annuale,ITE1,Toscana,9,Totale,Y15-34,15-34 anni,2025,349.393,,
A,Annuale,ITE1,Toscana,9,Totale,Y35-49,35-49 anni,2018,660.735,,
A,Annuale,ITE1,Toscana,9,Totale,Y35-49,35-49 anni,2019,647.262,,
A,Annuale,ITE1,Toscana,9,Totale,Y35-49,35-49 anni,2020,608.293,,
A,Annuale,ITE1,Toscana,9,Totale,Y35-49,35-49 anni,2021,604.405,,
A,Annuale,ITE1,Toscana,9,Totale,Y35-49,35-49 anni,2022,611.891,,
A,Annuale,ITE1,Toscana,9,Totale,Y35-49,35-49 anni,2023,605.475,,
A,Annuale,ITE1,Toscana,9,Totale,Y35-49,35-49 anni,2024,605.704,,
A,Annuale,ITE1,Toscana,9,Totale,Y35-49,35-49 anni,2025,591.701,,
A,Annuale,ITE1,Toscana,9,Totale,Y50-64,50-64 anni,2018,545.483,,
A,Annuale,ITE1,Toscana,9,Totale,Y50-64,50-64 anni,2019,554.915,,
A,Annuale,ITE1,Toscana,9,Totale,Y50-64,50-64 anni,2020,566.608,,
A,Annuale,ITE1,Toscana,9,Totale,Y50-64,50-64 anni,2021,565.842,,
A,Annuale,ITE1,Toscana,9,Totale,Y50-64,50-64 anni,2022,592.748,,
A,Annuale,ITE1,Toscana,9,Totale,Y50-64,50-64 anni,2023,608.928,,
A,Annuale,ITE1,Toscana,9,Totale,Y50-64,50-64 anni,2024,637.44,,
A,Annuale,ITE1,Toscana,9,Totale,Y50-64,50-64 anni,2025,655.385,,
A,Annuale,ITE1,Toscana,9,Totale,Y15-64,15-64 anni,2018,1524.38,,
A,Annuale,ITE1,Toscana,9,Totale,Y15-64,15-64 anni,2019,1526.896,,
A,Annuale,ITE1,Toscana,9,Totale,Y15-64,15-64 anni,2020,1485.444,,
A,Annuale,ITE1,Toscana,9,Totale,Y15-64,15-64 anni,2021,1487.882,,
A,Annuale,ITE1,Toscana,9,Totale,Y15-64,15-64 anni,2022,1557.234,,
A,Annuale,ITE1,Toscana,9,Totale,Y15-64,15-64 anni,2023,1563.869,,
A,Annuale,ITE1,Toscana,9,Totale,Y15-64,15-64 anni,2024,1605.543,,
A,Annuale,ITE1,Toscana,9,Totale,Y15-64,15-64 anni,2025,1596.479,,
A,Annuale,ITE1,Toscana,9,Totale,Y15-89,15-89 anni,2018,1578.181,,
A,Annuale,ITE1,Toscana,9,Totale,Y15-89,15-89 anni,2019,1584.13,,
A,Annuale,ITE1,Toscana,9,Totale,Y15-89,15-89 anni,2020,1544.468,,
A,Annuale,ITE1,Toscana,9,Totale,Y15-89,15-89 anni,2021,1546.283,,
A,Annuale,ITE1,Toscana,9,Totale,Y15-89,15-89 anni,2022,1617.712,,
A,Annuale,ITE1,Toscana,9,Totale,Y15-89,15-89 anni,2023,1628.035,,
A,Annuale,ITE1,Toscana,9,Totale,Y15-89,15-89 anni,2024,1667.959,,
A,Annuale,ITE1,Toscana,9,Totale,Y15-89,15-89 anni,2025,1668.431,,
A,Annuale,ITE2,Umbria,1,Maschi,Y15-24,15-24 anni,2018,8.986,,
A,Annuale,ITE2,Umbria,1,Maschi,Y15-24,15-24 anni,2019,8.746,,
A,Annuale,ITE2,Umbria,1,Maschi,Y15-24,15-24 anni,2020,7.801,,
A,Annuale,ITE2,Umbria,1,Maschi,Y15-24,15-24 anni,2021,7.12,,
A,Annuale,ITE2,Umbria,1,Maschi,Y15-24,15-24 anni,2022,9.873,,
A,Annuale,ITE2,Umbria,1,Maschi,Y15-24,15-24 anni,2023,9.848,,
A,Annuale,ITE2,Umbria,1,Maschi,Y15-24,15-24 anni,2024,9.813,,
A,Annuale,ITE2,Umbria,1,Maschi,Y15-24,15-24 anni,2025,9.627,,
A,Annuale,ITE2,Umbria,1,Maschi,Y25-34,25-34 anni,2018,35.813,,
A,Annuale,ITE2,Umbria,1,Maschi,Y25-34,25-34 anni,2019,33.66,,
A,Annuale,ITE2,Umbria,1,Maschi,Y25-34,25-34 anni,2020,30.832,,
A,Annuale,ITE2,Umbria,1,Maschi,Y25-34,25-34 anni,2021,34.544,,
A,Annuale,ITE2,Umbria,1,Maschi,Y25-34,25-34 anni,2022,32.302,,
A,Annuale,ITE2,Umbria,1,Maschi,Y25-34,25-34 anni,2023,33.985,,
A,Annuale,ITE2,Umbria,1,Maschi,Y25-34,25-34 anni,2024,34.531,,
A,Annuale,ITE2,Umbria,1,Maschi,Y25-34,25-34 anni,2025,33.721,,
A,Annuale,ITE2,Umbria,1,Maschi,Y15-34,15-34 anni,2018,44.8,,
A,Annuale,ITE2,Umbria,1,Maschi,Y15-34,15-34 anni,2019,42.406,,
A,Annuale,ITE2,Umbria,1,Maschi,Y15-34,15-34 anni,2020,38.633,,
A,Annuale,ITE2,Umbria,1,Maschi,Y15-34,15-34 anni,2021,41.665,,
A,Annuale,ITE2,Umbria,1,Maschi,Y15-34,15-34 anni,2022,42.176,,
A,Annuale,ITE2,Umbria,1,Maschi,Y15-34,15-34 anni,2023,43.832,,
A,Annuale,ITE2,Umbria,1,Maschi,Y15-34,15-34 anni,2024,44.344,,
A,Annuale,ITE2,Umbria,1,Maschi,Y15-34,15-34 anni,2025,43.348,,
A,Annuale,ITE2,Umbria,1,Maschi,Y35-49,35-49 anni,2018,81.405,,
A,Annuale,ITE2,Umbria,1,Maschi,Y35-49,35-49 anni,2019,81.036,,
A,Annuale,ITE2,Umbria,1,Maschi,Y35-49,35-49 anni,2020,76.682,,
A,Annuale,ITE2,Umbria,1,Maschi,Y35-49,35-49 anni,2021,76.287,,
A,Annuale,ITE2,Umbria,1,Maschi,Y35-49,35-49 anni,2022,75.925,,
A,Annuale,ITE2,Umbria,1,Maschi,Y35-49,35-49 anni,2023,75.395,,
A,Annuale,ITE2,Umbria,1,Maschi,Y35-49,35-49 anni,2024,72.957,,
A,Annuale,ITE2,Umbria,1,Maschi,Y35-49,35-49 anni,2025,72.657,,
A,Annuale,ITE2,Umbria,1,Maschi,Y50-64,50-64 anni,2018,63.404,,
A,Annuale,ITE2,Umbria,1,Maschi,Y50-64,50-64 anni,2019,66.12,,
A,Annuale,ITE2,Umbria,1,Maschi,Y50-64,50-64 anni,2020,68.501,,
A,Annuale,ITE2,Umbria,1,Maschi,Y50-64,50-64 anni,2021,69.25,,
A,Annuale,ITE2,Umbria,1,Maschi,Y50-64,50-64 anni,2022,68.602,,
A,Annuale,ITE2,Umbria,1,Maschi,Y50-64,50-64 anni,2023,73.382,,
A,Annuale,ITE2,Umbria,1,Maschi,Y50-64,50-64 anni,2024,76.491,,
A,Annuale,ITE2,Umbria,1,Maschi,Y50-64,50-64 anni,2025,79.491,,
A,Annuale,ITE2,Umbria,1,Maschi,Y15-64,15-64 anni,2018,189.608,,
A,Annuale,ITE2,Umbria,1,Maschi,Y15-64,15-64 anni,2019,189.562,,
A,Annuale,ITE2,Umbria,1,Maschi,Y15-64,15-64 anni,2020,183.816,,
A,Annuale,ITE2,Umbria,1,Maschi,Y15-64,15-64 anni,2021,187.202,,
A,Annuale,ITE2,Umbria,1,Maschi,Y15-64,15-64 anni,2022,186.702,,
A,Annuale,ITE2,Umbria,1,Maschi,Y15-64,15-64 anni,2023,192.61,,
A,Annuale,ITE2,Umbria,1,Maschi,Y15-64,15-64 anni,2024,193.792,,
A,Annuale,ITE2,Umbria,1,Maschi,Y15-64,15-64 anni,2025,195.496,,
A,Annuale,ITE2,Umbria,1,Maschi,Y15-89,15-89 anni,2018,196.871,,
A,Annuale,ITE2,Umbria,1,Maschi,Y15-89,15-89 anni,2019,197.69,,
A,Annuale,ITE2,Umbria,1,Maschi,Y15-89,15-89 anni,2020,191.635,,
A,Annuale,ITE2,Umbria,1,Maschi,Y15-89,15-89 anni,2021,195.459,,
A,Annuale,ITE2,Umbria,1,Maschi,Y15-89,15-89 anni,2022,194.468,,
A,Annuale,ITE2,Umbria,1,Maschi,Y15-89,15-89 anni,2023,201.489,,
A,Annuale,ITE2,Umbria,1,Maschi,Y15-89,15-89 anni,2024,203.879,,
A,Annuale,ITE2,Umbria,1,Maschi,Y15-89,15-89 anni,2025,205.463,,
A,Annuale,ITE2,Umbria,2,Femmine,Y15-24,15-24 anni,2018,4.554,,
A,Annuale,ITE2,Umbria,2,Femmine,Y15-24,15-24 anni,2019,5.108,,
A,Annuale,ITE2,Umbria,2,Femmine,Y15-24,15-24 anni,2020,4.525,,
A,Annuale,ITE2,Umbria,2,Femmine,Y15-24,15-24 anni,2021,5.399,,
A,Annuale,ITE2,Umbria,2,Femmine,Y15-24,15-24 anni,2022,6.547,,
A,Annuale,ITE2,Umbria,2,Femmine,Y15-24,15-24 anni,2023,4.942,,
A,Annuale,ITE2,Umbria,2,Femmine,Y15-24,15-24 anni,2024,5.621,,
A,Annuale,ITE2,Umbria,2,Femmine,Y15-24,15-24 anni,2025,5.983,,
A,Annuale,ITE2,Umbria,2,Femmine,Y25-34,25-34 anni,2018,24.54,,
A,Annuale,ITE2,Umbria,2,Femmine,Y25-34,25-34 anni,2019,28.246,,
A,Annuale,ITE2,Umbria,2,Femmine,Y25-34,25-34 anni,2020,25.455,,
A,Annuale,ITE2,Umbria,2,Femmine,Y25-34,25-34 anni,2021,24.579,,
A,Annuale,ITE2,Umbria,2,Femmine,Y25-34,25-34 anni,2022,25.22,,
A,Annuale,ITE2,Umbria,2,Femmine,Y25-34,25-34 anni,2023,26.255,,
A,Annuale,ITE2,Umbria,2,Femmine,Y25-34,25-34 anni,2024,27.591,,
A,Annuale,ITE2,Umbria,2,Femmine,Y25-34,25-34 anni,2025,26.644,,
A,Annuale,ITE2,Umbria,2,Femmine,Y15-34,15-34 anni,2018,29.093,,
A,Annuale,ITE2,Umbria,2,Femmine,Y15-34,15-34 anni,2019,33.354,,
A,Annuale,ITE2,Umbria,2,Femmine,Y15-34,15-34 anni,2020,29.98,,
A,Annuale,ITE2,Umbria,2,Femmine,Y15-34,15-34 anni,2021,29.978,,
A,Annuale,ITE2,Umbria,2,Femmine,Y15-34,15-34 anni,2022,31.767,,
A,Annuale,ITE2,Umbria,2,Femmine,Y15-34,15-34 anni,2023,31.196,,
A,Annuale,ITE2,Umbria,2,Femmine,Y15-34,15-34 anni,2024,33.212,,
A,Annuale,ITE2,Umbria,2,Femmine,Y15-34,15-34 anni,2025,32.627,,
A,Annuale,ITE2,Umbria,2,Femmine,Y35-49,35-49 anni,2018,66.113,,
A,Annuale,ITE2,Umbria,2,Femmine,Y35-49,35-49 anni,2019,66.519,,
A,Annuale,ITE2,Umbria,2,Femmine,Y35-49,35-49 anni,2020,66.66,,
A,Annuale,ITE2,Umbria,2,Femmine,Y35-49,35-49 anni,2021,66.764,,
A,Annuale,ITE2,Umbria,2,Femmine,Y35-49,35-49 anni,2022,62.876,,
A,Annuale,ITE2,Umbria,2,Femmine,Y35-49,35-49 anni,2023,60.908,,
A,Annuale,ITE2,Umbria,2,Femmine,Y35-49,35-49 anni,2024,63.608,,
A,Annuale,ITE2,Umbria,2,Femmine,Y35-49,35-49 anni,2025,64.135,,
A,Annuale,ITE2,Umbria,2,Femmine,Y50-64,50-64 anni,2018,54.18,,
A,Annuale,ITE2,Umbria,2,Femmine,Y50-64,50-64 anni,2019,57.095,,
A,Annuale,ITE2,Umbria,2,Femmine,Y50-64,50-64 anni,2020,55.357,,
A,Annuale,ITE2,Umbria,2,Femmine,Y50-64,50-64 anni,2021,57.505,,
A,Annuale,ITE2,Umbria,2,Femmine,Y50-64,50-64 anni,2022,59.507,,
A,Annuale,ITE2,Umbria,2,Femmine,Y50-64,50-64 anni,2023,62.583,,
A,Annuale,ITE2,Umbria,2,Femmine,Y50-64,50-64 anni,2024,65.424,,
A,Annuale,ITE2,Umbria,2,Femmine,Y50-64,50-64 anni,2025,68.456,,
A,Annuale,ITE2,Umbria,2,Femmine,Y15-64,15-64 anni,2018,149.386,,
A,Annuale,ITE2,Umbria,2,Femmine,Y15-64,15-64 anni,2019,156.968,,
A,Annuale,ITE2,Umbria,2,Femmine,Y15-64,15-64 anni,2020,151.996,,
A,Annuale,ITE2,Umbria,2,Femmine,Y15-64,15-64 anni,2021,154.247,,
A,Annuale,ITE2,Umbria,2,Femmine,Y15-64,15-64 anni,2022,154.15,,
A,Annuale,ITE2,Umbria,2,Femmine,Y15-64,15-64 anni,2023,154.688,,
A,Annuale,ITE2,Umbria,2,Femmine,Y15-64,15-64 anni,2024,162.244,,
A,Annuale,ITE2,Umbria,2,Femmine,Y15-64,15-64 anni,2025,165.217,,
A,Annuale,ITE2,Umbria,2,Femmine,Y15-89,15-89 anni,2018,152.579,,
A,Annuale,ITE2,Umbria,2,Femmine,Y15-89,15-89 anni,2019,160.589,,
A,Annuale,ITE2,Umbria,2,Femmine,Y15-89,15-89 anni,2020,156.729,,
A,Annuale,ITE2,Umbria,2,Femmine,Y15-89,15-89 anni,2021,158.79,,
A,Annuale,ITE2,Umbria,2,Femmine,Y15-89,15-89 anni,2022,157.83,,
A,Annuale,ITE2,Umbria,2,Femmine,Y15-89,15-89 anni,2023,160.107,,
A,Annuale,ITE2,Umbria,2,Femmine,Y15-89,15-89 anni,2024,169.178,,
A,Annuale,ITE2,Umbria,2,Femmine,Y15-89,15-89 anni,2025,172.325,,
A,Annuale,ITE2,Umbria,9,Totale,Y15-24,15-24 anni,2018,13.54,,
A,Annuale,ITE2,Umbria,9,Totale,Y15-24,15-24 anni,2019,13.854,,
A,Annuale,ITE2,Umbria,9,Totale,Y15-24,15-24 anni,2020,12.326,,
A,Annuale,ITE2,Umbria,9,Totale,Y15-24,15-24 anni,2021,12.519,,
A,Annuale,ITE2,Umbria,9,Totale,Y15-24,15-24 anni,2022,16.42,,
A,Annuale,ITE2,Umbria,9,Totale,Y15-24,15-24 anni,2023,14.79,,
A,Annuale,ITE2,Umbria,9,Totale,Y15-24,15-24 anni,2024,15.434,,
A,Annuale,ITE2,Umbria,9,Totale,Y15-24,15-24 anni,2025,15.61,,
A,Annuale,ITE2,Umbria,9,Totale,Y25-34,25-34 anni,2018,60.353,,
A,Annuale,ITE2,Umbria,9,Totale,Y25-34,25-34 anni,2019,61.906,,
A,Annuale,ITE2,Umbria,9,Totale,Y25-34,25-34 anni,2020,56.287,,
A,Annuale,ITE2,Umbria,9,Totale,Y25-34,25-34 anni,2021,59.123,,
A,Annuale,ITE2,Umbria,9,Totale,Y25-34,25-34 anni,2022,57.522,,
A,Annuale,ITE2,Umbria,9,Totale,Y25-34,25-34 anni,2023,60.239,,
A,Annuale,ITE2,Umbria,9,Totale,Y25-34,25-34 anni,2024,62.122,,
A,Annuale,ITE2,Umbria,9,Totale,Y25-34,25-34 anni,2025,60.364,,
A,Annuale,ITE2,Umbria,9,Totale,Y15-34,15-34 anni,2018,73.893,,
A,Annuale,ITE2,Umbria,9,Totale,Y15-34,15-34 anni,2019,75.76,,
A,Annuale,ITE2,Umbria,9,Totale,Y15-34,15-34 anni,2020,68.613,,
A,Annuale,ITE2,Umbria,9,Totale,Y15-34,15-34 anni,2021,71.642,,
A,Annuale,ITE2,Umbria,9,Totale,Y15-34,15-34 anni,2022,73.942,,
A,Annuale,ITE2,Umbria,9,Totale,Y15-34,15-34 anni,2023,75.029,,
A,Annuale,ITE2,Umbria,9,Totale,Y15-34,15-34 anni,2024,77.556,,
A,Annuale,ITE2,Umbria,9,Totale,Y15-34,15-34 anni,2025,75.975,,
A,Annuale,ITE2,Umbria,9,Totale,Y35-49,35-49 anni,2018,147.517,,
A,Annuale,ITE2,Umbria,9,Totale,Y35-49,35-49 anni,2019,147.555,,
A,Annuale,ITE2,Umbria,9,Totale,Y35-49,35-49 anni,2020,143.342,,
A,Annuale,ITE2,Umbria,9,Totale,Y35-49,35-49 anni,2021,143.052,,
A,Annuale,ITE2,Umbria,9,Totale,Y35-49,35-49 anni,2022,138.801,,
A,Annuale,ITE2,Umbria,9,Totale,Y35-49,35-49 anni,2023,136.303,,
A,Annuale,ITE2,Umbria,9,Totale,Y35-49,35-49 anni,2024,136.565,,
A,Annuale,ITE2,Umbria,9,Totale,Y35-49,35-49 anni,2025,136.792,,
A,Annuale,ITE2,Umbria,9,Totale,Y50-64,50-64 anni,2018,117.584,,
A,Annuale,ITE2,Umbria,9,Totale,Y50-64,50-64 anni,2019,123.215,,
A,Annuale,ITE2,Umbria,9,Totale,Y50-64,50-64 anni,2020,123.858,,
A,Annuale,ITE2,Umbria,9,Totale,Y50-64,50-64 anni,2021,126.755,,
A,Annuale,ITE2,Umbria,9,Totale,Y50-64,50-64 anni,2022,128.109,,
A,Annuale,ITE2,Umbria,9,Totale,Y50-64,50-64 anni,2023,135.966,,
A,Annuale,ITE2,Umbria,9,Totale,Y50-64,50-64 anni,2024,141.915,,
A,Annuale,ITE2,Umbria,9,Totale,Y50-64,50-64 anni,2025,147.947,,
A,Annuale,ITE2,Umbria,9,Totale,Y15-64,15-64 anni,2018,338.995,,
A,Annuale,ITE2,Umbria,9,Totale,Y15-64,15-64 anni,2019,346.53,,
A,Annuale,ITE2,Umbria,9,Totale,Y15-64,15-64 anni,2020,335.813,,
A,Annuale,ITE2,Umbria,9,Totale,Y15-64,15-64 anni,2021,341.449,,
A,Annuale,ITE2,Umbria,9,Totale,Y15-64,15-64 anni,2022,340.852,,
A,Annuale,ITE2,Umbria,9,Totale,Y15-64,15-64 anni,2023,347.298,,
A,Annuale,ITE2,Umbria,9,Totale,Y15-64,15-64 anni,2024,356.036,,
A,Annuale,ITE2,Umbria,9,Totale,Y15-64,15-64 anni,2025,360.714,,
A,Annuale,ITE2,Umbria,9,Totale,Y15-89,15-89 anni,2018,349.45,,
A,Annuale,ITE2,Umbria,9,Totale,Y15-89,15-89 anni,2019,358.28,,
A,Annuale,ITE2,Umbria,9,Totale,Y15-89,15-89 anni,2020,348.365,,
A,Annuale,ITE2,Umbria,9,Totale,Y15-89,15-89 anni,2021,354.249,,
A,Annuale,ITE2,Umbria,9,Totale,Y15-89,15-89 anni,2022,352.298,,
A,Annuale,ITE2,Umbria,9,Totale,Y15-89,15-89 anni,2023,361.596,,
A,Annuale,ITE2,Umbria,9,Totale,Y15-89,15-89 anni,2024,373.057,,
A,Annuale,ITE2,Umbria,9,Totale,Y15-89,15-89 anni,2025,377.788,,
A,Annuale,ITE3,Marche,1,Maschi,Y15-24,15-24 anni,2018,19.347,,
A,Annuale,ITE3,Marche,1,Maschi,Y15-24,15-24 anni,2019,18.103,,
A,Annuale,ITE3,Marche,1,Maschi,Y15-24,15-24 anni,2020,13.403,,
A,Annuale,ITE3,Marche,1,Maschi,Y15-24,15-24 anni,2021,18.969,,
A,Annuale,ITE3,Marche,1,Maschi,Y15-24,15-24 anni,2022,19.407,,
A,Annuale,ITE3,Marche,1,Maschi,Y15-24,15-24 anni,2023,18.543,,
A,Annuale,ITE3,Marche,1,Maschi,Y15-24,15-24 anni,2024,20.511,,
A,Annuale,ITE3,Marche,1,Maschi,Y15-24,15-24 anni,2025,15.889,,
A,Annuale,ITE3,Marche,1,Maschi,Y25-34,25-34 anni,2018,62.999,,
A,Annuale,ITE3,Marche,1,Maschi,Y25-34,25-34 anni,2019,59.517,,
A,Annuale,ITE3,Marche,1,Maschi,Y25-34,25-34 anni,2020,61.287,,
A,Annuale,ITE3,Marche,1,Maschi,Y25-34,25-34 anni,2021,59.915,,
A,Annuale,ITE3,Marche,1,Maschi,Y25-34,25-34 anni,2022,63.008,,
A,Annuale,ITE3,Marche,1,Maschi,Y25-34,25-34 anni,2023,63.802,,
A,Annuale,ITE3,Marche,1,Maschi,Y25-34,25-34 anni,2024,62.533,,
A,Annuale,ITE3,Marche,1,Maschi,Y25-34,25-34 anni,2025,61.693,,
A,Annuale,ITE3,Marche,1,Maschi,Y15-34,15-34 anni,2018,82.346,,
A,Annuale,ITE3,Marche,1,Maschi,Y15-34,15-34 anni,2019,77.619,,
A,Annuale,ITE3,Marche,1,Maschi,Y15-34,15-34 anni,2020,74.69,,
A,Annuale,ITE3,Marche,1,Maschi,Y15-34,15-34 anni,2021,78.884,,
A,Annuale,ITE3,Marche,1,Maschi,Y15-34,15-34 anni,2022,82.415,,
A,Annuale,ITE3,Marche,1,Maschi,Y15-34,15-34 anni,2023,82.344,,
A,Annuale,ITE3,Marche,1,Maschi,Y15-34,15-34 anni,2024,83.045,,
A,Annuale,ITE3,Marche,1,Maschi,Y15-34,15-34 anni,2025,77.582,,
A,Annuale,ITE3,Marche,1,Maschi,Y35-49,35-49 anni,2018,143.315,,
A,Annuale,ITE3,Marche,1,Maschi,Y35-49,35-49 anni,2019,142.043,,
A,Annuale,ITE3,Marche,1,Maschi,Y35-49,35-49 anni,2020,137.222,,
A,Annuale,ITE3,Marche,1,Maschi,Y35-49,35-49 anni,2021,132.026,,
A,Annuale,ITE3,Marche,1,Maschi,Y35-49,35-49 anni,2022,131.709,,
A,Annuale,ITE3,Marche,1,Maschi,Y35-49,35-49 anni,2023,130.317,,
A,Annuale,ITE3,Marche,1,Maschi,Y35-49,35-49 anni,2024,129.164,,
A,Annuale,ITE3,Marche,1,Maschi,Y35-49,35-49 anni,2025,126.654,,
A,Annuale,ITE3,Marche,1,Maschi,Y50-64,50-64 anni,2018,118.509,,
A,Annuale,ITE3,Marche,1,Maschi,Y50-64,50-64 anni,2019,121.546,,
A,Annuale,ITE3,Marche,1,Maschi,Y50-64,50-64 anni,2020,121.3,,
A,Annuale,ITE3,Marche,1,Maschi,Y50-64,50-64 anni,2021,124.836,,
A,Annuale,ITE3,Marche,1,Maschi,Y50-64,50-64 anni,2022,127.668,,
A,Annuale,ITE3,Marche,1,Maschi,Y50-64,50-64 anni,2023,128.333,,
A,Annuale,ITE3,Marche,1,Maschi,Y50-64,50-64 anni,2024,124.346,,
A,Annuale,ITE3,Marche,1,Maschi,Y50-64,50-64 anni,2025,130.011,,
A,Annuale,ITE3,Marche,1,Maschi,Y15-64,15-64 anni,2018,344.17,,
A,Annuale,ITE3,Marche,1,Maschi,Y15-64,15-64 anni,2019,341.209,,
A,Annuale,ITE3,Marche,1,Maschi,Y15-64,15-64 anni,2020,333.212,,
A,Annuale,ITE3,Marche,1,Maschi,Y15-64,15-64 anni,2021,335.747,,
A,Annuale,ITE3,Marche,1,Maschi,Y15-64,15-64 anni,2022,341.792,,
A,Annuale,ITE3,Marche,1,Maschi,Y15-64,15-64 anni,2023,340.995,,
A,Annuale,ITE3,Marche,1,Maschi,Y15-64,15-64 anni,2024,336.554,,
A,Annuale,ITE3,Marche,1,Maschi,Y15-64,15-64 anni,2025,334.247,,
A,Annuale,ITE3,Marche,1,Maschi,Y15-89,15-89 anni,2018,357.497,,
A,Annuale,ITE3,Marche,1,Maschi,Y15-89,15-89 anni,2019,354.009,,
A,Annuale,ITE3,Marche,1,Maschi,Y15-89,15-89 anni,2020,344.23,,
A,Annuale,ITE3,Marche,1,Maschi,Y15-89,15-89 anni,2021,349.261,,
A,Annuale,ITE3,Marche,1,Maschi,Y15-89,15-89 anni,2022,356.723,,
A,Annuale,ITE3,Marche,1,Maschi,Y15-89,15-89 anni,2023,356.387,,
A,Annuale,ITE3,Marche,1,Maschi,Y15-89,15-89 anni,2024,353.023,,
A,Annuale,ITE3,Marche,1,Maschi,Y15-89,15-89 anni,2025,354.936,,
A,Annuale,ITE3,Marche,2,Femmine,Y15-24,15-24 anni,2018,8.761,,
A,Annuale,ITE3,Marche,2,Femmine,Y15-24,15-24 anni,2019,9.247,,
A,Annuale,ITE3,Marche,2,Femmine,Y15-24,15-24 anni,2020,9.955,,
A,Annuale,ITE3,Marche,2,Femmine,Y15-24,15-24 anni,2021,9.961,,
A,Annuale,ITE3,Marche,2,Femmine,Y15-24,15-24 anni,2022,10.769,,
A,Annuale,ITE3,Marche,2,Femmine,Y15-24,15-24 anni,2023,9.544,,
A,Annuale,ITE3,Marche,2,Femmine,Y15-24,15-24 anni,2024,12.346,,
A,Annuale,ITE3,Marche,2,Femmine,Y15-24,15-24 anni,2025,10.768,,
A,Annuale,ITE3,Marche,2,Femmine,Y25-34,25-34 anni,2018,48.911,,
A,Annuale,ITE3,Marche,2,Femmine,Y25-34,25-34 anni,2019,49.674,,
A,Annuale,ITE3,Marche,2,Femmine,Y25-34,25-34 anni,2020,44.748,,
A,Annuale,ITE3,Marche,2,Femmine,Y25-34,25-34 anni,2021,45.219,,
A,Annuale,ITE3,Marche,2,Femmine,Y25-34,25-34 anni,2022,47.113,,
A,Annuale,ITE3,Marche,2,Femmine,Y25-34,25-34 anni,2023,48.62,,
A,Annuale,ITE3,Marche,2,Femmine,Y25-34,25-34 anni,2024,51.934,,
A,Annuale,ITE3,Marche,2,Femmine,Y25-34,25-34 anni,2025,51.123,,
A,Annuale,ITE3,Marche,2,Femmine,Y15-34,15-34 anni,2018,57.672,,
A,Annuale,ITE3,Marche,2,Femmine,Y15-34,15-34 anni,2019,58.921,,
A,Annuale,ITE3,Marche,2,Femmine,Y15-34,15-34 anni,2020,54.703,,
A,Annuale,ITE3,Marche,2,Femmine,Y15-34,15-34 anni,2021,55.18,,
A,Annuale,ITE3,Marche,2,Femmine,Y15-34,15-34 anni,2022,57.882,,
A,Annuale,ITE3,Marche,2,Femmine,Y15-34,15-34 anni,2023,58.164,,
A,Annuale,ITE3,Marche,2,Femmine,Y15-34,15-34 anni,2024,64.281,,
A,Annuale,ITE3,Marche,2,Femmine,Y15-34,15-34 anni,2025,61.891,,
A,Annuale,ITE3,Marche,2,Femmine,Y35-49,35-49 anni,2018,116.707,,
A,Annuale,ITE3,Marche,2,Femmine,Y35-49,35-49 anni,2019,116.562,,
A,Annuale,ITE3,Marche,2,Femmine,Y35-49,35-49 anni,2020,113.214,,
A,Annuale,ITE3,Marche,2,Femmine,Y35-49,35-49 anni,2021,112.132,,
A,Annuale,ITE3,Marche,2,Femmine,Y35-49,35-49 anni,2022,112.265,,
A,Annuale,ITE3,Marche,2,Femmine,Y35-49,35-49 anni,2023,110.137,,
A,Annuale,ITE3,Marche,2,Femmine,Y35-49,35-49 anni,2024,108.122,,
A,Annuale,ITE3,Marche,2,Femmine,Y35-49,35-49 anni,2025,107.672,,
A,Annuale,ITE3,Marche,2,Femmine,Y50-64,50-64 anni,2018,93.443,,
A,Annuale,ITE3,Marche,2,Femmine,Y50-64,50-64 anni,2019,96.817,,
A,Annuale,ITE3,Marche,2,Femmine,Y50-64,50-64 anni,2020,94.22,,
A,Annuale,ITE3,Marche,2,Femmine,Y50-64,50-64 anni,2021,94.025,,
A,Annuale,ITE3,Marche,2,Femmine,Y50-64,50-64 anni,2022,105.154,,
A,Annuale,ITE3,Marche,2,Femmine,Y50-64,50-64 anni,2023,109.082,,
A,Annuale,ITE3,Marche,2,Femmine,Y50-64,50-64 anni,2024,109.113,,
A,Annuale,ITE3,Marche,2,Femmine,Y50-64,50-64 anni,2025,115.252,,
A,Annuale,ITE3,Marche,2,Femmine,Y15-64,15-64 anni,2018,267.822,,
A,Annuale,ITE3,Marche,2,Femmine,Y15-64,15-64 anni,2019,272.3,,
A,Annuale,ITE3,Marche,2,Femmine,Y15-64,15-64 anni,2020,262.137,,
A,Annuale,ITE3,Marche,2,Femmine,Y15-64,15-64 anni,2021,261.337,,
A,Annuale,ITE3,Marche,2,Femmine,Y15-64,15-64 anni,2022,275.301,,
A,Annuale,ITE3,Marche,2,Femmine,Y15-64,15-64 anni,2023,277.383,,
A,Annuale,ITE3,Marche,2,Femmine,Y15-64,15-64 anni,2024,281.516,,
A,Annuale,ITE3,Marche,2,Femmine,Y15-64,15-64 anni,2025,284.815,,
A,Annuale,ITE3,Marche,2,Femmine,Y15-89,15-89 anni,2018,274.69,,
A,Annuale,ITE3,Marche,2,Femmine,Y15-89,15-89 anni,2019,278.484,,
A,Annuale,ITE3,Marche,2,Femmine,Y15-89,15-89 anni,2020,267.587,,
A,Annuale,ITE3,Marche,2,Femmine,Y15-89,15-89 anni,2021,267.301,,
A,Annuale,ITE3,Marche,2,Femmine,Y15-89,15-89 anni,2022,282.538,,
A,Annuale,ITE3,Marche,2,Femmine,Y15-89,15-89 anni,2023,284.72,,
A,Annuale,ITE3,Marche,2,Femmine,Y15-89,15-89 anni,2024,291.23,,
A,Annuale,ITE3,Marche,2,Femmine,Y15-89,15-89 anni,2025,296.255,,
A,Annuale,ITE3,Marche,9,Totale,Y15-24,15-24 anni,2018,28.108,,
A,Annuale,ITE3,Marche,9,Totale,Y15-24,15-24 anni,2019,27.35,,
A,Annuale,ITE3,Marche,9,Totale,Y15-24,15-24 anni,2020,23.357,,
A,Annuale,ITE3,Marche,9,Totale,Y15-24,15-24 anni,2021,28.93,,
A,Annuale,ITE3,Marche,9,Totale,Y15-24,15-24 anni,2022,30.176,,
A,Annuale,ITE3,Marche,9,Totale,Y15-24,15-24 anni,2023,28.086,,
A,Annuale,ITE3,Marche,9,Totale,Y15-24,15-24 anni,2024,32.858,,
A,Annuale,ITE3,Marche,9,Totale,Y15-24,15-24 anni,2025,26.657,,
A,Annuale,ITE3,Marche,9,Totale,Y25-34,25-34 anni,2018,111.91,,
A,Annuale,ITE3,Marche,9,Totale,Y25-34,25-34 anni,2019,109.191,,
A,Annuale,ITE3,Marche,9,Totale,Y25-34,25-34 anni,2020,106.035,,
A,Annuale,ITE3,Marche,9,Totale,Y25-34,25-34 anni,2021,105.134,,
A,Annuale,ITE3,Marche,9,Totale,Y25-34,25-34 anni,2022,110.121,,
A,Annuale,ITE3,Marche,9,Totale,Y25-34,25-34 anni,2023,112.421,,
A,Annuale,ITE3,Marche,9,Totale,Y25-34,25-34 anni,2024,114.468,,
A,Annuale,ITE3,Marche,9,Totale,Y25-34,25-34 anni,2025,112.816,,
A,Annuale,ITE3,Marche,9,Totale,Y15-34,15-34 anni,2018,140.019,,
A,Annuale,ITE3,Marche,9,Totale,Y15-34,15-34 anni,2019,136.541,,
A,Annuale,ITE3,Marche,9,Totale,Y15-34,15-34 anni,2020,129.393,,
A,Annuale,ITE3,Marche,9,Totale,Y15-34,15-34 anni,2021,134.065,,
A,Annuale,ITE3,Marche,9,Totale,Y15-34,15-34 anni,2022,140.297,,
A,Annuale,ITE3,Marche,9,Totale,Y15-34,15-34 anni,2023,140.508,,
A,Annuale,ITE3,Marche,9,Totale,Y15-34,15-34 anni,2024,147.325,,
A,Annuale,ITE3,Marche,9,Totale,Y15-34,15-34 anni,2025,139.473,,
A,Annuale,ITE3,Marche,9,Totale,Y35-49,35-49 anni,2018,260.022,,
A,Annuale,ITE3,Marche,9,Totale,Y35-49,35-49 anni,2019,258.605,,
A,Annuale,ITE3,Marche,9,Totale,Y35-49,35-49 anni,2020,250.436,,
A,Annuale,ITE3,Marche,9,Totale,Y35-49,35-49 anni,2021,244.158,,
A,Annuale,ITE3,Marche,9,Totale,Y35-49,35-49 anni,2022,243.974,,
A,Annuale,ITE3,Marche,9,Totale,Y35-49,35-49 anni,2023,240.454,,
A,Annuale,ITE3,Marche,9,Totale,Y35-49,35-49 anni,2024,237.286,,
A,Annuale,ITE3,Marche,9,Totale,Y35-49,35-49 anni,2025,234.326,,
A,Annuale,ITE3,Marche,9,Totale,Y50-64,50-64 anni,2018,211.952,,
A,Annuale,ITE3,Marche,9,Totale,Y50-64,50-64 anni,2019,218.363,,
A,Annuale,ITE3,Marche,9,Totale,Y50-64,50-64 anni,2020,215.52,,
A,Annuale,ITE3,Marche,9,Totale,Y50-64,50-64 anni,2021,218.861,,
A,Annuale,ITE3,Marche,9,Totale,Y50-64,50-64 anni,2022,232.823,,
A,Annuale,ITE3,Marche,9,Totale,Y50-64,50-64 anni,2023,237.415,,
A,Annuale,ITE3,Marche,9,Totale,Y50-64,50-64 anni,2024,233.459,,
A,Annuale,ITE3,Marche,9,Totale,Y50-64,50-64 anni,2025,245.263,,
A,Annuale,ITE3,Marche,9,Totale,Y15-64,15-64 anni,2018,611.992,,
A,Annuale,ITE3,Marche,9,Totale,Y15-64,15-64 anni,2019,613.509,,
A,Annuale,ITE3,Marche,9,Totale,Y15-64,15-64 anni,2020,595.349,,
A,Annuale,ITE3,Marche,9,Totale,Y15-64,15-64 anni,2021,597.084,,
A,Annuale,ITE3,Marche,9,Totale,Y15-64,15-64 anni,2022,617.094,,
A,Annuale,ITE3,Marche,9,Totale,Y15-64,15-64 anni,2023,618.378,,
A,Annuale,ITE3,Marche,9,Totale,Y15-64,15-64 anni,2024,618.07,,
A,Annuale,ITE3,Marche,9,Totale,Y15-64,15-64 anni,2025,619.062,,
A,Annuale,ITE3,Marche,9,Totale,Y15-89,15-89 anni,2018,632.187,,
A,Annuale,ITE3,Marche,9,Totale,Y15-89,15-89 anni,2019,632.492,,
A,Annuale,ITE3,Marche,9,Totale,Y15-89,15-89 anni,2020,611.816,,
A,Annuale,ITE3,Marche,9,Totale,Y15-89,15-89 anni,2021,616.562,,
A,Annuale,ITE3,Marche,9,Totale,Y15-89,15-89 anni,2022,639.262,,
A,Annuale,ITE3,Marche,9,Totale,Y15-89,15-89 anni,2023,641.107,,
A,Annuale,ITE3,Marche,9,Totale,Y15-89,15-89 anni,2024,644.253,,
A,Annuale,ITE3,Marche,9,Totale,Y15-89,15-89 anni,2025,651.191,,
A,Annuale,ITE4,Lazio,1,Maschi,Y15-24,15-24 anni,2018,50.026,,
A,Annuale,ITE4,Lazio,1,Maschi,Y15-24,15-24 anni,2019,49.297,,
A,Annuale,ITE4,Lazio,1,Maschi,Y15-24,15-24 anni,2020,45.987,,
A,Annuale,ITE4,Lazio,1,Maschi,Y15-24,15-24 anni,2021,46.667,,
A,Annuale,ITE4,Lazio,1,Maschi,Y15-24,15-24 anni,2022,53.781,,
A,Annuale,ITE4,Lazio,1,Maschi,Y15-24,15-24 anni,2023,61.849,,
A,Annuale,ITE4,Lazio,1,Maschi,Y15-24,15-24 anni,2024,54.987,,
A,Annuale,ITE4,Lazio,1,Maschi,Y15-24,15-24 anni,2025,45.952,,
A,Annuale,ITE4,Lazio,1,Maschi,Y25-34,25-34 anni,2018,216.172,,
A,Annuale,ITE4,Lazio,1,Maschi,Y25-34,25-34 anni,2019,210.427,,
A,Annuale,ITE4,Lazio,1,Maschi,Y25-34,25-34 anni,2020,207.563,,
A,Annuale,ITE4,Lazio,1,Maschi,Y25-34,25-34 anni,2021,209.257,,
A,Annuale,ITE4,Lazio,1,Maschi,Y25-34,25-34 anni,2022,219.152,,
A,Annuale,ITE4,Lazio,1,Maschi,Y25-34,25-34 anni,2023,227.451,,
A,Annuale,ITE4,Lazio,1,Maschi,Y25-34,25-34 anni,2024,225.037,,
A,Annuale,ITE4,Lazio,1,Maschi,Y25-34,25-34 anni,2025,225.499,,
A,Annuale,ITE4,Lazio,1,Maschi,Y15-34,15-34 anni,2018,266.198,,
A,Annuale,ITE4,Lazio,1,Maschi,Y15-34,15-34 anni,2019,259.724,,
A,Annuale,ITE4,Lazio,1,Maschi,Y15-34,15-34 anni,2020,253.55,,
A,Annuale,ITE4,Lazio,1,Maschi,Y15-34,15-34 anni,2021,255.924,,
A,Annuale,ITE4,Lazio,1,Maschi,Y15-34,15-34 anni,2022,272.933,,
A,Annuale,ITE4,Lazio,1,Maschi,Y15-34,15-34 anni,2023,289.3,,
A,Annuale,ITE4,Lazio,1,Maschi,Y15-34,15-34 anni,2024,280.024,,
A,Annuale,ITE4,Lazio,1,Maschi,Y15-34,15-34 anni,2025,271.451,,
A,Annuale,ITE4,Lazio,1,Maschi,Y35-49,35-49 anni,2018,549.666,,
A,Annuale,ITE4,Lazio,1,Maschi,Y35-49,35-49 anni,2019,546.914,,
A,Annuale,ITE4,Lazio,1,Maschi,Y35-49,35-49 anni,2020,521.979,,
A,Annuale,ITE4,Lazio,1,Maschi,Y35-49,35-49 anni,2021,502.297,,
A,Annuale,ITE4,Lazio,1,Maschi,Y35-49,35-49 anni,2022,507.943,,
A,Annuale,ITE4,Lazio,1,Maschi,Y35-49,35-49 anni,2023,505.611,,
A,Annuale,ITE4,Lazio,1,Maschi,Y35-49,35-49 anni,2024,511.238,,
A,Annuale,ITE4,Lazio,1,Maschi,Y35-49,35-49 anni,2025,503.911,,
A,Annuale,ITE4,Lazio,1,Maschi,Y50-64,50-64 anni,2018,446.434,,
A,Annuale,ITE4,Lazio,1,Maschi,Y50-64,50-64 anni,2019,456.409,,
A,Annuale,ITE4,Lazio,1,Maschi,Y50-64,50-64 anni,2020,458.092,,
A,Annuale,ITE4,Lazio,1,Maschi,Y50-64,50-64 anni,2021,467.648,,
A,Annuale,ITE4,Lazio,1,Maschi,Y50-64,50-64 anni,2022,476.247,,
A,Annuale,ITE4,Lazio,1,Maschi,Y50-64,50-64 anni,2023,494.556,,
A,Annuale,ITE4,Lazio,1,Maschi,Y50-64,50-64 anni,2024,517.632,,
A,Annuale,ITE4,Lazio,1,Maschi,Y50-64,50-64 anni,2025,532.048,,
A,Annuale,ITE4,Lazio,1,Maschi,Y15-64,15-64 anni,2018,1262.298,,
A,Annuale,ITE4,Lazio,1,Maschi,Y15-64,15-64 anni,2019,1263.047,,
A,Annuale,ITE4,Lazio,1,Maschi,Y15-64,15-64 anni,2020,1233.62,,
A,Annuale,ITE4,Lazio,1,Maschi,Y15-64,15-64 anni,2021,1225.869,,
A,Annuale,ITE4,Lazio,1,Maschi,Y15-64,15-64 anni,2022,1257.122,,
A,Annuale,ITE4,Lazio,1,Maschi,Y15-64,15-64 anni,2023,1289.466,,
A,Annuale,ITE4,Lazio,1,Maschi,Y15-64,15-64 anni,2024,1308.894,,
A,Annuale,ITE4,Lazio,1,Maschi,Y15-64,15-64 anni,2025,1307.409,,
A,Annuale,ITE4,Lazio,1,Maschi,Y15-89,15-89 anni,2018,1304.373,,
A,Annuale,ITE4,Lazio,1,Maschi,Y15-89,15-89 anni,2019,1303.568,,
A,Annuale,ITE4,Lazio,1,Maschi,Y15-89,15-89 anni,2020,1275.414,,
A,Annuale,ITE4,Lazio,1,Maschi,Y15-89,15-89 anni,2021,1277.166,,
A,Annuale,ITE4,Lazio,1,Maschi,Y15-89,15-89 anni,2022,1300.541,,
A,Annuale,ITE4,Lazio,1,Maschi,Y15-89,15-89 anni,2023,1337.948,,
A,Annuale,ITE4,Lazio,1,Maschi,Y15-89,15-89 anni,2024,1360.126,,
A,Annuale,ITE4,Lazio,1,Maschi,Y15-89,15-89 anni,2025,1365.132,,
A,Annuale,ITE4,Lazio,2,Femmine,Y15-24,15-24 anni,2018,35.471,,
A,Annuale,ITE4,Lazio,2,Femmine,Y15-24,15-24 anni,2019,35.203,,
A,Annuale,ITE4,Lazio,2,Femmine,Y15-24,15-24 anni,2020,30.696,,
A,Annuale,ITE4,Lazio,2,Femmine,Y15-24,15-24 anni,2021,34.643,,
A,Annuale,ITE4,Lazio,2,Femmine,Y15-24,15-24 anni,2022,34.262,,
A,Annuale,ITE4,Lazio,2,Femmine,Y15-24,15-24 anni,2023,37.452,,
A,Annuale,ITE4,Lazio,2,Femmine,Y15-24,15-24 anni,2024,37.729,,
A,Annuale,ITE4,Lazio,2,Femmine,Y15-24,15-24 anni,2025,30.428,,
A,Annuale,ITE4,Lazio,2,Femmine,Y25-34,25-34 anni,2018,176.105,,
A,Annuale,ITE4,Lazio,2,Femmine,Y25-34,25-34 anni,2019,176.502,,
A,Annuale,ITE4,Lazio,2,Femmine,Y25-34,25-34 anni,2020,157.305,,
A,Annuale,ITE4,Lazio,2,Femmine,Y25-34,25-34 anni,2021,160.67,,
A,Annuale,ITE4,Lazio,2,Femmine,Y25-34,25-34 anni,2022,173.693,,
A,Annuale,ITE4,Lazio,2,Femmine,Y25-34,25-34 anni,2023,178.165,,
A,Annuale,ITE4,Lazio,2,Femmine,Y25-34,25-34 anni,2024,175.478,,
A,Annuale,ITE4,Lazio,2,Femmine,Y25-34,25-34 anni,2025,168.723,,
A,Annuale,ITE4,Lazio,2,Femmine,Y15-34,15-34 anni,2018,211.576,,
A,Annuale,ITE4,Lazio,2,Femmine,Y15-34,15-34 anni,2019,211.705,,
A,Annuale,ITE4,Lazio,2,Femmine,Y15-34,15-34 anni,2020,188,,
A,Annuale,ITE4,Lazio,2,Femmine,Y15-34,15-34 anni,2021,195.313,,
A,Annuale,ITE4,Lazio,2,Femmine,Y15-34,15-34 anni,2022,207.955,,
A,Annuale,ITE4,Lazio,2,Femmine,Y15-34,15-34 anni,2023,215.617,,
A,Annuale,ITE4,Lazio,2,Femmine,Y15-34,15-34 anni,2024,213.207,,
A,Annuale,ITE4,Lazio,2,Femmine,Y15-34,15-34 anni,2025,199.151,,
A,Annuale,ITE4,Lazio,2,Femmine,Y35-49,35-49 anni,2018,441.04,,
A,Annuale,ITE4,Lazio,2,Femmine,Y35-49,35-49 anni,2019,429.046,,
A,Annuale,ITE4,Lazio,2,Femmine,Y35-49,35-49 anni,2020,399.2,,
A,Annuale,ITE4,Lazio,2,Femmine,Y35-49,35-49 anni,2021,399.39,,
A,Annuale,ITE4,Lazio,2,Femmine,Y35-49,35-49 anni,2022,400.101,,
A,Annuale,ITE4,Lazio,2,Femmine,Y35-49,35-49 anni,2023,406.698,,
A,Annuale,ITE4,Lazio,2,Femmine,Y35-49,35-49 anni,2024,404.593,,
A,Annuale,ITE4,Lazio,2,Femmine,Y35-49,35-49 anni,2025,396.205,,
A,Annuale,ITE4,Lazio,2,Femmine,Y50-64,50-64 anni,2018,351.527,,
A,Annuale,ITE4,Lazio,2,Femmine,Y50-64,50-64 anni,2019,365.957,,
A,Annuale,ITE4,Lazio,2,Femmine,Y50-64,50-64 anni,2020,371.591,,
A,Annuale,ITE4,Lazio,2,Femmine,Y50-64,50-64 anni,2021,370.395,,
A,Annuale,ITE4,Lazio,2,Femmine,Y50-64,50-64 anni,2022,389.25,,
A,Annuale,ITE4,Lazio,2,Femmine,Y50-64,50-64 anni,2023,387.385,,
A,Annuale,ITE4,Lazio,2,Femmine,Y50-64,50-64 anni,2024,407.487,,
A,Annuale,ITE4,Lazio,2,Femmine,Y50-64,50-64 anni,2025,435.198,,
A,Annuale,ITE4,Lazio,2,Femmine,Y15-64,15-64 anni,2018,1004.144,,
A,Annuale,ITE4,Lazio,2,Femmine,Y15-64,15-64 anni,2019,1006.708,,
A,Annuale,ITE4,Lazio,2,Femmine,Y15-64,15-64 anni,2020,958.791,,
A,Annuale,ITE4,Lazio,2,Femmine,Y15-64,15-64 anni,2021,965.098,,
A,Annuale,ITE4,Lazio,2,Femmine,Y15-64,15-64 anni,2022,997.305,,
A,Annuale,ITE4,Lazio,2,Femmine,Y15-64,15-64 anni,2023,1009.7,,
A,Annuale,ITE4,Lazio,2,Femmine,Y15-64,15-64 anni,2024,1025.286,,
A,Annuale,ITE4,Lazio,2,Femmine,Y15-64,15-64 anni,2025,1030.554,,
A,Annuale,ITE4,Lazio,2,Femmine,Y15-89,15-89 anni,2018,1020.6,,
A,Annuale,ITE4,Lazio,2,Femmine,Y15-89,15-89 anni,2019,1029.891,,
A,Annuale,ITE4,Lazio,2,Femmine,Y15-89,15-89 anni,2020,983.371,,
A,Annuale,ITE4,Lazio,2,Femmine,Y15-89,15-89 anni,2021,988.581,,
A,Annuale,ITE4,Lazio,2,Femmine,Y15-89,15-89 anni,2022,1020.342,,
A,Annuale,ITE4,Lazio,2,Femmine,Y15-89,15-89 anni,2023,1037.458,,
A,Annuale,ITE4,Lazio,2,Femmine,Y15-89,15-89 anni,2024,1054.966,,
A,Annuale,ITE4,Lazio,2,Femmine,Y15-89,15-89 anni,2025,1065.078,,
A,Annuale,ITE4,Lazio,9,Totale,Y15-24,15-24 anni,2018,85.497,,
A,Annuale,ITE4,Lazio,9,Totale,Y15-24,15-24 anni,2019,84.5,,
A,Annuale,ITE4,Lazio,9,Totale,Y15-24,15-24 anni,2020,76.682,,
A,Annuale,ITE4,Lazio,9,Totale,Y15-24,15-24 anni,2021,81.31,,
A,Annuale,ITE4,Lazio,9,Totale,Y15-24,15-24 anni,2022,88.043,,
A,Annuale,ITE4,Lazio,9,Totale,Y15-24,15-24 anni,2023,99.301,,
A,Annuale,ITE4,Lazio,9,Totale,Y15-24,15-24 anni,2024,92.716,,
A,Annuale,ITE4,Lazio,9,Totale,Y15-24,15-24 anni,2025,76.38,,
A,Annuale,ITE4,Lazio,9,Totale,Y25-34,25-34 anni,2018,392.276,,
A,Annuale,ITE4,Lazio,9,Totale,Y25-34,25-34 anni,2019,386.929,,
A,Annuale,ITE4,Lazio,9,Totale,Y25-34,25-34 anni,2020,364.868,,
A,Annuale,ITE4,Lazio,9,Totale,Y25-34,25-34 anni,2021,369.927,,
A,Annuale,ITE4,Lazio,9,Totale,Y25-34,25-34 anni,2022,392.845,,
A,Annuale,ITE4,Lazio,9,Totale,Y25-34,25-34 anni,2023,405.616,,
A,Annuale,ITE4,Lazio,9,Totale,Y25-34,25-34 anni,2024,400.515,,
A,Annuale,ITE4,Lazio,9,Totale,Y25-34,25-34 anni,2025,394.222,,
A,Annuale,ITE4,Lazio,9,Totale,Y15-34,15-34 anni,2018,477.774,,
A,Annuale,ITE4,Lazio,9,Totale,Y15-34,15-34 anni,2019,471.429,,
A,Annuale,ITE4,Lazio,9,Totale,Y15-34,15-34 anni,2020,441.55,,
A,Annuale,ITE4,Lazio,9,Totale,Y15-34,15-34 anni,2021,451.237,,
A,Annuale,ITE4,Lazio,9,Totale,Y15-34,15-34 anni,2022,480.888,,
A,Annuale,ITE4,Lazio,9,Totale,Y15-34,15-34 anni,2023,504.917,,
A,Annuale,ITE4,Lazio,9,Totale,Y15-34,15-34 anni,2024,493.23,,
A,Annuale,ITE4,Lazio,9,Totale,Y15-34,15-34 anni,2025,470.602,,
A,Annuale,ITE4,Lazio,9,Totale,Y35-49,35-49 anni,2018,990.707,,
A,Annuale,ITE4,Lazio,9,Totale,Y35-49,35-49 anni,2019,975.96,,
A,Annuale,ITE4,Lazio,9,Totale,Y35-49,35-49 anni,2020,921.178,,
A,Annuale,ITE4,Lazio,9,Totale,Y35-49,35-49 anni,2021,901.686,,
A,Annuale,ITE4,Lazio,9,Totale,Y35-49,35-49 anni,2022,908.043,,
A,Annuale,ITE4,Lazio,9,Totale,Y35-49,35-49 anni,2023,912.309,,
A,Annuale,ITE4,Lazio,9,Totale,Y35-49,35-49 anni,2024,915.83,,
A,Annuale,ITE4,Lazio,9,Totale,Y35-49,35-49 anni,2025,900.115,,
A,Annuale,ITE4,Lazio,9,Totale,Y50-64,50-64 anni,2018,797.961,,
A,Annuale,ITE4,Lazio,9,Totale,Y50-64,50-64 anni,2019,822.366,,
A,Annuale,ITE4,Lazio,9,Totale,Y50-64,50-64 anni,2020,829.683,,
A,Annuale,ITE4,Lazio,9,Totale,Y50-64,50-64 anni,2021,838.042,,
A,Annuale,ITE4,Lazio,9,Totale,Y50-64,50-64 anni,2022,865.496,,
A,Annuale,ITE4,Lazio,9,Totale,Y50-64,50-64 anni,2023,881.94,,
A,Annuale,ITE4,Lazio,9,Totale,Y50-64,50-64 anni,2024,925.119,,
A,Annuale,ITE4,Lazio,9,Totale,Y50-64,50-64 anni,2025,967.246,,
A,Annuale,ITE4,Lazio,9,Totale,Y15-64,15-64 anni,2018,2266.441,,
A,Annuale,ITE4,Lazio,9,Totale,Y15-64,15-64 anni,2019,2269.755,,
A,Annuale,ITE4,Lazio,9,Totale,Y15-64,15-64 anni,2020,2192.412,,
A,Annuale,ITE4,Lazio,9,Totale,Y15-64,15-64 anni,2021,2190.966,,
A,Annuale,ITE4,Lazio,9,Totale,Y15-64,15-64 anni,2022,2254.427,,
A,Annuale,ITE4,Lazio,9,Totale,Y15-64,15-64 anni,2023,2299.165,,
A,Annuale,ITE4,Lazio,9,Totale,Y15-64,15-64 anni,2024,2334.18,,
A,Annuale,ITE4,Lazio,9,Totale,Y15-64,15-64 anni,2025,2337.963,,
A,Annuale,ITE4,Lazio,9,Totale,Y15-89,15-89 anni,2018,2324.973,,
A,Annuale,ITE4,Lazio,9,Totale,Y15-89,15-89 anni,2019,2333.459,,
A,Annuale,ITE4,Lazio,9,Totale,Y15-89,15-89 anni,2020,2258.785,,
A,Annuale,ITE4,Lazio,9,Totale,Y15-89,15-89 anni,2021,2265.747,,
A,Annuale,ITE4,Lazio,9,Totale,Y15-89,15-89 anni,2022,2320.883,,
A,Annuale,ITE4,Lazio,9,Totale,Y15-89,15-89 anni,2023,2375.406,,
A,Annuale,ITE4,Lazio,9,Totale,Y15-89,15-89 anni,2024,2415.092,,
A,Annuale,ITE4,Lazio,9,Totale,Y15-89,15-89 anni,2025,2430.21,,
A,Annuale,ITFG,Mezzogiorno,1,Maschi,Y15-24,15-24 anni,2004,319.739,,
A,Annuale,ITFG,Mezzogiorno,1,Maschi,Y15-24,15-24 anni,2005,295.568,,
A,Annuale,ITFG,Mezzogiorno,1,Maschi,Y15-24,15-24 anni,2006,295.032,,
A,Annuale,ITFG,Mezzogiorno,1,Maschi,Y15-24,15-24 anni,2007,292.778,,
A,Annuale,ITFG,Mezzogiorno,1,Maschi,Y15-24,15-24 anni,2008,281.486,,
A,Annuale,ITFG,Mezzogiorno,1,Maschi,Y15-24,15-24 anni,2009,243.649,,
A,Annuale,ITFG,Mezzogiorno,1,Maschi,Y15-24,15-24 anni,2010,226.806,,
A,Annuale,ITFG,Mezzogiorno,1,Maschi,Y15-24,15-24 anni,2011,213.089,,
A,Annuale,ITFG,Mezzogiorno,1,Maschi,Y15-24,15-24 anni,2012,202.363,,
A,Annuale,ITFG,Mezzogiorno,1,Maschi,Y15-24,15-24 anni,2013,172.496,,
A,Annuale,ITFG,Mezzogiorno,1,Maschi,Y15-24,15-24 anni,2014,158.587,,
A,Annuale,ITFG,Mezzogiorno,1,Maschi,Y15-24,15-24 anni,2015,168.188,,
A,Annuale,ITFG,Mezzogiorno,1,Maschi,Y15-24,15-24 anni,2016,171.418,,
A,Annuale,ITFG,Mezzogiorno,1,Maschi,Y15-24,15-24 anni,2017,167.274,,
A,Annuale,ITFG,Mezzogiorno,1,Maschi,Y15-24,15-24 anni,2018,163.194,,
A,Annuale,ITFG,Mezzogiorno,1,Maschi,Y15-24,15-24 anni,2019,168.651,,
A,Annuale,ITFG,Mezzogiorno,1,Maschi,Y15-24,15-24 anni,2020,163.292,,
A,Annuale,ITFG,Mezzogiorno,1,Maschi,Y15-24,15-24 anni,2021,176.996,,
A,Annuale,ITFG,Mezzogiorno,1,Maschi,Y15-24,15-24 anni,2022,183.686,,
A,Annuale,ITFG,Mezzogiorno,1,Maschi,Y15-24,15-24 anni,2023,191.844,,
A,Annuale,ITFG,Mezzogiorno,1,Maschi,Y15-24,15-24 anni,2024,186.147,,
A,Annuale,ITFG,Mezzogiorno,1,Maschi,Y15-24,15-24 anni,2025,172.507,,
A,Annuale,ITFG,Mezzogiorno,1,Maschi,Y25-34,25-34 anni,2004,1044.51,,
A,Annuale,ITFG,Mezzogiorno,1,Maschi,Y25-34,25-34 anni,2005,1021.838,,
A,Annuale,ITFG,Mezzogiorno,1,Maschi,Y25-34,25-34 anni,2006,1010.544,,
A,Annuale,ITFG,Mezzogiorno,1,Maschi,Y25-34,25-34 anni,2007,994.579,,
A,Annuale,ITFG,Mezzogiorno,1,Maschi,Y25-34,25-34 anni,2008,956.582,,
A,Annuale,ITFG,Mezzogiorno,1,Maschi,Y25-34,25-34 anni,2009,878.787,,
A,Annuale,ITFG,Mezzogiorno,1,Maschi,Y25-34,25-34 anni,2010,817.711,,
A,Annuale,ITFG,Mezzogiorno,1,Maschi,Y25-34,25-34 anni,2011,804.058,,
A,Annuale,ITFG,Mezzogiorno,1,Maschi,Y25-34,25-34 anni,2012,760.593,,
A,Annuale,ITFG,Mezzogiorno,1,Maschi,Y25-34,25-34 anni,2013,661.327,,
A,Annuale,ITFG,Mezzogiorno,1,Maschi,Y25-34,25-34 anni,2014,640.705,,
A,Annuale,ITFG,Mezzogiorno,1,Maschi,Y25-34,25-34 anni,2015,660.581,,
A,Annuale,ITFG,Mezzogiorno,1,Maschi,Y25-34,25-34 anni,2016,661.407,,
A,Annuale,ITFG,Mezzogiorno,1,Maschi,Y25-34,25-34 anni,2017,673.435,,
A,Annuale,ITFG,Mezzogiorno,1,Maschi,Y25-34,25-34 anni,2018,673.119,,
A,Annuale,ITFG,Mezzogiorno,1,Maschi,Y25-34,25-34 anni,2019,676.275,,
A,Annuale,ITFG,Mezzogiorno,1,Maschi,Y25-34,25-34 anni,2020,628.345,,
A,Annuale,ITFG,Mezzogiorno,1,Maschi,Y25-34,25-34 anni,2021,655.178,,
A,Annuale,ITFG,Mezzogiorno,1,Maschi,Y25-34,25-34 anni,2022,675.155,,
A,Annuale,ITFG,Mezzogiorno,1,Maschi,Y25-34,25-34 anni,2023,687.456,,
A,Annuale,ITFG,Mezzogiorno,1,Maschi,Y25-34,25-34 anni,2024,686.514,,
A,Annuale,ITFG,Mezzogiorno,1,Maschi,Y25-34,25-34 anni,2025,675.478,,
A,Annuale,ITFG,Mezzogiorno,1,Maschi,Y15-34,15-34 anni,2004,1364.249,,
A,Annuale,ITFG,Mezzogiorno,1,Maschi,Y15-34,15-34 anni,2005,1317.405,,
A,Annuale,ITFG,Mezzogiorno,1,Maschi,Y15-34,15-34 anni,2006,1305.576,,
A,Annuale,ITFG,Mezzogiorno,1,Maschi,Y15-34,15-34 anni,2007,1287.356,,
A,Annuale,ITFG,Mezzogiorno,1,Maschi,Y15-34,15-34 anni,2008,1238.069,,
A,Annuale,ITFG,Mezzogiorno,1,Maschi,Y15-34,15-34 anni,2009,1122.435,,
A,Annuale,ITFG,Mezzogiorno,1,Maschi,Y15-34,15-34 anni,2010,1044.517,,
A,Annuale,ITFG,Mezzogiorno,1,Maschi,Y15-34,15-34 anni,2011,1017.146,,
A,Annuale,ITFG,Mezzogiorno,1,Maschi,Y15-34,15-34 anni,2012,962.956,,
A,Annuale,ITFG,Mezzogiorno,1,Maschi,Y15-34,15-34 anni,2013,833.823,,
A,Annuale,ITFG,Mezzogiorno,1,Maschi,Y15-34,15-34 anni,2014,799.292,,
A,Annuale,ITFG,Mezzogiorno,1,Maschi,Y15-34,15-34 anni,2015,828.769,,
A,Annuale,ITFG,Mezzogiorno,1,Maschi,Y15-34,15-34 anni,2016,832.825,,
A,Annuale,ITFG,Mezzogiorno,1,Maschi,Y15-34,15-34 anni,2017,840.708,,
A,Annuale,ITFG,Mezzogiorno,1,Maschi,Y15-34,15-34 anni,2018,836.313,,
A,Annuale,ITFG,Mezzogiorno,1,Maschi,Y15-34,15-34 anni,2019,844.926,,
A,Annuale,ITFG,Mezzogiorno,1,Maschi,Y15-34,15-34 anni,2020,791.637,,
A,Annuale,ITFG,Mezzogiorno,1,Maschi,Y15-34,15-34 anni,2021,832.174,,
A,Annuale,ITFG,Mezzogiorno,1,Maschi,Y15-34,15-34 anni,2022,858.841,,
A,Annuale,ITFG,Mezzogiorno,1,Maschi,Y15-34,15-34 anni,2023,879.3,,
A,Annuale,ITFG,Mezzogiorno,1,Maschi,Y15-34,15-34 anni,2024,872.661,,
A,Annuale,ITFG,Mezzogiorno,1,Maschi,Y15-34,15-34 anni,2025,847.985,,
A,Annuale,ITFG,Mezzogiorno,1,Maschi,Y35-49,35-49 anni,2004,1832.848,,
A,Annuale,ITFG,Mezzogiorno,1,Maschi,Y35-49,35-49 anni,2005,1844.806,,
A,Annuale,ITFG,Mezzogiorno,1,Maschi,Y35-49,35-49 anni,2006,1859.275,,
A,Annuale,ITFG,Mezzogiorno,1,Maschi,Y35-49,35-49 anni,2007,1858.741,,
A,Annuale,ITFG,Mezzogiorno,1,Maschi,Y35-49,35-49 anni,2008,1838.584,,
A,Annuale,ITFG,Mezzogiorno,1,Maschi,Y35-49,35-49 anni,2009,1788.407,,
A,Annuale,ITFG,Mezzogiorno,1,Maschi,Y35-49,35-49 anni,2010,1747.407,,
A,Annuale,ITFG,Mezzogiorno,1,Maschi,Y35-49,35-49 anni,2011,1750.72,,
A,Annuale,ITFG,Mezzogiorno,1,Maschi,Y35-49,35-49 anni,2012,1706.532,,
A,Annuale,ITFG,Mezzogiorno,1,Maschi,Y35-49,35-49 anni,2013,1640.704,,
A,Annuale,ITFG,Mezzogiorno,1,Maschi,Y35-49,35-49 anni,2014,1595.934,,
A,Annuale,ITFG,Mezzogiorno,1,Maschi,Y35-49,35-49 anni,2015,1585.345,,
A,Annuale,ITFG,Mezzogiorno,1,Maschi,Y35-49,35-49 anni,2016,1579.991,,
A,Annuale,ITFG,Mezzogiorno,1,Maschi,Y35-49,35-49 anni,2017,1563.418,,
A,Annuale,ITFG,Mezzogiorno,1,Maschi,Y35-49,35-49 anni,2018,1541.014,,
A,Annuale,ITFG,Mezzogiorno,1,Maschi,Y35-49,35-49 anni,2019,1512.569,,
A,Annuale,ITFG,Mezzogiorno,1,Maschi,Y35-49,35-49 anni,2020,1471.726,,
A,Annuale,ITFG,Mezzogiorno,1,Maschi,Y35-49,35-49 anni,2021,1457.519,,
A,Annuale,ITFG,Mezzogiorno,1,Maschi,Y35-49,35-49 anni,2022,1458.524,,
A,Annuale,ITFG,Mezzogiorno,1,Maschi,Y35-49,35-49 anni,2023,1463.08,,
A,Annuale,ITFG,Mezzogiorno,1,Maschi,Y35-49,35-49 anni,2024,1484.332,,
A,Annuale,ITFG,Mezzogiorno,1,Maschi,Y35-49,35-49 anni,2025,1481.413,,
A,Annuale,ITFG,Mezzogiorno,1,Maschi,Y50-64,50-64 anni,2004,973.254,,
A,Annuale,ITFG,Mezzogiorno,1,Maschi,Y50-64,50-64 anni,2005,1003.145,,
A,Annuale,ITFG,Mezzogiorno,1,Maschi,Y50-64,50-64 anni,2006,1025.609,,
A,Annuale,ITFG,Mezzogiorno,1,Maschi,Y50-64,50-64 anni,2007,1043.669,,
A,Annuale,ITFG,Mezzogiorno,1,Maschi,Y50-64,50-64 anni,2008,1053.383,,
A,Annuale,ITFG,Mezzogiorno,1,Maschi,Y50-64,50-64 anni,2009,1052.072,,
A,Annuale,ITFG,Mezzogiorno,1,Maschi,Y50-64,50-64 anni,2010,1083.283,,
A,Annuale,ITFG,Mezzogiorno,1,Maschi,Y50-64,50-64 anni,2011,1108.665,,
A,Annuale,ITFG,Mezzogiorno,1,Maschi,Y50-64,50-64 anni,2012,1101.239,,
A,Annuale,ITFG,Mezzogiorno,1,Maschi,Y50-64,50-64 anni,2013,1101.924,,
A,Annuale,ITFG,Mezzogiorno,1,Maschi,Y50-64,50-64 anni,2014,1153.554,,
A,Annuale,ITFG,Mezzogiorno,1,Maschi,Y50-64,50-64 anni,2015,1203.75,,
A,Annuale,ITFG,Mezzogiorno,1,Maschi,Y50-64,50-64 anni,2016,1262.633,,
A,Annuale,ITFG,Mezzogiorno,1,Maschi,Y50-64,50-64 anni,2017,1293.364,,
A,Annuale,ITFG,Mezzogiorno,1,Maschi,Y50-64,50-64 anni,2018,1347.633,,
A,Annuale,ITFG,Mezzogiorno,1,Maschi,Y50-64,50-64 anni,2019,1354.071,,
A,Annuale,ITFG,Mezzogiorno,1,Maschi,Y50-64,50-64 anni,2020,1354.033,,
A,Annuale,ITFG,Mezzogiorno,1,Maschi,Y50-64,50-64 anni,2021,1353.559,,
A,Annuale,ITFG,Mezzogiorno,1,Maschi,Y50-64,50-64 anni,2022,1416.162,,
A,Annuale,ITFG,Mezzogiorno,1,Maschi,Y50-64,50-64 anni,2023,1472.363,,
A,Annuale,ITFG,Mezzogiorno,1,Maschi,Y50-64,50-64 anni,2024,1519.398,,
A,Annuale,ITFG,Mezzogiorno,1,Maschi,Y50-64,50-64 anni,2025,1567.829,,
A,Annuale,ITFG,Mezzogiorno,1,Maschi,Y15-64,15-64 anni,2004,4170.351,,
A,Annuale,ITFG,Mezzogiorno,1,Maschi,Y15-64,15-64 anni,2005,4165.356,,
A,Annuale,ITFG,Mezzogiorno,1,Maschi,Y15-64,15-64 anni,2006,4190.461,,
A,Annuale,ITFG,Mezzogiorno,1,Maschi,Y15-64,15-64 anni,2007,4189.767,,
A,Annuale,ITFG,Mezzogiorno,1,Maschi,Y15-64,15-64 anni,2008,4130.036,,
A,Annuale,ITFG,Mezzogiorno,1,Maschi,Y15-64,15-64 anni,2009,3962.915,,
A,Annuale,ITFG,Mezzogiorno,1,Maschi,Y15-64,15-64 anni,2010,3875.207,,
A,Annuale,ITFG,Mezzogiorno,1,Maschi,Y15-64,15-64 anni,2011,3876.531,,
A,Annuale,ITFG,Mezzogiorno,1,Maschi,Y15-64,15-64 anni,2012,3770.727,,
A,Annuale,ITFG,Mezzogiorno,1,Maschi,Y15-64,15-64 anni,2013,3576.451,,
A,Annuale,ITFG,Mezzogiorno,1,Maschi,Y15-64,15-64 anni,2014,3548.78,,
A,Annuale,ITFG,Mezzogiorno,1,Maschi,Y15-64,15-64 anni,2015,3617.865,,
A,Annuale,ITFG,Mezzogiorno,1,Maschi,Y15-64,15-64 anni,2016,3675.45,,
A,Annuale,ITFG,Mezzogiorno,1,Maschi,Y15-64,15-64 anni,2017,3697.491,,
A,Annuale,ITFG,Mezzogiorno,1,Maschi,Y15-64,15-64 anni,2018,3724.961,,
A,Annuale,ITFG,Mezzogiorno,1,Maschi,Y15-64,15-64 anni,2019,3711.566,,
A,Annuale,ITFG,Mezzogiorno,1,Maschi,Y15-64,15-64 anni,2020,3617.396,,
A,Annuale,ITFG,Mezzogiorno,1,Maschi,Y15-64,15-64 anni,2021,3643.252,,
A,Annuale,ITFG,Mezzogiorno,1,Maschi,Y15-64,15-64 anni,2022,3733.527,,
A,Annuale,ITFG,Mezzogiorno,1,Maschi,Y15-64,15-64 anni,2023,3814.744,,
A,Annuale,ITFG,Mezzogiorno,1,Maschi,Y15-64,15-64 anni,2024,3876.391,,
A,Annuale,ITFG,Mezzogiorno,1,Maschi,Y15-64,15-64 anni,2025,3897.227,,
A,Annuale,ITFG,Mezzogiorno,1,Maschi,Y15-89,15-89 anni,2004,4242.454,,
A,Annuale,ITFG,Mezzogiorno,1,Maschi,Y15-89,15-89 anni,2005,4238.258,,
A,Annuale,ITFG,Mezzogiorno,1,Maschi,Y15-89,15-89 anni,2006,4268.778,,
A,Annuale,ITFG,Mezzogiorno,1,Maschi,Y15-89,15-89 anni,2007,4267.952,,
A,Annuale,ITFG,Mezzogiorno,1,Maschi,Y15-89,15-89 anni,2008,4211.982,,
A,Annuale,ITFG,Mezzogiorno,1,Maschi,Y15-89,15-89 anni,2009,4040.085,,
A,Annuale,ITFG,Mezzogiorno,1,Maschi,Y15-89,15-89 anni,2010,3952.715,,
A,Annuale,ITFG,Mezzogiorno,1,Maschi,Y15-89,15-89 anni,2011,3952.338,,
A,Annuale,ITFG,Mezzogiorno,1,Maschi,Y15-89,15-89 anni,2012,3858.461,,
A,Annuale,ITFG,Mezzogiorno,1,Maschi,Y15-89,15-89 anni,2013,3665.081,,
A,Annuale,ITFG,Mezzogiorno,1,Maschi,Y15-89,15-89 anni,2014,3639.952,,
A,Annuale,ITFG,Mezzogiorno,1,Maschi,Y15-89,15-89 anni,2015,3714.871,,
A,Annuale,ITFG,Mezzogiorno,1,Maschi,Y15-89,15-89 anni,2016,3780.383,,
A,Annuale,ITFG,Mezzogiorno,1,Maschi,Y15-89,15-89 anni,2017,3818.938,,
A,Annuale,ITFG,Mezzogiorno,1,Maschi,Y15-89,15-89 anni,2018,3835.914,,
A,Annuale,ITFG,Mezzogiorno,1,Maschi,Y15-89,15-89 anni,2019,3829.87,,
A,Annuale,ITFG,Mezzogiorno,1,Maschi,Y15-89,15-89 anni,2020,3733.431,,
A,Annuale,ITFG,Mezzogiorno,1,Maschi,Y15-89,15-89 anni,2021,3766.436,,
A,Annuale,ITFG,Mezzogiorno,1,Maschi,Y15-89,15-89 anni,2022,3861.005,,
A,Annuale,ITFG,Mezzogiorno,1,Maschi,Y15-89,15-89 anni,2023,3957.811,,
A,Annuale,ITFG,Mezzogiorno,1,Maschi,Y15-89,15-89 anni,2024,4022.509,,
A,Annuale,ITFG,Mezzogiorno,1,Maschi,Y15-89,15-89 anni,2025,4064.485,,
A,Annuale,ITFG,Mezzogiorno,2,Femmine,Y15-24,15-24 anni,2004,180.096,,
A,Annuale,ITFG,Mezzogiorno,2,Femmine,Y15-24,15-24 anni,2005,155.717,,
A,Annuale,ITFG,Mezzogiorno,2,Femmine,Y15-24,15-24 anni,2006,157.175,,
A,Annuale,ITFG,Mezzogiorno,2,Femmine,Y15-24,15-24 anni,2007,145.719,,
A,Annuale,ITFG,Mezzogiorno,2,Femmine,Y15-24,15-24 anni,2008,150.733,,
A,Annuale,ITFG,Mezzogiorno,2,Femmine,Y15-24,15-24 anni,2009,129.306,,
A,Annuale,ITFG,Mezzogiorno,2,Femmine,Y15-24,15-24 anni,2010,132.233,,
A,Annuale,ITFG,Mezzogiorno,2,Femmine,Y15-24,15-24 anni,2011,120.046,,
A,Annuale,ITFG,Mezzogiorno,2,Femmine,Y15-24,15-24 anni,2012,117.965,,
A,Annuale,ITFG,Mezzogiorno,2,Femmine,Y15-24,15-24 anni,2013,104.884,,
A,Annuale,ITFG,Mezzogiorno,2,Femmine,Y15-24,15-24 anni,2014,92.059,,
A,Annuale,ITFG,Mezzogiorno,2,Femmine,Y15-24,15-24 anni,2015,87.709,,
A,Annuale,ITFG,Mezzogiorno,2,Femmine,Y15-24,15-24 anni,2016,98.355,,
A,Annuale,ITFG,Mezzogiorno,2,Femmine,Y15-24,15-24 anni,2017,89.569,,
A,Annuale,ITFG,Mezzogiorno,2,Femmine,Y15-24,15-24 anni,2018,95.986,,
A,Annuale,ITFG,Mezzogiorno,2,Femmine,Y15-24,15-24 anni,2019,96.973,,
A,Annuale,ITFG,Mezzogiorno,2,Femmine,Y15-24,15-24 anni,2020,77.554,,
A,Annuale,ITFG,Mezzogiorno,2,Femmine,Y15-24,15-24 anni,2021,85.835,,
A,Annuale,ITFG,Mezzogiorno,2,Femmine,Y15-24,15-24 anni,2022,98.242,,
A,Annuale,ITFG,Mezzogiorno,2,Femmine,Y15-24,15-24 anni,2023,96.255,,
A,Annuale,ITFG,Mezzogiorno,2,Femmine,Y15-24,15-24 anni,2024,93.149,,
A,Annuale,ITFG,Mezzogiorno,2,Femmine,Y15-24,15-24 anni,2025,87.339,,
A,Annuale,ITFG,Mezzogiorno,2,Femmine,Y25-34,25-34 anni,2004,569.154,,
A,Annuale,ITFG,Mezzogiorno,2,Femmine,Y25-34,25-34 anni,2005,544.619,,
A,Annuale,ITFG,Mezzogiorno,2,Femmine,Y25-34,25-34 anni,2006,561.07,,
A,Annuale,ITFG,Mezzogiorno,2,Femmine,Y25-34,25-34 anni,2007,556.043,,
A,Annuale,ITFG,Mezzogiorno,2,Femmine,Y25-34,25-34 anni,2008,560.313,,
A,Annuale,ITFG,Mezzogiorno,2,Femmine,Y25-34,25-34 anni,2009,517.394,,
A,Annuale,ITFG,Mezzogiorno,2,Femmine,Y25-34,25-34 anni,2010,470.054,,
A,Annuale,ITFG,Mezzogiorno,2,Femmine,Y25-34,25-34 anni,2011,474.922,,
A,Annuale,ITFG,Mezzogiorno,2,Femmine,Y25-34,25-34 anni,2012,471.064,,
A,Annuale,ITFG,Mezzogiorno,2,Femmine,Y25-34,25-34 anni,2013,429.891,,
A,Annuale,ITFG,Mezzogiorno,2,Femmine,Y25-34,25-34 anni,2014,416.843,,
A,Annuale,ITFG,Mezzogiorno,2,Femmine,Y25-34,25-34 anni,2015,410.555,,
A,Annuale,ITFG,Mezzogiorno,2,Femmine,Y25-34,25-34 anni,2016,412.495,,
A,Annuale,ITFG,Mezzogiorno,2,Femmine,Y25-34,25-34 anni,2017,414.961,,
A,Annuale,ITFG,Mezzogiorno,2,Femmine,Y25-34,25-34 anni,2018,411.221,,
A,Annuale,ITFG,Mezzogiorno,2,Femmine,Y25-34,25-34 anni,2019,405.45,,
A,Annuale,ITFG,Mezzogiorno,2,Femmine,Y25-34,25-34 anni,2020,374.463,,
A,Annuale,ITFG,Mezzogiorno,2,Femmine,Y25-34,25-34 anni,2021,395.171,,
A,Annuale,ITFG,Mezzogiorno,2,Femmine,Y25-34,25-34 anni,2022,406.961,,
A,Annuale,ITFG,Mezzogiorno,2,Femmine,Y25-34,25-34 anni,2023,433.723,,
A,Annuale,ITFG,Mezzogiorno,2,Femmine,Y25-34,25-34 anni,2024,449.172,,
A,Annuale,ITFG,Mezzogiorno,2,Femmine,Y25-34,25-34 anni,2025,445.388,,
A,Annuale,ITFG,Mezzogiorno,2,Femmine,Y15-34,15-34 anni,2004,749.25,,
A,Annuale,ITFG,Mezzogiorno,2,Femmine,Y15-34,15-34 anni,2005,700.336,,
A,Annuale,ITFG,Mezzogiorno,2,Femmine,Y15-34,15-34 anni,2006,718.245,,
A,Annuale,ITFG,Mezzogiorno,2,Femmine,Y15-34,15-34 anni,2007,701.762,,
A,Annuale,ITFG,Mezzogiorno,2,Femmine,Y15-34,15-34 anni,2008,711.046,,
A,Annuale,ITFG,Mezzogiorno,2,Femmine,Y15-34,15-34 anni,2009,646.7,,
A,Annuale,ITFG,Mezzogiorno,2,Femmine,Y15-34,15-34 anni,2010,602.287,,
A,Annuale,ITFG,Mezzogiorno,2,Femmine,Y15-34,15-34 anni,2011,594.968,,
A,Annuale,ITFG,Mezzogiorno,2,Femmine,Y15-34,15-34 anni,2012,589.029,,
A,Annuale,ITFG,Mezzogiorno,2,Femmine,Y15-34,15-34 anni,2013,534.775,,
A,Annuale,ITFG,Mezzogiorno,2,Femmine,Y15-34,15-34 anni,2014,508.902,,
A,Annuale,ITFG,Mezzogiorno,2,Femmine,Y15-34,15-34 anni,2015,498.265,,
A,Annuale,ITFG,Mezzogiorno,2,Femmine,Y15-34,15-34 anni,2016,510.851,,
A,Annuale,ITFG,Mezzogiorno,2,Femmine,Y15-34,15-34 anni,2017,504.53,,
A,Annuale,ITFG,Mezzogiorno,2,Femmine,Y15-34,15-34 anni,2018,507.207,,
A,Annuale,ITFG,Mezzogiorno,2,Femmine,Y15-34,15-34 anni,2019,502.422,,
A,Annuale,ITFG,Mezzogiorno,2,Femmine,Y15-34,15-34 anni,2020,452.017,,
A,Annuale,ITFG,Mezzogiorno,2,Femmine,Y15-34,15-34 anni,2021,481.006,,
A,Annuale,ITFG,Mezzogiorno,2,Femmine,Y15-34,15-34 anni,2022,505.203,,
A,Annuale,ITFG,Mezzogiorno,2,Femmine,Y15-34,15-34 anni,2023,529.978,,
A,Annuale,ITFG,Mezzogiorno,2,Femmine,Y15-34,15-34 anni,2024,542.321,,
A,Annuale,ITFG,Mezzogiorno,2,Femmine,Y15-34,15-34 anni,2025,532.727,,
A,Annuale,ITFG,Mezzogiorno,2,Femmine,Y35-49,35-49 anni,2004,936.454,,
A,Annuale,ITFG,Mezzogiorno,2,Femmine,Y35-49,35-49 anni,2005,926.989,,
A,Annuale,ITFG,Mezzogiorno,2,Femmine,Y35-49,35-49 anni,2006,967.269,,
A,Annuale,ITFG,Mezzogiorno,2,Femmine,Y35-49,35-49 anni,2007,959.579,,
A,Annuale,ITFG,Mezzogiorno,2,Femmine,Y35-49,35-49 anni,2008,964.754,,
A,Annuale,ITFG,Mezzogiorno,2,Femmine,Y35-49,35-49 anni,2009,955.951,,
A,Annuale,ITFG,Mezzogiorno,2,Femmine,Y35-49,35-49 anni,2010,964.708,,
A,Annuale,ITFG,Mezzogiorno,2,Femmine,Y35-49,35-49 anni,2011,966.04,,
A,Annuale,ITFG,Mezzogiorno,2,Femmine,Y35-49,35-49 anni,2012,989.477,,
A,Annuale,ITFG,Mezzogiorno,2,Femmine,Y35-49,35-49 anni,2013,954.288,,
A,Annuale,ITFG,Mezzogiorno,2,Femmine,Y35-49,35-49 anni,2014,925.535,,
A,Annuale,ITFG,Mezzogiorno,2,Femmine,Y35-49,35-49 anni,2015,925.386,,
A,Annuale,ITFG,Mezzogiorno,2,Femmine,Y35-49,35-49 anni,2016,914.192,,
A,Annuale,ITFG,Mezzogiorno,2,Femmine,Y35-49,35-49 anni,2017,916.32,,
A,Annuale,ITFG,Mezzogiorno,2,Femmine,Y35-49,35-49 anni,2018,917.358,,
A,Annuale,ITFG,Mezzogiorno,2,Femmine,Y35-49,35-49 anni,2019,908.074,,
A,Annuale,ITFG,Mezzogiorno,2,Femmine,Y35-49,35-49 anni,2020,877.294,,
A,Annuale,ITFG,Mezzogiorno,2,Femmine,Y35-49,35-49 anni,2021,872.337,,
A,Annuale,ITFG,Mezzogiorno,2,Femmine,Y35-49,35-49 anni,2022,886.73,,
A,Annuale,ITFG,Mezzogiorno,2,Femmine,Y35-49,35-49 anni,2023,897.35,,
A,Annuale,ITFG,Mezzogiorno,2,Femmine,Y35-49,35-49 anni,2024,931.834,,
A,Annuale,ITFG,Mezzogiorno,2,Femmine,Y35-49,35-49 anni,2025,943.036,,
A,Annuale,ITFG,Mezzogiorno,2,Femmine,Y50-64,50-64 anni,2004,451.099,,
A,Annuale,ITFG,Mezzogiorno,2,Femmine,Y50-64,50-64 anni,2005,459.496,,
A,Annuale,ITFG,Mezzogiorno,2,Femmine,Y50-64,50-64 anni,2006,469.629,,
A,Annuale,ITFG,Mezzogiorno,2,Femmine,Y50-64,50-64 anni,2007,494.997,,
A,Annuale,ITFG,Mezzogiorno,2,Femmine,Y50-64,50-64 anni,2008,505.724,,
A,Annuale,ITFG,Mezzogiorno,2,Femmine,Y50-64,50-64 anni,2009,526.457,,
A,Annuale,ITFG,Mezzogiorno,2,Femmine,Y50-64,50-64 anni,2010,555.362,,
A,Annuale,ITFG,Mezzogiorno,2,Femmine,Y50-64,50-64 anni,2011,585.503,,
A,Annuale,ITFG,Mezzogiorno,2,Femmine,Y50-64,50-64 anni,2012,612.645,,
A,Annuale,ITFG,Mezzogiorno,2,Femmine,Y50-64,50-64 anni,2013,620.131,,
A,Annuale,ITFG,Mezzogiorno,2,Femmine,Y50-64,50-64 anni,2014,649.137,,
A,Annuale,ITFG,Mezzogiorno,2,Femmine,Y50-64,50-64 anni,2015,684.953,,
A,Annuale,ITFG,Mezzogiorno,2,Femmine,Y50-64,50-64 anni,2016,729.122,,
A,Annuale,ITFG,Mezzogiorno,2,Femmine,Y50-64,50-64 anni,2017,753.026,,
A,Annuale,ITFG,Mezzogiorno,2,Femmine,Y50-64,50-64 anni,2018,775.693,,
A,Annuale,ITFG,Mezzogiorno,2,Femmine,Y50-64,50-64 anni,2019,796.605,,
A,Annuale,ITFG,Mezzogiorno,2,Femmine,Y50-64,50-64 anni,2020,775.565,,
A,Annuale,ITFG,Mezzogiorno,2,Femmine,Y50-64,50-64 anni,2021,795.033,,
A,Annuale,ITFG,Mezzogiorno,2,Femmine,Y50-64,50-64 anni,2022,807.197,,
A,Annuale,ITFG,Mezzogiorno,2,Femmine,Y50-64,50-64 anni,2023,862.827,,
A,Annuale,ITFG,Mezzogiorno,2,Femmine,Y50-64,50-64 anni,2024,884.044,,
A,Annuale,ITFG,Mezzogiorno,2,Femmine,Y50-64,50-64 anni,2025,914.719,,
A,Annuale,ITFG,Mezzogiorno,2,Femmine,Y15-64,15-64 anni,2004,2136.803,,
A,Annuale,ITFG,Mezzogiorno,2,Femmine,Y15-64,15-64 anni,2005,2086.821,,
A,Annuale,ITFG,Mezzogiorno,2,Femmine,Y15-64,15-64 anni,2006,2155.143,,
A,Annuale,ITFG,Mezzogiorno,2,Femmine,Y15-64,15-64 anni,2007,2156.338,,
A,Annuale,ITFG,Mezzogiorno,2,Femmine,Y15-64,15-64 anni,2008,2181.525,,
A,Annuale,ITFG,Mezzogiorno,2,Femmine,Y15-64,15-64 anni,2009,2129.108,,
A,Annuale,ITFG,Mezzogiorno,2,Femmine,Y15-64,15-64 anni,2010,2122.357,,
A,Annuale,ITFG,Mezzogiorno,2,Femmine,Y15-64,15-64 anni,2011,2146.511,,
A,Annuale,ITFG,Mezzogiorno,2,Femmine,Y15-64,15-64 anni,2012,2191.151,,
A,Annuale,ITFG,Mezzogiorno,2,Femmine,Y15-64,15-64 anni,2013,2109.194,,
A,Annuale,ITFG,Mezzogiorno,2,Femmine,Y15-64,15-64 anni,2014,2083.574,,
A,Annuale,ITFG,Mezzogiorno,2,Femmine,Y15-64,15-64 anni,2015,2108.604,,
A,Annuale,ITFG,Mezzogiorno,2,Femmine,Y15-64,15-64 anni,2016,2154.164,,
A,Annuale,ITFG,Mezzogiorno,2,Femmine,Y15-64,15-64 anni,2017,2173.875,,
A,Annuale,ITFG,Mezzogiorno,2,Femmine,Y15-64,15-64 anni,2018,2200.257,,
A,Annuale,ITFG,Mezzogiorno,2,Femmine,Y15-64,15-64 anni,2019,2207.101,,
A,Annuale,ITFG,Mezzogiorno,2,Femmine,Y15-64,15-64 anni,2020,2104.876,,
A,Annuale,ITFG,Mezzogiorno,2,Femmine,Y15-64,15-64 anni,2021,2148.377,,
A,Annuale,ITFG,Mezzogiorno,2,Femmine,Y15-64,15-64 anni,2022,2199.13,,
A,Annuale,ITFG,Mezzogiorno,2,Femmine,Y15-64,15-64 anni,2023,2290.155,,
A,Annuale,ITFG,Mezzogiorno,2,Femmine,Y15-64,15-64 anni,2024,2358.199,,
A,Annuale,ITFG,Mezzogiorno,2,Femmine,Y15-64,15-64 anni,2025,2390.482,,
A,Annuale,ITFG,Mezzogiorno,2,Femmine,Y15-89,15-89 anni,2004,2155.023,,
A,Annuale,ITFG,Mezzogiorno,2,Femmine,Y15-89,15-89 anni,2005,2103.129,,
A,Annuale,ITFG,Mezzogiorno,2,Femmine,Y15-89,15-89 anni,2006,2173.412,,
A,Annuale,ITFG,Mezzogiorno,2,Femmine,Y15-89,15-89 anni,2007,2175.57,,
A,Annuale,ITFG,Mezzogiorno,2,Femmine,Y15-89,15-89 anni,2008,2202.085,,
A,Annuale,ITFG,Mezzogiorno,2,Femmine,Y15-89,15-89 anni,2009,2148.506,,
A,Annuale,ITFG,Mezzogiorno,2,Femmine,Y15-89,15-89 anni,2010,2141.063,,
A,Annuale,ITFG,Mezzogiorno,2,Femmine,Y15-89,15-89 anni,2011,2167.048,,
A,Annuale,ITFG,Mezzogiorno,2,Femmine,Y15-89,15-89 anni,2012,2213.836,,
A,Annuale,ITFG,Mezzogiorno,2,Femmine,Y15-89,15-89 anni,2013,2131.408,,
A,Annuale,ITFG,Mezzogiorno,2,Femmine,Y15-89,15-89 anni,2014,2107.098,,
A,Annuale,ITFG,Mezzogiorno,2,Femmine,Y15-89,15-89 anni,2015,2136.454,,
A,Annuale,ITFG,Mezzogiorno,2,Femmine,Y15-89,15-89 anni,2016,2183.139,,
A,Annuale,ITFG,Mezzogiorno,2,Femmine,Y15-89,15-89 anni,2017,2215.606,,
A,Annuale,ITFG,Mezzogiorno,2,Femmine,Y15-89,15-89 anni,2018,2249.186,,
A,Annuale,ITFG,Mezzogiorno,2,Femmine,Y15-89,15-89 anni,2019,2262.671,,
A,Annuale,ITFG,Mezzogiorno,2,Femmine,Y15-89,15-89 anni,2020,2158.411,,
A,Annuale,ITFG,Mezzogiorno,2,Femmine,Y15-89,15-89 anni,2021,2201.174,,
A,Annuale,ITFG,Mezzogiorno,2,Femmine,Y15-89,15-89 anni,2022,2253.765,,
A,Annuale,ITFG,Mezzogiorno,2,Femmine,Y15-89,15-89 anni,2023,2348.059,,
A,Annuale,ITFG,Mezzogiorno,2,Femmine,Y15-89,15-89 anni,2024,2424.878,,
A,Annuale,ITFG,Mezzogiorno,2,Femmine,Y15-89,15-89 anni,2025,2470.753,,
A,Annuale,ITFG,Mezzogiorno,9,Totale,Y15-24,15-24 anni,2004,499.835,,
A,Annuale,ITFG,Mezzogiorno,9,Totale,Y15-24,15-24 anni,2005,451.284,,
A,Annuale,ITFG,Mezzogiorno,9,Totale,Y15-24,15-24 anni,2006,452.207,,
A,Annuale,ITFG,Mezzogiorno,9,Totale,Y15-24,15-24 anni,2007,438.497,,
A,Annuale,ITFG,Mezzogiorno,9,Totale,Y15-24,15-24 anni,2008,432.22,,
A,Annuale,ITFG,Mezzogiorno,9,Totale,Y15-24,15-24 anni,2009,372.954,,
A,Annuale,ITFG,Mezzogiorno,9,Totale,Y15-24,15-24 anni,2010,359.039,,
A,Annuale,ITFG,Mezzogiorno,9,Totale,Y15-24,15-24 anni,2011,333.134,,
A,Annuale,ITFG,Mezzogiorno,9,Totale,Y15-24,15-24 anni,2012,320.329,,
A,Annuale,ITFG,Mezzogiorno,9,Totale,Y15-24,15-24 anni,2013,277.38,,
A,Annuale,ITFG,Mezzogiorno,9,Totale,Y15-24,15-24 anni,2014,250.647,,
A,Annuale,ITFG,Mezzogiorno,9,Totale,Y15-24,15-24 anni,2015,255.897,,
A,Annuale,ITFG,Mezzogiorno,9,Totale,Y15-24,15-24 anni,2016,269.773,,
A,Annuale,ITFG,Mezzogiorno,9,Totale,Y15-24,15-24 anni,2017,256.843,,
A,Annuale,ITFG,Mezzogiorno,9,Totale,Y15-24,15-24 anni,2018,259.179,,
A,Annuale,ITFG,Mezzogiorno,9,Totale,Y15-24,15-24 anni,2019,265.624,,
A,Annuale,ITFG,Mezzogiorno,9,Totale,Y15-24,15-24 anni,2020,240.846,,
A,Annuale,ITFG,Mezzogiorno,9,Totale,Y15-24,15-24 anni,2021,262.831,,
A,Annuale,ITFG,Mezzogiorno,9,Totale,Y15-24,15-24 anni,2022,281.928,,
A,Annuale,ITFG,Mezzogiorno,9,Totale,Y15-24,15-24 anni,2023,288.099,,
A,Annuale,ITFG,Mezzogiorno,9,Totale,Y15-24,15-24 anni,2024,279.296,,
A,Annuale,ITFG,Mezzogiorno,9,Totale,Y15-24,15-24 anni,2025,259.846,,
A,Annuale,ITFG,Mezzogiorno,9,Totale,Y25-34,25-34 anni,2004,1613.664,,
A,Annuale,ITFG,Mezzogiorno,9,Totale,Y25-34,25-34 anni,2005,1566.457,,
A,Annuale,ITFG,Mezzogiorno,9,Totale,Y25-34,25-34 anni,2006,1571.614,,
A,Annuale,ITFG,Mezzogiorno,9,Totale,Y25-34,25-34 anni,2007,1550.622,,
A,Annuale,ITFG,Mezzogiorno,9,Totale,Y25-34,25-34 anni,2008,1516.896,,
A,Annuale,ITFG,Mezzogiorno,9,Totale,Y25-34,25-34 anni,2009,1396.181,,
A,Annuale,ITFG,Mezzogiorno,9,Totale,Y25-34,25-34 anni,2010,1287.764,,
A,Annuale,ITFG,Mezzogiorno,9,Totale,Y25-34,25-34 anni,2011,1278.98,,
A,Annuale,ITFG,Mezzogiorno,9,Totale,Y25-34,25-34 anni,2012,1231.657,,
A,Annuale,ITFG,Mezzogiorno,9,Totale,Y25-34,25-34 anni,2013,1091.219,,
A,Annuale,ITFG,Mezzogiorno,9,Totale,Y25-34,25-34 anni,2014,1057.548,,
A,Annuale,ITFG,Mezzogiorno,9,Totale,Y25-34,25-34 anni,2015,1071.136,,
A,Annuale,ITFG,Mezzogiorno,9,Totale,Y25-34,25-34 anni,2016,1073.902,,
A,Annuale,ITFG,Mezzogiorno,9,Totale,Y25-34,25-34 anni,2017,1088.395,,
A,Annuale,ITFG,Mezzogiorno,9,Totale,Y25-34,25-34 anni,2018,1084.34,,
A,Annuale,ITFG,Mezzogiorno,9,Totale,Y25-34,25-34 anni,2019,1081.725,,
A,Annuale,ITFG,Mezzogiorno,9,Totale,Y25-34,25-34 anni,2020,1002.808,,
A,Annuale,ITFG,Mezzogiorno,9,Totale,Y25-34,25-34 anni,2021,1050.349,,
A,Annuale,ITFG,Mezzogiorno,9,Totale,Y25-34,25-34 anni,2022,1082.116,,
A,Annuale,ITFG,Mezzogiorno,9,Totale,Y25-34,25-34 anni,2023,1121.179,,
A,Annuale,ITFG,Mezzogiorno,9,Totale,Y25-34,25-34 anni,2024,1135.685,,
A,Annuale,ITFG,Mezzogiorno,9,Totale,Y25-34,25-34 anni,2025,1120.866,,
A,Annuale,ITFG,Mezzogiorno,9,Totale,Y15-34,15-34 anni,2004,2113.499,,
A,Annuale,ITFG,Mezzogiorno,9,Totale,Y15-34,15-34 anni,2005,2017.741,,
A,Annuale,ITFG,Mezzogiorno,9,Totale,Y15-34,15-34 anni,2006,2023.822,,
A,Annuale,ITFG,Mezzogiorno,9,Totale,Y15-34,15-34 anni,2007,1989.119,,
A,Annuale,ITFG,Mezzogiorno,9,Totale,Y15-34,15-34 anni,2008,1949.115,,
A,Annuale,ITFG,Mezzogiorno,9,Totale,Y15-34,15-34 anni,2009,1769.135,,
A,Annuale,ITFG,Mezzogiorno,9,Totale,Y15-34,15-34 anni,2010,1646.803,,
A,Annuale,ITFG,Mezzogiorno,9,Totale,Y15-34,15-34 anni,2011,1612.114,,
A,Annuale,ITFG,Mezzogiorno,9,Totale,Y15-34,15-34 anni,2012,1551.985,,
A,Annuale,ITFG,Mezzogiorno,9,Totale,Y15-34,15-34 anni,2013,1368.598,,
A,Annuale,ITFG,Mezzogiorno,9,Totale,Y15-34,15-34 anni,2014,1308.195,,
A,Annuale,ITFG,Mezzogiorno,9,Totale,Y15-34,15-34 anni,2015,1327.034,,
A,Annuale,ITFG,Mezzogiorno,9,Totale,Y15-34,15-34 anni,2016,1343.676,,
A,Annuale,ITFG,Mezzogiorno,9,Totale,Y15-34,15-34 anni,2017,1345.238,,
A,Annuale,ITFG,Mezzogiorno,9,Totale,Y15-34,15-34 anni,2018,1343.519,,
A,Annuale,ITFG,Mezzogiorno,9,Totale,Y15-34,15-34 anni,2019,1347.349,,
A,Annuale,ITFG,Mezzogiorno,9,Totale,Y15-34,15-34 anni,2020,1243.654,,
A,Annuale,ITFG,Mezzogiorno,9,Totale,Y15-34,15-34 anni,2021,1313.18,,
A,Annuale,ITFG,Mezzogiorno,9,Totale,Y15-34,15-34 anni,2022,1364.044,,
A,Annuale,ITFG,Mezzogiorno,9,Totale,Y15-34,15-34 anni,2023,1409.278,,
A,Annuale,ITFG,Mezzogiorno,9,Totale,Y15-34,15-34 anni,2024,1414.982,,
A,Annuale,ITFG,Mezzogiorno,9,Totale,Y15-34,15-34 anni,2025,1380.712,,
A,Annuale,ITFG,Mezzogiorno,9,Totale,Y35-49,35-49 anni,2004,2769.302,,
A,Annuale,ITFG,Mezzogiorno,9,Totale,Y35-49,35-49 anni,2005,2771.795,,
A,Annuale,ITFG,Mezzogiorno,9,Totale,Y35-49,35-49 anni,2006,2826.544,,
A,Annuale,ITFG,Mezzogiorno,9,Totale,Y35-49,35-49 anni,2007,2818.321,,
A,Annuale,ITFG,Mezzogiorno,9,Totale,Y35-49,35-49 anni,2008,2803.338,,
A,Annuale,ITFG,Mezzogiorno,9,Totale,Y35-49,35-49 anni,2009,2744.358,,
A,Annuale,ITFG,Mezzogiorno,9,Totale,Y35-49,35-49 anni,2010,2712.115,,
A,Annuale,ITFG,Mezzogiorno,9,Totale,Y35-49,35-49 anni,2011,2716.76,,
A,Annuale,ITFG,Mezzogiorno,9,Totale,Y35-49,35-49 anni,2012,2696.009,,
A,Annuale,ITFG,Mezzogiorno,9,Totale,Y35-49,35-49 anni,2013,2594.992,,
A,Annuale,ITFG,Mezzogiorno,9,Totale,Y35-49,35-49 anni,2014,2521.469,,
A,Annuale,ITFG,Mezzogiorno,9,Totale,Y35-49,35-49 anni,2015,2510.731,,
A,Annuale,ITFG,Mezzogiorno,9,Totale,Y35-49,35-49 anni,2016,2494.183,,
A,Annuale,ITFG,Mezzogiorno,9,Totale,Y35-49,35-49 anni,2017,2479.738,,
A,Annuale,ITFG,Mezzogiorno,9,Totale,Y35-49,35-49 anni,2018,2458.372,,
A,Annuale,ITFG,Mezzogiorno,9,Totale,Y35-49,35-49 anni,2019,2420.643,,
A,Annuale,ITFG,Mezzogiorno,9,Totale,Y35-49,35-49 anni,2020,2349.019,,
A,Annuale,ITFG,Mezzogiorno,9,Totale,Y35-49,35-49 anni,2021,2329.857,,
A,Annuale,ITFG,Mezzogiorno,9,Totale,Y35-49,35-49 anni,2022,2345.254,,
A,Annuale,ITFG,Mezzogiorno,9,Totale,Y35-49,35-49 anni,2023,2360.43,,
A,Annuale,ITFG,Mezzogiorno,9,Totale,Y35-49,35-49 anni,2024,2416.166,,
A,Annuale,ITFG,Mezzogiorno,9,Totale,Y35-49,35-49 anni,2025,2424.449,,
A,Annuale,ITFG,Mezzogiorno,9,Totale,Y50-64,50-64 anni,2004,1424.353,,
A,Annuale,ITFG,Mezzogiorno,9,Totale,Y50-64,50-64 anni,2005,1462.641,,
A,Annuale,ITFG,Mezzogiorno,9,Totale,Y50-64,50-64 anni,2006,1495.239,,
A,Annuale,ITFG,Mezzogiorno,9,Totale,Y50-64,50-64 anni,2007,1538.666,,
A,Annuale,ITFG,Mezzogiorno,9,Totale,Y50-64,50-64 anni,2008,1559.108,,
A,Annuale,ITFG,Mezzogiorno,9,Totale,Y50-64,50-64 anni,2009,1578.53,,
A,Annuale,ITFG,Mezzogiorno,9,Totale,Y50-64,50-64 anni,2010,1638.646,,
A,Annuale,ITFG,Mezzogiorno,9,Totale,Y50-64,50-64 anni,2011,1694.168,,
A,Annuale,ITFG,Mezzogiorno,9,Totale,Y50-64,50-64 anni,2012,1713.884,,
A,Annuale,ITFG,Mezzogiorno,9,Totale,Y50-64,50-64 anni,2013,1722.055,,
A,Annuale,ITFG,Mezzogiorno,9,Totale,Y50-64,50-64 anni,2014,1802.691,,
A,Annuale,ITFG,Mezzogiorno,9,Totale,Y50-64,50-64 anni,2015,1888.704,,
A,Annuale,ITFG,Mezzogiorno,9,Totale,Y50-64,50-64 anni,2016,1991.755,,
A,Annuale,ITFG,Mezzogiorno,9,Totale,Y50-64,50-64 anni,2017,2046.39,,
A,Annuale,ITFG,Mezzogiorno,9,Totale,Y50-64,50-64 anni,2018,2123.326,,
A,Annuale,ITFG,Mezzogiorno,9,Totale,Y50-64,50-64 anni,2019,2150.676,,
A,Annuale,ITFG,Mezzogiorno,9,Totale,Y50-64,50-64 anni,2020,2129.598,,
A,Annuale,ITFG,Mezzogiorno,9,Totale,Y50-64,50-64 anni,2021,2148.592,,
A,Annuale,ITFG,Mezzogiorno,9,Totale,Y50-64,50-64 anni,2022,2223.359,,
A,Annuale,ITFG,Mezzogiorno,9,Totale,Y50-64,50-64 anni,2023,2335.19,,
A,Annuale,ITFG,Mezzogiorno,9,Totale,Y50-64,50-64 anni,2024,2403.443,,
A,Annuale,ITFG,Mezzogiorno,9,Totale,Y50-64,50-64 anni,2025,2482.548,,
A,Annuale,ITFG,Mezzogiorno,9,Totale,Y15-64,15-64 anni,2004,6307.154,,
A,Annuale,ITFG,Mezzogiorno,9,Totale,Y15-64,15-64 anni,2005,6252.177,,
A,Annuale,ITFG,Mezzogiorno,9,Totale,Y15-64,15-64 anni,2006,6345.604,,
A,Annuale,ITFG,Mezzogiorno,9,Totale,Y15-64,15-64 anni,2007,6346.106,,
A,Annuale,ITFG,Mezzogiorno,9,Totale,Y15-64,15-64 anni,2008,6311.561,,
A,Annuale,ITFG,Mezzogiorno,9,Totale,Y15-64,15-64 anni,2009,6092.023,,
A,Annuale,ITFG,Mezzogiorno,9,Totale,Y15-64,15-64 anni,2010,5997.564,,
A,Annuale,ITFG,Mezzogiorno,9,Totale,Y15-64,15-64 anni,2011,6023.042,,
A,Annuale,ITFG,Mezzogiorno,9,Totale,Y15-64,15-64 anni,2012,5961.878,,
A,Annuale,ITFG,Mezzogiorno,9,Totale,Y15-64,15-64 anni,2013,5685.645,,
A,Annuale,ITFG,Mezzogiorno,9,Totale,Y15-64,15-64 anni,2014,5632.354,,
A,Annuale,ITFG,Mezzogiorno,9,Totale,Y15-64,15-64 anni,2015,5726.469,,
A,Annuale,ITFG,Mezzogiorno,9,Totale,Y15-64,15-64 anni,2016,5829.614,,
A,Annuale,ITFG,Mezzogiorno,9,Totale,Y15-64,15-64 anni,2017,5871.366,,
A,Annuale,ITFG,Mezzogiorno,9,Totale,Y15-64,15-64 anni,2018,5925.218,,
A,Annuale,ITFG,Mezzogiorno,9,Totale,Y15-64,15-64 anni,2019,5918.668,,
A,Annuale,ITFG,Mezzogiorno,9,Totale,Y15-64,15-64 anni,2020,5722.272,,
A,Annuale,ITFG,Mezzogiorno,9,Totale,Y15-64,15-64 anni,2021,5791.629,,
A,Annuale,ITFG,Mezzogiorno,9,Totale,Y15-64,15-64 anni,2022,5932.657,,
A,Annuale,ITFG,Mezzogiorno,9,Totale,Y15-64,15-64 anni,2023,6104.899,,
A,Annuale,ITFG,Mezzogiorno,9,Totale,Y15-64,15-64 anni,2024,6234.59,,
A,Annuale,ITFG,Mezzogiorno,9,Totale,Y15-64,15-64 anni,2025,6287.71,,
A,Annuale,ITFG,Mezzogiorno,9,Totale,Y15-89,15-89 anni,2004,6397.477,,
A,Annuale,ITFG,Mezzogiorno,9,Totale,Y15-89,15-89 anni,2005,6341.386,,
A,Annuale,ITFG,Mezzogiorno,9,Totale,Y15-89,15-89 anni,2006,6442.19,,
A,Annuale,ITFG,Mezzogiorno,9,Totale,Y15-89,15-89 anni,2007,6443.522,,
A,Annuale,ITFG,Mezzogiorno,9,Totale,Y15-89,15-89 anni,2008,6414.067,,
A,Annuale,ITFG,Mezzogiorno,9,Totale,Y15-89,15-89 anni,2009,6188.591,,
A,Annuale,ITFG,Mezzogiorno,9,Totale,Y15-89,15-89 anni,2010,6093.778,,
A,Annuale,ITFG,Mezzogiorno,9,Totale,Y15-89,15-89 anni,2011,6119.385,,
A,Annuale,ITFG,Mezzogiorno,9,Totale,Y15-89,15-89 anni,2012,6072.297,,
A,Annuale,ITFG,Mezzogiorno,9,Totale,Y15-89,15-89 anni,2013,5796.489,,
A,Annuale,ITFG,Mezzogiorno,9,Totale,Y15-89,15-89 anni,2014,5747.051,,
A,Annuale,ITFG,Mezzogiorno,9,Totale,Y15-89,15-89 anni,2015,5851.325,,
A,Annuale,ITFG,Mezzogiorno,9,Totale,Y15-89,15-89 anni,2016,5963.522,,
A,Annuale,ITFG,Mezzogiorno,9,Totale,Y15-89,15-89 anni,2017,6034.544,,
A,Annuale,ITFG,Mezzogiorno,9,Totale,Y15-89,15-89 anni,2018,6085.1,,
A,Annuale,ITFG,Mezzogiorno,9,Totale,Y15-89,15-89 anni,2019,6092.541,,
A,Annuale,ITFG,Mezzogiorno,9,Totale,Y15-89,15-89 anni,2020,5891.842,,
A,Annuale,ITFG,Mezzogiorno,9,Totale,Y15-89,15-89 anni,2021,5967.611,,
A,Annuale,ITFG,Mezzogiorno,9,Totale,Y15-89,15-89 anni,2022,6114.77,,
A,Annuale,ITFG,Mezzogiorno,9,Totale,Y15-89,15-89 anni,2023,6305.87,,
A,Annuale,ITFG,Mezzogiorno,9,Totale,Y15-89,15-89 anni,2024,6447.387,,
A,Annuale,ITFG,Mezzogiorno,9,Totale,Y15-89,15-89 anni,2025,6535.237,,
A,Annuale,ITF1,Abruzzo,1,Maschi,Y15-24,15-24 anni,2018,13.03,,
A,Annuale,ITF1,Abruzzo,1,Maschi,Y15-24,15-24 anni,2019,12.663,,
A,Annuale,ITF1,Abruzzo,1,Maschi,Y15-24,15-24 anni,2020,12.835,,
A,Annuale,ITF1,Abruzzo,1,Maschi,Y15-24,15-24 anni,2021,12.112,,
A,Annuale,ITF1,Abruzzo,1,Maschi,Y15-24,15-24 anni,2022,14.24,,
A,Annuale,ITF1,Abruzzo,1,Maschi,Y15-24,15-24 anni,2023,15.099,,
A,Annuale,ITF1,Abruzzo,1,Maschi,Y15-24,15-24 anni,2024,14.016,,
A,Annuale,ITF1,Abruzzo,1,Maschi,Y15-24,15-24 anni,2025,13.007,,
A,Annuale,ITF1,Abruzzo,1,Maschi,Y25-34,25-34 anni,2018,55.134,,
A,Annuale,ITF1,Abruzzo,1,Maschi,Y25-34,25-34 anni,2019,53.24,,
A,Annuale,ITF1,Abruzzo,1,Maschi,Y25-34,25-34 anni,2020,50.13,,
A,Annuale,ITF1,Abruzzo,1,Maschi,Y25-34,25-34 anni,2021,51.484,,
A,Annuale,ITF1,Abruzzo,1,Maschi,Y25-34,25-34 anni,2022,48.466,,
A,Annuale,ITF1,Abruzzo,1,Maschi,Y25-34,25-34 anni,2023,48.844,,
A,Annuale,ITF1,Abruzzo,1,Maschi,Y25-34,25-34 anni,2024,48.828,,
A,Annuale,ITF1,Abruzzo,1,Maschi,Y25-34,25-34 anni,2025,48.488,,
A,Annuale,ITF1,Abruzzo,1,Maschi,Y15-34,15-34 anni,2018,68.164,,
A,Annuale,ITF1,Abruzzo,1,Maschi,Y15-34,15-34 anni,2019,65.903,,
A,Annuale,ITF1,Abruzzo,1,Maschi,Y15-34,15-34 anni,2020,62.965,,
A,Annuale,ITF1,Abruzzo,1,Maschi,Y15-34,15-34 anni,2021,63.597,,
A,Annuale,ITF1,Abruzzo,1,Maschi,Y15-34,15-34 anni,2022,62.706,,
A,Annuale,ITF1,Abruzzo,1,Maschi,Y15-34,15-34 anni,2023,63.943,,
A,Annuale,ITF1,Abruzzo,1,Maschi,Y15-34,15-34 anni,2024,62.844,,
A,Annuale,ITF1,Abruzzo,1,Maschi,Y15-34,15-34 anni,2025,61.495,,
A,Annuale,ITF1,Abruzzo,1,Maschi,Y35-49,35-49 anni,2018,118.42,,
A,Annuale,ITF1,Abruzzo,1,Maschi,Y35-49,35-49 anni,2019,117.2,,
A,Annuale,ITF1,Abruzzo,1,Maschi,Y35-49,35-49 anni,2020,112.855,,
A,Annuale,ITF1,Abruzzo,1,Maschi,Y35-49,35-49 anni,2021,113.205,,
A,Annuale,ITF1,Abruzzo,1,Maschi,Y35-49,35-49 anni,2022,110.351,,
A,Annuale,ITF1,Abruzzo,1,Maschi,Y35-49,35-49 anni,2023,106.357,,
A,Annuale,ITF1,Abruzzo,1,Maschi,Y35-49,35-49 anni,2024,110.99,,
A,Annuale,ITF1,Abruzzo,1,Maschi,Y35-49,35-49 anni,2025,110.386,,
A,Annuale,ITF1,Abruzzo,1,Maschi,Y50-64,50-64 anni,2018,104.304,,
A,Annuale,ITF1,Abruzzo,1,Maschi,Y50-64,50-64 anni,2019,102.605,,
A,Annuale,ITF1,Abruzzo,1,Maschi,Y50-64,50-64 anni,2020,101.614,,
A,Annuale,ITF1,Abruzzo,1,Maschi,Y50-64,50-64 anni,2021,101.765,,
A,Annuale,ITF1,Abruzzo,1,Maschi,Y50-64,50-64 anni,2022,103.708,,
A,Annuale,ITF1,Abruzzo,1,Maschi,Y50-64,50-64 anni,2023,110.729,,
A,Annuale,ITF1,Abruzzo,1,Maschi,Y50-64,50-64 anni,2024,112.873,,
A,Annuale,ITF1,Abruzzo,1,Maschi,Y50-64,50-64 anni,2025,114.948,,
A,Annuale,ITF1,Abruzzo,1,Maschi,Y15-64,15-64 anni,2018,290.889,,
A,Annuale,ITF1,Abruzzo,1,Maschi,Y15-64,15-64 anni,2019,285.707,,
A,Annuale,ITF1,Abruzzo,1,Maschi,Y15-64,15-64 anni,2020,277.434,,
A,Annuale,ITF1,Abruzzo,1,Maschi,Y15-64,15-64 anni,2021,278.567,,
A,Annuale,ITF1,Abruzzo,1,Maschi,Y15-64,15-64 anni,2022,276.764,,
A,Annuale,ITF1,Abruzzo,1,Maschi,Y15-64,15-64 anni,2023,281.029,,
A,Annuale,ITF1,Abruzzo,1,Maschi,Y15-64,15-64 anni,2024,286.707,,
A,Annuale,ITF1,Abruzzo,1,Maschi,Y15-64,15-64 anni,2025,286.829,,
A,Annuale,ITF1,Abruzzo,1,Maschi,Y15-89,15-89 anni,2018,299.657,,
A,Annuale,ITF1,Abruzzo,1,Maschi,Y15-89,15-89 anni,2019,293.503,,
A,Annuale,ITF1,Abruzzo,1,Maschi,Y15-89,15-89 anni,2020,286.962,,
A,Annuale,ITF1,Abruzzo,1,Maschi,Y15-89,15-89 anni,2021,291.141,,
A,Annuale,ITF1,Abruzzo,1,Maschi,Y15-89,15-89 anni,2022,286.944,,
A,Annuale,ITF1,Abruzzo,1,Maschi,Y15-89,15-89 anni,2023,290.074,,
A,Annuale,ITF1,Abruzzo,1,Maschi,Y15-89,15-89 anni,2024,296.011,,
A,Annuale,ITF1,Abruzzo,1,Maschi,Y15-89,15-89 anni,2025,298.843,,
A,Annuale,ITF1,Abruzzo,2,Femmine,Y15-24,15-24 anni,2018,8.119,,
A,Annuale,ITF1,Abruzzo,2,Femmine,Y15-24,15-24 anni,2019,5.842,,
A,Annuale,ITF1,Abruzzo,2,Femmine,Y15-24,15-24 anni,2020,4.525,,
A,Annuale,ITF1,Abruzzo,2,Femmine,Y15-24,15-24 anni,2021,5.56,,
A,Annuale,ITF1,Abruzzo,2,Femmine,Y15-24,15-24 anni,2022,6.559,,
A,Annuale,ITF1,Abruzzo,2,Femmine,Y15-24,15-24 anni,2023,7.755,,
A,Annuale,ITF1,Abruzzo,2,Femmine,Y15-24,15-24 anni,2024,6.17,,
A,Annuale,ITF1,Abruzzo,2,Femmine,Y15-24,15-24 anni,2025,6.76,,
A,Annuale,ITF1,Abruzzo,2,Femmine,Y25-34,25-34 anni,2018,34.019,,
A,Annuale,ITF1,Abruzzo,2,Femmine,Y25-34,25-34 anni,2019,31.907,,
A,Annuale,ITF1,Abruzzo,2,Femmine,Y25-34,25-34 anni,2020,30.074,,
A,Annuale,ITF1,Abruzzo,2,Femmine,Y25-34,25-34 anni,2021,33.336,,
A,Annuale,ITF1,Abruzzo,2,Femmine,Y25-34,25-34 anni,2022,33.519,,
A,Annuale,ITF1,Abruzzo,2,Femmine,Y25-34,25-34 anni,2023,35.854,,
A,Annuale,ITF1,Abruzzo,2,Femmine,Y25-34,25-34 anni,2024,35.393,,
A,Annuale,ITF1,Abruzzo,2,Femmine,Y25-34,25-34 anni,2025,35.386,,
A,Annuale,ITF1,Abruzzo,2,Femmine,Y15-34,15-34 anni,2018,42.138,,
A,Annuale,ITF1,Abruzzo,2,Femmine,Y15-34,15-34 anni,2019,37.75,,
A,Annuale,ITF1,Abruzzo,2,Femmine,Y15-34,15-34 anni,2020,34.599,,
A,Annuale,ITF1,Abruzzo,2,Femmine,Y15-34,15-34 anni,2021,38.896,,
A,Annuale,ITF1,Abruzzo,2,Femmine,Y15-34,15-34 anni,2022,40.078,,
A,Annuale,ITF1,Abruzzo,2,Femmine,Y15-34,15-34 anni,2023,43.609,,
A,Annuale,ITF1,Abruzzo,2,Femmine,Y15-34,15-34 anni,2024,41.563,,
A,Annuale,ITF1,Abruzzo,2,Femmine,Y15-34,15-34 anni,2025,42.146,,
A,Annuale,ITF1,Abruzzo,2,Femmine,Y35-49,35-49 anni,2018,78.924,,
A,Annuale,ITF1,Abruzzo,2,Femmine,Y35-49,35-49 anni,2019,81.106,,
A,Annuale,ITF1,Abruzzo,2,Femmine,Y35-49,35-49 anni,2020,78.725,,
A,Annuale,ITF1,Abruzzo,2,Femmine,Y35-49,35-49 anni,2021,78.246,,
A,Annuale,ITF1,Abruzzo,2,Femmine,Y35-49,35-49 anni,2022,76.6,,
A,Annuale,ITF1,Abruzzo,2,Femmine,Y35-49,35-49 anni,2023,81.616,,
A,Annuale,ITF1,Abruzzo,2,Femmine,Y35-49,35-49 anni,2024,80.086,,
A,Annuale,ITF1,Abruzzo,2,Femmine,Y35-49,35-49 anni,2025,77.577,,
A,Annuale,ITF1,Abruzzo,2,Femmine,Y50-64,50-64 anni,2018,69.042,,
A,Annuale,ITF1,Abruzzo,2,Femmine,Y50-64,50-64 anni,2019,74.654,,
A,Annuale,ITF1,Abruzzo,2,Femmine,Y50-64,50-64 anni,2020,71.337,,
A,Annuale,ITF1,Abruzzo,2,Femmine,Y50-64,50-64 anni,2021,71.23,,
A,Annuale,ITF1,Abruzzo,2,Femmine,Y50-64,50-64 anni,2022,72.747,,
A,Annuale,ITF1,Abruzzo,2,Femmine,Y50-64,50-64 anni,2023,80.672,,
A,Annuale,ITF1,Abruzzo,2,Femmine,Y50-64,50-64 anni,2024,84.606,,
A,Annuale,ITF1,Abruzzo,2,Femmine,Y50-64,50-64 anni,2025,87.318,,
A,Annuale,ITF1,Abruzzo,2,Femmine,Y15-64,15-64 anni,2018,190.104,,
A,Annuale,ITF1,Abruzzo,2,Femmine,Y15-64,15-64 anni,2019,193.51,,
A,Annuale,ITF1,Abruzzo,2,Femmine,Y15-64,15-64 anni,2020,184.661,,
A,Annuale,ITF1,Abruzzo,2,Femmine,Y15-64,15-64 anni,2021,188.372,,
A,Annuale,ITF1,Abruzzo,2,Femmine,Y15-64,15-64 anni,2022,189.425,,
A,Annuale,ITF1,Abruzzo,2,Femmine,Y15-64,15-64 anni,2023,205.897,,
A,Annuale,ITF1,Abruzzo,2,Femmine,Y15-64,15-64 anni,2024,206.255,,
A,Annuale,ITF1,Abruzzo,2,Femmine,Y15-64,15-64 anni,2025,207.04,,
A,Annuale,ITF1,Abruzzo,2,Femmine,Y15-89,15-89 anni,2018,194.266,,
A,Annuale,ITF1,Abruzzo,2,Femmine,Y15-89,15-89 anni,2019,199.112,,
A,Annuale,ITF1,Abruzzo,2,Femmine,Y15-89,15-89 anni,2020,188.399,,
A,Annuale,ITF1,Abruzzo,2,Femmine,Y15-89,15-89 anni,2021,193.246,,
A,Annuale,ITF1,Abruzzo,2,Femmine,Y15-89,15-89 anni,2022,195.905,,
A,Annuale,ITF1,Abruzzo,2,Femmine,Y15-89,15-89 anni,2023,212.042,,
A,Annuale,ITF1,Abruzzo,2,Femmine,Y15-89,15-89 anni,2024,211.88,,
A,Annuale,ITF1,Abruzzo,2,Femmine,Y15-89,15-89 anni,2025,213.43,,
A,Annuale,ITF1,Abruzzo,9,Totale,Y15-24,15-24 anni,2018,21.149,,
A,Annuale,ITF1,Abruzzo,9,Totale,Y15-24,15-24 anni,2019,18.505,,
A,Annuale,ITF1,Abruzzo,9,Totale,Y15-24,15-24 anni,2020,17.36,,
A,Annuale,ITF1,Abruzzo,9,Totale,Y15-24,15-24 anni,2021,17.672,,
A,Annuale,ITF1,Abruzzo,9,Totale,Y15-24,15-24 anni,2022,20.799,,
A,Annuale,ITF1,Abruzzo,9,Totale,Y15-24,15-24 anni,2023,22.854,,
A,Annuale,ITF1,Abruzzo,9,Totale,Y15-24,15-24 anni,2024,20.186,,
A,Annuale,ITF1,Abruzzo,9,Totale,Y15-24,15-24 anni,2025,19.767,,
A,Annuale,ITF1,Abruzzo,9,Totale,Y25-34,25-34 anni,2018,89.153,,
A,Annuale,ITF1,Abruzzo,9,Totale,Y25-34,25-34 anni,2019,85.147,,
A,Annuale,ITF1,Abruzzo,9,Totale,Y25-34,25-34 anni,2020,80.204,,
A,Annuale,ITF1,Abruzzo,9,Totale,Y25-34,25-34 anni,2021,84.82,,
A,Annuale,ITF1,Abruzzo,9,Totale,Y25-34,25-34 anni,2022,81.985,,
A,Annuale,ITF1,Abruzzo,9,Totale,Y25-34,25-34 anni,2023,84.698,,
A,Annuale,ITF1,Abruzzo,9,Totale,Y25-34,25-34 anni,2024,84.221,,
A,Annuale,ITF1,Abruzzo,9,Totale,Y25-34,25-34 anni,2025,83.874,,
A,Annuale,ITF1,Abruzzo,9,Totale,Y15-34,15-34 anni,2018,110.302,,
A,Annuale,ITF1,Abruzzo,9,Totale,Y15-34,15-34 anni,2019,103.653,,
A,Annuale,ITF1,Abruzzo,9,Totale,Y15-34,15-34 anni,2020,97.564,,
A,Annuale,ITF1,Abruzzo,9,Totale,Y15-34,15-34 anni,2021,102.493,,
A,Annuale,ITF1,Abruzzo,9,Totale,Y15-34,15-34 anni,2022,102.784,,
A,Annuale,ITF1,Abruzzo,9,Totale,Y15-34,15-34 anni,2023,107.552,,
A,Annuale,ITF1,Abruzzo,9,Totale,Y15-34,15-34 anni,2024,104.407,,
A,Annuale,ITF1,Abruzzo,9,Totale,Y15-34,15-34 anni,2025,103.641,,
A,Annuale,ITF1,Abruzzo,9,Totale,Y35-49,35-49 anni,2018,197.345,,
A,Annuale,ITF1,Abruzzo,9,Totale,Y35-49,35-49 anni,2019,198.306,,
A,Annuale,ITF1,Abruzzo,9,Totale,Y35-49,35-49 anni,2020,191.58,,
A,Annuale,ITF1,Abruzzo,9,Totale,Y35-49,35-49 anni,2021,191.451,,
A,Annuale,ITF1,Abruzzo,9,Totale,Y35-49,35-49 anni,2022,186.951,,
A,Annuale,ITF1,Abruzzo,9,Totale,Y35-49,35-49 anni,2023,187.973,,
A,Annuale,ITF1,Abruzzo,9,Totale,Y35-49,35-49 anni,2024,191.077,,
A,Annuale,ITF1,Abruzzo,9,Totale,Y35-49,35-49 anni,2025,187.962,,
A,Annuale,ITF1,Abruzzo,9,Totale,Y50-64,50-64 anni,2018,173.346,,
A,Annuale,ITF1,Abruzzo,9,Totale,Y50-64,50-64 anni,2019,177.259,,
A,Annuale,ITF1,Abruzzo,9,Totale,Y50-64,50-64 anni,2020,172.951,,
A,Annuale,ITF1,Abruzzo,9,Totale,Y50-64,50-64 anni,2021,172.996,,
A,Annuale,ITF1,Abruzzo,9,Totale,Y50-64,50-64 anni,2022,176.455,,
A,Annuale,ITF1,Abruzzo,9,Totale,Y50-64,50-64 anni,2023,191.401,,
A,Annuale,ITF1,Abruzzo,9,Totale,Y50-64,50-64 anni,2024,197.479,,
A,Annuale,ITF1,Abruzzo,9,Totale,Y50-64,50-64 anni,2025,202.266,,
A,Annuale,ITF1,Abruzzo,9,Totale,Y15-64,15-64 anni,2018,480.993,,
A,Annuale,ITF1,Abruzzo,9,Totale,Y15-64,15-64 anni,2019,479.217,,
A,Annuale,ITF1,Abruzzo,9,Totale,Y15-64,15-64 anni,2020,462.095,,
A,Annuale,ITF1,Abruzzo,9,Totale,Y15-64,15-64 anni,2021,466.939,,
A,Annuale,ITF1,Abruzzo,9,Totale,Y15-64,15-64 anni,2022,466.19,,
A,Annuale,ITF1,Abruzzo,9,Totale,Y15-64,15-64 anni,2023,486.926,,
A,Annuale,ITF1,Abruzzo,9,Totale,Y15-64,15-64 anni,2024,492.962,,
A,Annuale,ITF1,Abruzzo,9,Totale,Y15-64,15-64 anni,2025,493.869,,
A,Annuale,ITF1,Abruzzo,9,Totale,Y15-89,15-89 anni,2018,493.923,,
A,Annuale,ITF1,Abruzzo,9,Totale,Y15-89,15-89 anni,2019,492.616,,
A,Annuale,ITF1,Abruzzo,9,Totale,Y15-89,15-89 anni,2020,475.361,,
A,Annuale,ITF1,Abruzzo,9,Totale,Y15-89,15-89 anni,2021,484.388,,
A,Annuale,ITF1,Abruzzo,9,Totale,Y15-89,15-89 anni,2022,482.849,,
A,Annuale,ITF1,Abruzzo,9,Totale,Y15-89,15-89 anni,2023,502.116,,
A,Annuale,ITF1,Abruzzo,9,Totale,Y15-89,15-89 anni,2024,507.89,,
A,Annuale,ITF1,Abruzzo,9,Totale,Y15-89,15-89 anni,2025,512.273,,
A,Annuale,ITF2,Molise,1,Maschi,Y15-24,15-24 anni,2018,2.665,,
A,Annuale,ITF2,Molise,1,Maschi,Y15-24,15-24 anni,2019,2.032,,
A,Annuale,ITF2,Molise,1,Maschi,Y15-24,15-24 anni,2020,2.045,,
A,Annuale,ITF2,Molise,1,Maschi,Y15-24,15-24 anni,2021,2.793,,
A,Annuale,ITF2,Molise,1,Maschi,Y15-24,15-24 anni,2022,2.398,,
A,Annuale,ITF2,Molise,1,Maschi,Y15-24,15-24 anni,2023,2.743,,
A,Annuale,ITF2,Molise,1,Maschi,Y15-24,15-24 anni,2024,1.808,,
A,Annuale,ITF2,Molise,1,Maschi,Y15-24,15-24 anni,2025,2.368,,
A,Annuale,ITF2,Molise,1,Maschi,Y25-34,25-34 anni,2018,10.296,,
A,Annuale,ITF2,Molise,1,Maschi,Y25-34,25-34 anni,2019,11.171,,
A,Annuale,ITF2,Molise,1,Maschi,Y25-34,25-34 anni,2020,10.521,,
A,Annuale,ITF2,Molise,1,Maschi,Y25-34,25-34 anni,2021,10.093,,
A,Annuale,ITF2,Molise,1,Maschi,Y25-34,25-34 anni,2022,10.236,,
A,Annuale,ITF2,Molise,1,Maschi,Y25-34,25-34 anni,2023,11.322,,
A,Annuale,ITF2,Molise,1,Maschi,Y25-34,25-34 anni,2024,11.865,,
A,Annuale,ITF2,Molise,1,Maschi,Y25-34,25-34 anni,2025,11.452,,
A,Annuale,ITF2,Molise,1,Maschi,Y15-34,15-34 anni,2018,12.961,,
A,Annuale,ITF2,Molise,1,Maschi,Y15-34,15-34 anni,2019,13.202,,
A,Annuale,ITF2,Molise,1,Maschi,Y15-34,15-34 anni,2020,12.566,,
A,Annuale,ITF2,Molise,1,Maschi,Y15-34,15-34 anni,2021,12.886,,
A,Annuale,ITF2,Molise,1,Maschi,Y15-34,15-34 anni,2022,12.634,,
A,Annuale,ITF2,Molise,1,Maschi,Y15-34,15-34 anni,2023,14.065,,
A,Annuale,ITF2,Molise,1,Maschi,Y15-34,15-34 anni,2024,13.673,,
A,Annuale,ITF2,Molise,1,Maschi,Y15-34,15-34 anni,2025,13.82,,
A,Annuale,ITF2,Molise,1,Maschi,Y35-49,35-49 anni,2018,25.818,,
A,Annuale,ITF2,Molise,1,Maschi,Y35-49,35-49 anni,2019,25.636,,
A,Annuale,ITF2,Molise,1,Maschi,Y35-49,35-49 anni,2020,23.173,,
A,Annuale,ITF2,Molise,1,Maschi,Y35-49,35-49 anni,2021,23.726,,
A,Annuale,ITF2,Molise,1,Maschi,Y35-49,35-49 anni,2022,23.712,,
A,Annuale,ITF2,Molise,1,Maschi,Y35-49,35-49 anni,2023,24.123,,
A,Annuale,ITF2,Molise,1,Maschi,Y35-49,35-49 anni,2024,24.331,,
A,Annuale,ITF2,Molise,1,Maschi,Y35-49,35-49 anni,2025,21.78,,
A,Annuale,ITF2,Molise,1,Maschi,Y50-64,50-64 anni,2018,24.669,,
A,Annuale,ITF2,Molise,1,Maschi,Y50-64,50-64 anni,2019,25.029,,
A,Annuale,ITF2,Molise,1,Maschi,Y50-64,50-64 anni,2020,24.906,,
A,Annuale,ITF2,Molise,1,Maschi,Y50-64,50-64 anni,2021,23.931,,
A,Annuale,ITF2,Molise,1,Maschi,Y50-64,50-64 anni,2022,23.217,,
A,Annuale,ITF2,Molise,1,Maschi,Y50-64,50-64 anni,2023,23.163,,
A,Annuale,ITF2,Molise,1,Maschi,Y50-64,50-64 anni,2024,24.453,,
A,Annuale,ITF2,Molise,1,Maschi,Y50-64,50-64 anni,2025,26.57,,
A,Annuale,ITF2,Molise,1,Maschi,Y15-64,15-64 anni,2018,63.448,,
A,Annuale,ITF2,Molise,1,Maschi,Y15-64,15-64 anni,2019,63.867,,
A,Annuale,ITF2,Molise,1,Maschi,Y15-64,15-64 anni,2020,60.645,,
A,Annuale,ITF2,Molise,1,Maschi,Y15-64,15-64 anni,2021,60.543,,
A,Annuale,ITF2,Molise,1,Maschi,Y15-64,15-64 anni,2022,59.563,,
A,Annuale,ITF2,Molise,1,Maschi,Y15-64,15-64 anni,2023,61.351,,
A,Annuale,ITF2,Molise,1,Maschi,Y15-64,15-64 anni,2024,62.456,,
A,Annuale,ITF2,Molise,1,Maschi,Y15-64,15-64 anni,2025,62.17,,
A,Annuale,ITF2,Molise,1,Maschi,Y15-89,15-89 anni,2018,65.054,,
A,Annuale,ITF2,Molise,1,Maschi,Y15-89,15-89 anni,2019,66.172,,
A,Annuale,ITF2,Molise,1,Maschi,Y15-89,15-89 anni,2020,63.391,,
A,Annuale,ITF2,Molise,1,Maschi,Y15-89,15-89 anni,2021,63.078,,
A,Annuale,ITF2,Molise,1,Maschi,Y15-89,15-89 anni,2022,62.3,,
A,Annuale,ITF2,Molise,1,Maschi,Y15-89,15-89 anni,2023,63.886,,
A,Annuale,ITF2,Molise,1,Maschi,Y15-89,15-89 anni,2024,64.534,,
A,Annuale,ITF2,Molise,1,Maschi,Y15-89,15-89 anni,2025,64.295,,
A,Annuale,ITF2,Molise,2,Femmine,Y15-24,15-24 anni,2018,1.096,,
A,Annuale,ITF2,Molise,2,Femmine,Y15-24,15-24 anni,2019,1.122,,
A,Annuale,ITF2,Molise,2,Femmine,Y15-24,15-24 anni,2020,0.569,,
A,Annuale,ITF2,Molise,2,Femmine,Y15-24,15-24 anni,2021,1.585,,
A,Annuale,ITF2,Molise,2,Femmine,Y15-24,15-24 anni,2022,1.97,,
A,Annuale,ITF2,Molise,2,Femmine,Y15-24,15-24 anni,2023,1.099,,
A,Annuale,ITF2,Molise,2,Femmine,Y15-24,15-24 anni,2024,1.092,,
A,Annuale,ITF2,Molise,2,Femmine,Y15-24,15-24 anni,2025,1.496,,
A,Annuale,ITF2,Molise,2,Femmine,Y25-34,25-34 anni,2018,6.67,,
A,Annuale,ITF2,Molise,2,Femmine,Y25-34,25-34 anni,2019,7.082,,
A,Annuale,ITF2,Molise,2,Femmine,Y25-34,25-34 anni,2020,6.652,,
A,Annuale,ITF2,Molise,2,Femmine,Y25-34,25-34 anni,2021,5.942,,
A,Annuale,ITF2,Molise,2,Femmine,Y25-34,25-34 anni,2022,7.389,,
A,Annuale,ITF2,Molise,2,Femmine,Y25-34,25-34 anni,2023,7.06,,
A,Annuale,ITF2,Molise,2,Femmine,Y25-34,25-34 anni,2024,7.571,,
A,Annuale,ITF2,Molise,2,Femmine,Y25-34,25-34 anni,2025,7.401,,
A,Annuale,ITF2,Molise,2,Femmine,Y15-34,15-34 anni,2018,7.766,,
A,Annuale,ITF2,Molise,2,Femmine,Y15-34,15-34 anni,2019,8.204,,
A,Annuale,ITF2,Molise,2,Femmine,Y15-34,15-34 anni,2020,7.222,,
A,Annuale,ITF2,Molise,2,Femmine,Y15-34,15-34 anni,2021,7.527,,
A,Annuale,ITF2,Molise,2,Femmine,Y15-34,15-34 anni,2022,9.359,,
A,Annuale,ITF2,Molise,2,Femmine,Y15-34,15-34 anni,2023,8.159,,
A,Annuale,ITF2,Molise,2,Femmine,Y15-34,15-34 anni,2024,8.663,,
A,Annuale,ITF2,Molise,2,Femmine,Y15-34,15-34 anni,2025,8.897,,
A,Annuale,ITF2,Molise,2,Femmine,Y35-49,35-49 anni,2018,16.479,,
A,Annuale,ITF2,Molise,2,Femmine,Y35-49,35-49 anni,2019,17.093,,
A,Annuale,ITF2,Molise,2,Femmine,Y35-49,35-49 anni,2020,16.105,,
A,Annuale,ITF2,Molise,2,Femmine,Y35-49,35-49 anni,2021,15.216,,
A,Annuale,ITF2,Molise,2,Femmine,Y35-49,35-49 anni,2022,16.094,,
A,Annuale,ITF2,Molise,2,Femmine,Y35-49,35-49 anni,2023,16.644,,
A,Annuale,ITF2,Molise,2,Femmine,Y35-49,35-49 anni,2024,15.971,,
A,Annuale,ITF2,Molise,2,Femmine,Y35-49,35-49 anni,2025,14.768,,
A,Annuale,ITF2,Molise,2,Femmine,Y50-64,50-64 anni,2018,15.885,,
A,Annuale,ITF2,Molise,2,Femmine,Y50-64,50-64 anni,2019,15.716,,
A,Annuale,ITF2,Molise,2,Femmine,Y50-64,50-64 anni,2020,16.06,,
A,Annuale,ITF2,Molise,2,Femmine,Y50-64,50-64 anni,2021,13.719,,
A,Annuale,ITF2,Molise,2,Femmine,Y50-64,50-64 anni,2022,14.519,,
A,Annuale,ITF2,Molise,2,Femmine,Y50-64,50-64 anni,2023,16.47,,
A,Annuale,ITF2,Molise,2,Femmine,Y50-64,50-64 anni,2024,17.272,,
A,Annuale,ITF2,Molise,2,Femmine,Y50-64,50-64 anni,2025,17.76,,
A,Annuale,ITF2,Molise,2,Femmine,Y15-64,15-64 anni,2018,40.13,,
A,Annuale,ITF2,Molise,2,Femmine,Y15-64,15-64 anni,2019,41.013,,
A,Annuale,ITF2,Molise,2,Femmine,Y15-64,15-64 anni,2020,39.387,,
A,Annuale,ITF2,Molise,2,Femmine,Y15-64,15-64 anni,2021,36.463,,
A,Annuale,ITF2,Molise,2,Femmine,Y15-64,15-64 anni,2022,39.972,,
A,Annuale,ITF2,Molise,2,Femmine,Y15-64,15-64 anni,2023,41.273,,
A,Annuale,ITF2,Molise,2,Femmine,Y15-64,15-64 anni,2024,41.905,,
A,Annuale,ITF2,Molise,2,Femmine,Y15-64,15-64 anni,2025,41.426,,
A,Annuale,ITF2,Molise,2,Femmine,Y15-89,15-89 anni,2018,40.904,,
A,Annuale,ITF2,Molise,2,Femmine,Y15-89,15-89 anni,2019,42.323,,
A,Annuale,ITF2,Molise,2,Femmine,Y15-89,15-89 anni,2020,40.588,,
A,Annuale,ITF2,Molise,2,Femmine,Y15-89,15-89 anni,2021,37.198,,
A,Annuale,ITF2,Molise,2,Femmine,Y15-89,15-89 anni,2022,40.793,,
A,Annuale,ITF2,Molise,2,Femmine,Y15-89,15-89 anni,2023,42.427,,
A,Annuale,ITF2,Molise,2,Femmine,Y15-89,15-89 anni,2024,43.267,,
A,Annuale,ITF2,Molise,2,Femmine,Y15-89,15-89 anni,2025,43.104,,
A,Annuale,ITF2,Molise,9,Totale,Y15-24,15-24 anni,2018,3.761,,
A,Annuale,ITF2,Molise,9,Totale,Y15-24,15-24 anni,2019,3.154,,
A,Annuale,ITF2,Molise,9,Totale,Y15-24,15-24 anni,2020,2.614,,
A,Annuale,ITF2,Molise,9,Totale,Y15-24,15-24 anni,2021,4.378,,
A,Annuale,ITF2,Molise,9,Totale,Y15-24,15-24 anni,2022,4.368,,
A,Annuale,ITF2,Molise,9,Totale,Y15-24,15-24 anni,2023,3.843,,
A,Annuale,ITF2,Molise,9,Totale,Y15-24,15-24 anni,2024,2.9,,
A,Annuale,ITF2,Molise,9,Totale,Y15-24,15-24 anni,2025,3.864,,
A,Annuale,ITF2,Molise,9,Totale,Y25-34,25-34 anni,2018,16.967,,
A,Annuale,ITF2,Molise,9,Totale,Y25-34,25-34 anni,2019,18.253,,
A,Annuale,ITF2,Molise,9,Totale,Y25-34,25-34 anni,2020,17.174,,
A,Annuale,ITF2,Molise,9,Totale,Y25-34,25-34 anni,2021,16.035,,
A,Annuale,ITF2,Molise,9,Totale,Y25-34,25-34 anni,2022,17.625,,
A,Annuale,ITF2,Molise,9,Totale,Y25-34,25-34 anni,2023,18.381,,
A,Annuale,ITF2,Molise,9,Totale,Y25-34,25-34 anni,2024,19.436,,
A,Annuale,ITF2,Molise,9,Totale,Y25-34,25-34 anni,2025,18.853,,
A,Annuale,ITF2,Molise,9,Totale,Y15-34,15-34 anni,2018,20.727,,
A,Annuale,ITF2,Molise,9,Totale,Y15-34,15-34 anni,2019,21.407,,
A,Annuale,ITF2,Molise,9,Totale,Y15-34,15-34 anni,2020,19.788,,
A,Annuale,ITF2,Molise,9,Totale,Y15-34,15-34 anni,2021,20.414,,
A,Annuale,ITF2,Molise,9,Totale,Y15-34,15-34 anni,2022,21.993,,
A,Annuale,ITF2,Molise,9,Totale,Y15-34,15-34 anni,2023,22.224,,
A,Annuale,ITF2,Molise,9,Totale,Y15-34,15-34 anni,2024,22.336,,
A,Annuale,ITF2,Molise,9,Totale,Y15-34,15-34 anni,2025,22.717,,
A,Annuale,ITF2,Molise,9,Totale,Y35-49,35-49 anni,2018,42.297,,
A,Annuale,ITF2,Molise,9,Totale,Y35-49,35-49 anni,2019,42.729,,
A,Annuale,ITF2,Molise,9,Totale,Y35-49,35-49 anni,2020,39.278,,
A,Annuale,ITF2,Molise,9,Totale,Y35-49,35-49 anni,2021,38.942,,
A,Annuale,ITF2,Molise,9,Totale,Y35-49,35-49 anni,2022,39.806,,
A,Annuale,ITF2,Molise,9,Totale,Y35-49,35-49 anni,2023,40.767,,
A,Annuale,ITF2,Molise,9,Totale,Y35-49,35-49 anni,2024,40.302,,
A,Annuale,ITF2,Molise,9,Totale,Y35-49,35-49 anni,2025,36.548,,
A,Annuale,ITF2,Molise,9,Totale,Y50-64,50-64 anni,2018,40.554,,
A,Annuale,ITF2,Molise,9,Totale,Y50-64,50-64 anni,2019,40.745,,
A,Annuale,ITF2,Molise,9,Totale,Y50-64,50-64 anni,2020,40.965,,
A,Annuale,ITF2,Molise,9,Totale,Y50-64,50-64 anni,2021,37.65,,
A,Annuale,ITF2,Molise,9,Totale,Y50-64,50-64 anni,2022,37.737,,
A,Annuale,ITF2,Molise,9,Totale,Y50-64,50-64 anni,2023,39.632,,
A,Annuale,ITF2,Molise,9,Totale,Y50-64,50-64 anni,2024,41.724,,
A,Annuale,ITF2,Molise,9,Totale,Y50-64,50-64 anni,2025,44.33,,
A,Annuale,ITF2,Molise,9,Totale,Y15-64,15-64 anni,2018,103.578,,
A,Annuale,ITF2,Molise,9,Totale,Y15-64,15-64 anni,2019,104.88,,
A,Annuale,ITF2,Molise,9,Totale,Y15-64,15-64 anni,2020,100.031,,
A,Annuale,ITF2,Molise,9,Totale,Y15-64,15-64 anni,2021,97.006,,
A,Annuale,ITF2,Molise,9,Totale,Y15-64,15-64 anni,2022,99.536,,
A,Annuale,ITF2,Molise,9,Totale,Y15-64,15-64 anni,2023,102.624,,
A,Annuale,ITF2,Molise,9,Totale,Y15-64,15-64 anni,2024,104.361,,
A,Annuale,ITF2,Molise,9,Totale,Y15-64,15-64 anni,2025,103.595,,
A,Annuale,ITF2,Molise,9,Totale,Y15-89,15-89 anni,2018,105.959,,
A,Annuale,ITF2,Molise,9,Totale,Y15-89,15-89 anni,2019,108.496,,
A,Annuale,ITF2,Molise,9,Totale,Y15-89,15-89 anni,2020,103.979,,
A,Annuale,ITF2,Molise,9,Totale,Y15-89,15-89 anni,2021,100.276,,
A,Annuale,ITF2,Molise,9,Totale,Y15-89,15-89 anni,2022,103.093,,
A,Annuale,ITF2,Molise,9,Totale,Y15-89,15-89 anni,2023,106.314,,
A,Annuale,ITF2,Molise,9,Totale,Y15-89,15-89 anni,2024,107.801,,
A,Annuale,ITF2,Molise,9,Totale,Y15-89,15-89 anni,2025,107.399,,
A,Annuale,ITF3,Campania,1,Maschi,Y15-24,15-24 anni,2018,45.581,,
A,Annuale,ITF3,Campania,1,Maschi,Y15-24,15-24 anni,2019,48.957,,
A,Annuale,ITF3,Campania,1,Maschi,Y15-24,15-24 anni,2020,43.995,,
A,Annuale,ITF3,Campania,1,Maschi,Y15-24,15-24 anni,2021,53.281,,
A,Annuale,ITF3,Campania,1,Maschi,Y15-24,15-24 anni,2022,49.246,,
A,Annuale,ITF3,Campania,1,Maschi,Y15-24,15-24 anni,2023,52.113,,
A,Annuale,ITF3,Campania,1,Maschi,Y15-24,15-24 anni,2024,51.631,,
A,Annuale,ITF3,Campania,1,Maschi,Y15-24,15-24 anni,2025,43.637,,
A,Annuale,ITF3,Campania,1,Maschi,Y25-34,25-34 anni,2018,186.434,,
A,Annuale,ITF3,Campania,1,Maschi,Y25-34,25-34 anni,2019,187.115,,
A,Annuale,ITF3,Campania,1,Maschi,Y25-34,25-34 anni,2020,174.093,,
A,Annuale,ITF3,Campania,1,Maschi,Y25-34,25-34 anni,2021,185.757,,
A,Annuale,ITF3,Campania,1,Maschi,Y25-34,25-34 anni,2022,192.045,,
A,Annuale,ITF3,Campania,1,Maschi,Y25-34,25-34 anni,2023,186.857,,
A,Annuale,ITF3,Campania,1,Maschi,Y25-34,25-34 anni,2024,189.124,,
A,Annuale,ITF3,Campania,1,Maschi,Y25-34,25-34 anni,2025,190.274,,
A,Annuale,ITF3,Campania,1,Maschi,Y15-34,15-34 anni,2018,232.015,,
A,Annuale,ITF3,Campania,1,Maschi,Y15-34,15-34 anni,2019,236.072,,
A,Annuale,ITF3,Campania,1,Maschi,Y15-34,15-34 anni,2020,218.088,,
A,Annuale,ITF3,Campania,1,Maschi,Y15-34,15-34 anni,2021,239.038,,
A,Annuale,ITF3,Campania,1,Maschi,Y15-34,15-34 anni,2022,241.291,,
A,Annuale,ITF3,Campania,1,Maschi,Y15-34,15-34 anni,2023,238.97,,
A,Annuale,ITF3,Campania,1,Maschi,Y15-34,15-34 anni,2024,240.756,,
A,Annuale,ITF3,Campania,1,Maschi,Y15-34,15-34 anni,2025,233.911,,
A,Annuale,ITF3,Campania,1,Maschi,Y35-49,35-49 anni,2018,424.325,,
A,Annuale,ITF3,Campania,1,Maschi,Y35-49,35-49 anni,2019,407.567,,
A,Annuale,ITF3,Campania,1,Maschi,Y35-49,35-49 anni,2020,402.977,,
A,Annuale,ITF3,Campania,1,Maschi,Y35-49,35-49 anni,2021,392.802,,
A,Annuale,ITF3,Campania,1,Maschi,Y35-49,35-49 anni,2022,395.734,,
A,Annuale,ITF3,Campania,1,Maschi,Y35-49,35-49 anni,2023,398.772,,
A,Annuale,ITF3,Campania,1,Maschi,Y35-49,35-49 anni,2024,401.899,,
A,Annuale,ITF3,Campania,1,Maschi,Y35-49,35-49 anni,2025,407.592,,
A,Annuale,ITF3,Campania,1,Maschi,Y50-64,50-64 anni,2018,367.383,,
A,Annuale,ITF3,Campania,1,Maschi,Y50-64,50-64 anni,2019,367.968,,
A,Annuale,ITF3,Campania,1,Maschi,Y50-64,50-64 anni,2020,364.17,,
A,Annuale,ITF3,Campania,1,Maschi,Y50-64,50-64 anni,2021,363.771,,
A,Annuale,ITF3,Campania,1,Maschi,Y50-64,50-64 anni,2022,388.475,,
A,Annuale,ITF3,Campania,1,Maschi,Y50-64,50-64 anni,2023,414.62,,
A,Annuale,ITF3,Campania,1,Maschi,Y50-64,50-64 anni,2024,423.971,,
A,Annuale,ITF3,Campania,1,Maschi,Y50-64,50-64 anni,2025,436.759,,
A,Annuale,ITF3,Campania,1,Maschi,Y15-64,15-64 anni,2018,1023.723,,
A,Annuale,ITF3,Campania,1,Maschi,Y15-64,15-64 anni,2019,1011.607,,
A,Annuale,ITF3,Campania,1,Maschi,Y15-64,15-64 anni,2020,985.235,,
A,Annuale,ITF3,Campania,1,Maschi,Y15-64,15-64 anni,2021,995.611,,
A,Annuale,ITF3,Campania,1,Maschi,Y15-64,15-64 anni,2022,1025.5,,
A,Annuale,ITF3,Campania,1,Maschi,Y15-64,15-64 anni,2023,1052.362,,
A,Annuale,ITF3,Campania,1,Maschi,Y15-64,15-64 anni,2024,1066.626,,
A,Annuale,ITF3,Campania,1,Maschi,Y15-64,15-64 anni,2025,1078.262,,
A,Annuale,ITF3,Campania,1,Maschi,Y15-89,15-89 anni,2018,1057.938,,
A,Annuale,ITF3,Campania,1,Maschi,Y15-89,15-89 anni,2019,1044.716,,
A,Annuale,ITF3,Campania,1,Maschi,Y15-89,15-89 anni,2020,1018.794,,
A,Annuale,ITF3,Campania,1,Maschi,Y15-89,15-89 anni,2021,1030.539,,
A,Annuale,ITF3,Campania,1,Maschi,Y15-89,15-89 anni,2022,1061.381,,
A,Annuale,ITF3,Campania,1,Maschi,Y15-89,15-89 anni,2023,1094.401,,
A,Annuale,ITF3,Campania,1,Maschi,Y15-89,15-89 anni,2024,1108.821,,
A,Annuale,ITF3,Campania,1,Maschi,Y15-89,15-89 anni,2025,1126.564,,
A,Annuale,ITF3,Campania,2,Femmine,Y15-24,15-24 anni,2018,25.028,,
A,Annuale,ITF3,Campania,2,Femmine,Y15-24,15-24 anni,2019,30.437,,
A,Annuale,ITF3,Campania,2,Femmine,Y15-24,15-24 anni,2020,23.715,,
A,Annuale,ITF3,Campania,2,Femmine,Y15-24,15-24 anni,2021,27.227,,
A,Annuale,ITF3,Campania,2,Femmine,Y15-24,15-24 anni,2022,29.305,,
A,Annuale,ITF3,Campania,2,Femmine,Y15-24,15-24 anni,2023,25.444,,
A,Annuale,ITF3,Campania,2,Femmine,Y15-24,15-24 anni,2024,25.266,,
A,Annuale,ITF3,Campania,2,Femmine,Y15-24,15-24 anni,2025,24.559,,
A,Annuale,ITF3,Campania,2,Femmine,Y25-34,25-34 anni,2018,107.899,,
A,Annuale,ITF3,Campania,2,Femmine,Y25-34,25-34 anni,2019,106.074,,
A,Annuale,ITF3,Campania,2,Femmine,Y25-34,25-34 anni,2020,96.834,,
A,Annuale,ITF3,Campania,2,Femmine,Y25-34,25-34 anni,2021,107.807,,
A,Annuale,ITF3,Campania,2,Femmine,Y25-34,25-34 anni,2022,115.459,,
A,Annuale,ITF3,Campania,2,Femmine,Y25-34,25-34 anni,2023,118.619,,
A,Annuale,ITF3,Campania,2,Femmine,Y25-34,25-34 anni,2024,128.574,,
A,Annuale,ITF3,Campania,2,Femmine,Y25-34,25-34 anni,2025,126.973,,
A,Annuale,ITF3,Campania,2,Femmine,Y15-34,15-34 anni,2018,132.927,,
A,Annuale,ITF3,Campania,2,Femmine,Y15-34,15-34 anni,2019,136.511,,
A,Annuale,ITF3,Campania,2,Femmine,Y15-34,15-34 anni,2020,120.549,,
A,Annuale,ITF3,Campania,2,Femmine,Y15-34,15-34 anni,2021,135.034,,
A,Annuale,ITF3,Campania,2,Femmine,Y15-34,15-34 anni,2022,144.764,,
A,Annuale,ITF3,Campania,2,Femmine,Y15-34,15-34 anni,2023,144.063,,
A,Annuale,ITF3,Campania,2,Femmine,Y15-34,15-34 anni,2024,153.84,,
A,Annuale,ITF3,Campania,2,Femmine,Y15-34,15-34 anni,2025,151.532,,
A,Annuale,ITF3,Campania,2,Femmine,Y35-49,35-49 anni,2018,240.096,,
A,Annuale,ITF3,Campania,2,Femmine,Y35-49,35-49 anni,2019,230.773,,
A,Annuale,ITF3,Campania,2,Femmine,Y35-49,35-49 anni,2020,218.946,,
A,Annuale,ITF3,Campania,2,Femmine,Y35-49,35-49 anni,2021,210.766,,
A,Annuale,ITF3,Campania,2,Femmine,Y35-49,35-49 anni,2022,217.076,,
A,Annuale,ITF3,Campania,2,Femmine,Y35-49,35-49 anni,2023,218.563,,
A,Annuale,ITF3,Campania,2,Femmine,Y35-49,35-49 anni,2024,229.217,,
A,Annuale,ITF3,Campania,2,Femmine,Y35-49,35-49 anni,2025,240.561,,
A,Annuale,ITF3,Campania,2,Femmine,Y50-64,50-64 anni,2018,195.421,,
A,Annuale,ITF3,Campania,2,Femmine,Y50-64,50-64 anni,2019,197.817,,
A,Annuale,ITF3,Campania,2,Femmine,Y50-64,50-64 anni,2020,196.784,,
A,Annuale,ITF3,Campania,2,Femmine,Y50-64,50-64 anni,2021,203.67,,
A,Annuale,ITF3,Campania,2,Femmine,Y50-64,50-64 anni,2022,204.299,,
A,Annuale,ITF3,Campania,2,Femmine,Y50-64,50-64 anni,2023,210.223,,
A,Annuale,ITF3,Campania,2,Femmine,Y50-64,50-64 anni,2024,211.935,,
A,Annuale,ITF3,Campania,2,Femmine,Y50-64,50-64 anni,2025,229.992,,
A,Annuale,ITF3,Campania,2,Femmine,Y15-64,15-64 anni,2018,568.445,,
A,Annuale,ITF3,Campania,2,Femmine,Y15-64,15-64 anni,2019,565.101,,
A,Annuale,ITF3,Campania,2,Femmine,Y15-64,15-64 anni,2020,536.279,,
A,Annuale,ITF3,Campania,2,Femmine,Y15-64,15-64 anni,2021,549.47,,
A,Annuale,ITF3,Campania,2,Femmine,Y15-64,15-64 anni,2022,566.14,,
A,Annuale,ITF3,Campania,2,Femmine,Y15-64,15-64 anni,2023,572.849,,
A,Annuale,ITF3,Campania,2,Femmine,Y15-64,15-64 anni,2024,594.992,,
A,Annuale,ITF3,Campania,2,Femmine,Y15-64,15-64 anni,2025,622.084,,
A,Annuale,ITF3,Campania,2,Femmine,Y15-89,15-89 anni,2018,583.01,,
A,Annuale,ITF3,Campania,2,Femmine,Y15-89,15-89 anni,2019,580.865,,
A,Annuale,ITF3,Campania,2,Femmine,Y15-89,15-89 anni,2020,551.025,,
A,Annuale,ITF3,Campania,2,Femmine,Y15-89,15-89 anni,2021,561.556,,
A,Annuale,ITF3,Campania,2,Femmine,Y15-89,15-89 anni,2022,579.919,,
A,Annuale,ITF3,Campania,2,Femmine,Y15-89,15-89 anni,2023,589.552,,
A,Annuale,ITF3,Campania,2,Femmine,Y15-89,15-89 anni,2024,613.356,,
A,Annuale,ITF3,Campania,2,Femmine,Y15-89,15-89 anni,2025,640.115,,
A,Annuale,ITF3,Campania,9,Totale,Y15-24,15-24 anni,2018,70.609,,
A,Annuale,ITF3,Campania,9,Totale,Y15-24,15-24 anni,2019,79.394,,
A,Annuale,ITF3,Campania,9,Totale,Y15-24,15-24 anni,2020,67.709,,
A,Annuale,ITF3,Campania,9,Totale,Y15-24,15-24 anni,2021,80.509,,
A,Annuale,ITF3,Campania,9,Totale,Y15-24,15-24 anni,2022,78.551,,
A,Annuale,ITF3,Campania,9,Totale,Y15-24,15-24 anni,2023,77.557,,
A,Annuale,ITF3,Campania,9,Totale,Y15-24,15-24 anni,2024,76.898,,
A,Annuale,ITF3,Campania,9,Totale,Y15-24,15-24 anni,2025,68.195,,
A,Annuale,ITF3,Campania,9,Totale,Y25-34,25-34 anni,2018,294.333,,
A,Annuale,ITF3,Campania,9,Totale,Y25-34,25-34 anni,2019,293.19,,
A,Annuale,ITF3,Campania,9,Totale,Y25-34,25-34 anni,2020,270.927,,
A,Annuale,ITF3,Campania,9,Totale,Y25-34,25-34 anni,2021,293.564,,
A,Annuale,ITF3,Campania,9,Totale,Y25-34,25-34 anni,2022,307.504,,
A,Annuale,ITF3,Campania,9,Totale,Y25-34,25-34 anni,2023,305.476,,
A,Annuale,ITF3,Campania,9,Totale,Y25-34,25-34 anni,2024,317.698,,
A,Annuale,ITF3,Campania,9,Totale,Y25-34,25-34 anni,2025,317.248,,
A,Annuale,ITF3,Campania,9,Totale,Y15-34,15-34 anni,2018,364.942,,
A,Annuale,ITF3,Campania,9,Totale,Y15-34,15-34 anni,2019,372.583,,
A,Annuale,ITF3,Campania,9,Totale,Y15-34,15-34 anni,2020,338.637,,
A,Annuale,ITF3,Campania,9,Totale,Y15-34,15-34 anni,2021,374.072,,
A,Annuale,ITF3,Campania,9,Totale,Y15-34,15-34 anni,2022,386.055,,
A,Annuale,ITF3,Campania,9,Totale,Y15-34,15-34 anni,2023,383.033,,
A,Annuale,ITF3,Campania,9,Totale,Y15-34,15-34 anni,2024,394.596,,
A,Annuale,ITF3,Campania,9,Totale,Y15-34,15-34 anni,2025,385.443,,
A,Annuale,ITF3,Campania,9,Totale,Y35-49,35-49 anni,2018,664.421,,
A,Annuale,ITF3,Campania,9,Totale,Y35-49,35-49 anni,2019,638.34,,
A,Annuale,ITF3,Campania,9,Totale,Y35-49,35-49 anni,2020,621.924,,
A,Annuale,ITF3,Campania,9,Totale,Y35-49,35-49 anni,2021,603.568,,
A,Annuale,ITF3,Campania,9,Totale,Y35-49,35-49 anni,2022,612.811,,
A,Annuale,ITF3,Campania,9,Totale,Y35-49,35-49 anni,2023,617.335,,
A,Annuale,ITF3,Campania,9,Totale,Y35-49,35-49 anni,2024,631.116,,
A,Annuale,ITF3,Campania,9,Totale,Y35-49,35-49 anni,2025,648.153,,
A,Annuale,ITF3,Campania,9,Totale,Y50-64,50-64 anni,2018,562.804,,
A,Annuale,ITF3,Campania,9,Totale,Y50-64,50-64 anni,2019,565.784,,
A,Annuale,ITF3,Campania,9,Totale,Y50-64,50-64 anni,2020,560.954,,
A,Annuale,ITF3,Campania,9,Totale,Y50-64,50-64 anni,2021,567.441,,
A,Annuale,ITF3,Campania,9,Totale,Y50-64,50-64 anni,2022,592.775,,
A,Annuale,ITF3,Campania,9,Totale,Y50-64,50-64 anni,2023,624.843,,
A,Annuale,ITF3,Campania,9,Totale,Y50-64,50-64 anni,2024,635.906,,
A,Annuale,ITF3,Campania,9,Totale,Y50-64,50-64 anni,2025,666.751,,
A,Annuale,ITF3,Campania,9,Totale,Y15-64,15-64 anni,2018,1592.168,,
A,Annuale,ITF3,Campania,9,Totale,Y15-64,15-64 anni,2019,1576.708,,
A,Annuale,ITF3,Campania,9,Totale,Y15-64,15-64 anni,2020,1521.515,,
A,Annuale,ITF3,Campania,9,Totale,Y15-64,15-64 anni,2021,1545.081,,
A,Annuale,ITF3,Campania,9,Totale,Y15-64,15-64 anni,2022,1591.64,,
A,Annuale,ITF3,Campania,9,Totale,Y15-64,15-64 anni,2023,1625.21,,
A,Annuale,ITF3,Campania,9,Totale,Y15-64,15-64 anni,2024,1661.618,,
A,Annuale,ITF3,Campania,9,Totale,Y15-64,15-64 anni,2025,1700.347,,
A,Annuale,ITF3,Campania,9,Totale,Y15-89,15-89 anni,2018,1640.947,,
A,Annuale,ITF3,Campania,9,Totale,Y15-89,15-89 anni,2019,1625.58,,
A,Annuale,ITF3,Campania,9,Totale,Y15-89,15-89 anni,2020,1569.819,,
A,Annuale,ITF3,Campania,9,Totale,Y15-89,15-89 anni,2021,1592.095,,
A,Annuale,ITF3,Campania,9,Totale,Y15-89,15-89 anni,2022,1641.3,,
A,Annuale,ITF3,Campania,9,Totale,Y15-89,15-89 anni,2023,1683.953,,
A,Annuale,ITF3,Campania,9,Totale,Y15-89,15-89 anni,2024,1722.177,,
A,Annuale,ITF3,Campania,9,Totale,Y15-89,15-89 anni,2025,1766.68,,
A,Annuale,ITF4,Puglia,1,Maschi,Y15-24,15-24 anni,2018,32.292,,
A,Annuale,ITF4,Puglia,1,Maschi,Y15-24,15-24 anni,2019,33.931,,
A,Annuale,ITF4,Puglia,1,Maschi,Y15-24,15-24 anni,2020,38.848,,
A,Annuale,ITF4,Puglia,1,Maschi,Y15-24,15-24 anni,2021,39.112,,
A,Annuale,ITF4,Puglia,1,Maschi,Y15-24,15-24 anni,2022,44.272,,
A,Annuale,ITF4,Puglia,1,Maschi,Y15-24,15-24 anni,2023,42.77,,
A,Annuale,ITF4,Puglia,1,Maschi,Y15-24,15-24 anni,2024,41.236,,
A,Annuale,ITF4,Puglia,1,Maschi,Y15-24,15-24 anni,2025,36.475,,
A,Annuale,ITF4,Puglia,1,Maschi,Y25-34,25-34 anni,2018,136.769,,
A,Annuale,ITF4,Puglia,1,Maschi,Y25-34,25-34 anni,2019,132.342,,
A,Annuale,ITF4,Puglia,1,Maschi,Y25-34,25-34 anni,2020,122.838,,
A,Annuale,ITF4,Puglia,1,Maschi,Y25-34,25-34 anni,2021,126.098,,
A,Annuale,ITF4,Puglia,1,Maschi,Y25-34,25-34 anni,2022,144.366,,
A,Annuale,ITF4,Puglia,1,Maschi,Y25-34,25-34 anni,2023,148.968,,
A,Annuale,ITF4,Puglia,1,Maschi,Y25-34,25-34 anni,2024,138.836,,
A,Annuale,ITF4,Puglia,1,Maschi,Y25-34,25-34 anni,2025,132.975,,
A,Annuale,ITF4,Puglia,1,Maschi,Y15-34,15-34 anni,2018,169.061,,
A,Annuale,ITF4,Puglia,1,Maschi,Y15-34,15-34 anni,2019,166.273,,
A,Annuale,ITF4,Puglia,1,Maschi,Y15-34,15-34 anni,2020,161.686,,
A,Annuale,ITF4,Puglia,1,Maschi,Y15-34,15-34 anni,2021,165.21,,
A,Annuale,ITF4,Puglia,1,Maschi,Y15-34,15-34 anni,2022,188.638,,
A,Annuale,ITF4,Puglia,1,Maschi,Y15-34,15-34 anni,2023,191.738,,
A,Annuale,ITF4,Puglia,1,Maschi,Y15-34,15-34 anni,2024,180.071,,
A,Annuale,ITF4,Puglia,1,Maschi,Y15-34,15-34 anni,2025,169.45,,
A,Annuale,ITF4,Puglia,1,Maschi,Y35-49,35-49 anni,2018,309.765,,
A,Annuale,ITF4,Puglia,1,Maschi,Y35-49,35-49 anni,2019,312.798,,
A,Annuale,ITF4,Puglia,1,Maschi,Y35-49,35-49 anni,2020,298,,
A,Annuale,ITF4,Puglia,1,Maschi,Y35-49,35-49 anni,2021,300.384,,
A,Annuale,ITF4,Puglia,1,Maschi,Y35-49,35-49 anni,2022,307.604,,
A,Annuale,ITF4,Puglia,1,Maschi,Y35-49,35-49 anni,2023,300.744,,
A,Annuale,ITF4,Puglia,1,Maschi,Y35-49,35-49 anni,2024,309.359,,
A,Annuale,ITF4,Puglia,1,Maschi,Y35-49,35-49 anni,2025,303.253,,
A,Annuale,ITF4,Puglia,1,Maschi,Y50-64,50-64 anni,2018,269.879,,
A,Annuale,ITF4,Puglia,1,Maschi,Y50-64,50-64 anni,2019,281.433,,
A,Annuale,ITF4,Puglia,1,Maschi,Y50-64,50-64 anni,2020,283.651,,
A,Annuale,ITF4,Puglia,1,Maschi,Y50-64,50-64 anni,2021,281.2,,
A,Annuale,ITF4,Puglia,1,Maschi,Y50-64,50-64 anni,2022,292.846,,
A,Annuale,ITF4,Puglia,1,Maschi,Y50-64,50-64 anni,2023,302.476,,
A,Annuale,ITF4,Puglia,1,Maschi,Y50-64,50-64 anni,2024,310.564,,
A,Annuale,ITF4,Puglia,1,Maschi,Y50-64,50-64 anni,2025,314.767,,
A,Annuale,ITF4,Puglia,1,Maschi,Y15-64,15-64 anni,2018,748.706,,
A,Annuale,ITF4,Puglia,1,Maschi,Y15-64,15-64 anni,2019,760.504,,
A,Annuale,ITF4,Puglia,1,Maschi,Y15-64,15-64 anni,2020,743.337,,
A,Annuale,ITF4,Puglia,1,Maschi,Y15-64,15-64 anni,2021,746.794,,
A,Annuale,ITF4,Puglia,1,Maschi,Y15-64,15-64 anni,2022,789.088,,
A,Annuale,ITF4,Puglia,1,Maschi,Y15-64,15-64 anni,2023,794.958,,
A,Annuale,ITF4,Puglia,1,Maschi,Y15-64,15-64 anni,2024,799.994,,
A,Annuale,ITF4,Puglia,1,Maschi,Y15-64,15-64 anni,2025,787.47,,
A,Annuale,ITF4,Puglia,1,Maschi,Y15-89,15-89 anni,2018,765.536,,
A,Annuale,ITF4,Puglia,1,Maschi,Y15-89,15-89 anni,2019,781.682,,
A,Annuale,ITF4,Puglia,1,Maschi,Y15-89,15-89 anni,2020,764.492,,
A,Annuale,ITF4,Puglia,1,Maschi,Y15-89,15-89 anni,2021,768.872,,
A,Annuale,ITF4,Puglia,1,Maschi,Y15-89,15-89 anni,2022,813.545,,
A,Annuale,ITF4,Puglia,1,Maschi,Y15-89,15-89 anni,2023,822.749,,
A,Annuale,ITF4,Puglia,1,Maschi,Y15-89,15-89 anni,2024,827.919,,
A,Annuale,ITF4,Puglia,1,Maschi,Y15-89,15-89 anni,2025,817.919,,
A,Annuale,ITF4,Puglia,2,Femmine,Y15-24,15-24 anni,2018,23.491,,
A,Annuale,ITF4,Puglia,2,Femmine,Y15-24,15-24 anni,2019,22.076,,
A,Annuale,ITF4,Puglia,2,Femmine,Y15-24,15-24 anni,2020,18.698,,
A,Annuale,ITF4,Puglia,2,Femmine,Y15-24,15-24 anni,2021,20.564,,
A,Annuale,ITF4,Puglia,2,Femmine,Y15-24,15-24 anni,2022,23.351,,
A,Annuale,ITF4,Puglia,2,Femmine,Y15-24,15-24 anni,2023,24.647,,
A,Annuale,ITF4,Puglia,2,Femmine,Y15-24,15-24 anni,2024,24.961,,
A,Annuale,ITF4,Puglia,2,Femmine,Y15-24,15-24 anni,2025,21.468,,
A,Annuale,ITF4,Puglia,2,Femmine,Y25-34,25-34 anni,2018,85.803,,
A,Annuale,ITF4,Puglia,2,Femmine,Y25-34,25-34 anni,2019,83.357,,
A,Annuale,ITF4,Puglia,2,Femmine,Y25-34,25-34 anni,2020,79.458,,
A,Annuale,ITF4,Puglia,2,Femmine,Y25-34,25-34 anni,2021,85.138,,
A,Annuale,ITF4,Puglia,2,Femmine,Y25-34,25-34 anni,2022,82.393,,
A,Annuale,ITF4,Puglia,2,Femmine,Y25-34,25-34 anni,2023,87.914,,
A,Annuale,ITF4,Puglia,2,Femmine,Y25-34,25-34 anni,2024,94.477,,
A,Annuale,ITF4,Puglia,2,Femmine,Y25-34,25-34 anni,2025,95.088,,
A,Annuale,ITF4,Puglia,2,Femmine,Y15-34,15-34 anni,2018,109.294,,
A,Annuale,ITF4,Puglia,2,Femmine,Y15-34,15-34 anni,2019,105.433,,
A,Annuale,ITF4,Puglia,2,Femmine,Y15-34,15-34 anni,2020,98.157,,
A,Annuale,ITF4,Puglia,2,Femmine,Y15-34,15-34 anni,2021,105.702,,
A,Annuale,ITF4,Puglia,2,Femmine,Y15-34,15-34 anni,2022,105.745,,
A,Annuale,ITF4,Puglia,2,Femmine,Y15-34,15-34 anni,2023,112.561,,
A,Annuale,ITF4,Puglia,2,Femmine,Y15-34,15-34 anni,2024,119.439,,
A,Annuale,ITF4,Puglia,2,Femmine,Y15-34,15-34 anni,2025,116.556,,
A,Annuale,ITF4,Puglia,2,Femmine,Y35-49,35-49 anni,2018,177.093,,
A,Annuale,ITF4,Puglia,2,Femmine,Y35-49,35-49 anni,2019,177.045,,
A,Annuale,ITF4,Puglia,2,Femmine,Y35-49,35-49 anni,2020,178.271,,
A,Annuale,ITF4,Puglia,2,Femmine,Y35-49,35-49 anni,2021,183.044,,
A,Annuale,ITF4,Puglia,2,Femmine,Y35-49,35-49 anni,2022,187.796,,
A,Annuale,ITF4,Puglia,2,Femmine,Y35-49,35-49 anni,2023,190.373,,
A,Annuale,ITF4,Puglia,2,Femmine,Y35-49,35-49 anni,2024,191.87,,
A,Annuale,ITF4,Puglia,2,Femmine,Y35-49,35-49 anni,2025,188.469,,
A,Annuale,ITF4,Puglia,2,Femmine,Y50-64,50-64 anni,2018,142.001,,
A,Annuale,ITF4,Puglia,2,Femmine,Y50-64,50-64 anni,2019,145.064,,
A,Annuale,ITF4,Puglia,2,Femmine,Y50-64,50-64 anni,2020,139.014,,
A,Annuale,ITF4,Puglia,2,Femmine,Y50-64,50-64 anni,2021,140.137,,
A,Annuale,ITF4,Puglia,2,Femmine,Y50-64,50-64 anni,2022,151.168,,
A,Annuale,ITF4,Puglia,2,Femmine,Y50-64,50-64 anni,2023,159.99,,
A,Annuale,ITF4,Puglia,2,Femmine,Y50-64,50-64 anni,2024,156.118,,
A,Annuale,ITF4,Puglia,2,Femmine,Y50-64,50-64 anni,2025,162.576,,
A,Annuale,ITF4,Puglia,2,Femmine,Y15-64,15-64 anni,2018,428.387,,
A,Annuale,ITF4,Puglia,2,Femmine,Y15-64,15-64 anni,2019,427.541,,
A,Annuale,ITF4,Puglia,2,Femmine,Y15-64,15-64 anni,2020,415.442,,
A,Annuale,ITF4,Puglia,2,Femmine,Y15-64,15-64 anni,2021,428.882,,
A,Annuale,ITF4,Puglia,2,Femmine,Y15-64,15-64 anni,2022,444.708,,
A,Annuale,ITF4,Puglia,2,Femmine,Y15-64,15-64 anni,2023,462.925,,
A,Annuale,ITF4,Puglia,2,Femmine,Y15-64,15-64 anni,2024,467.427,,
A,Annuale,ITF4,Puglia,2,Femmine,Y15-64,15-64 anni,2025,467.601,,
A,Annuale,ITF4,Puglia,2,Femmine,Y15-89,15-89 anni,2018,436.164,,
A,Annuale,ITF4,Puglia,2,Femmine,Y15-89,15-89 anni,2019,434.381,,
A,Annuale,ITF4,Puglia,2,Femmine,Y15-89,15-89 anni,2020,423.62,,
A,Annuale,ITF4,Puglia,2,Femmine,Y15-89,15-89 anni,2021,437.889,,
A,Annuale,ITF4,Puglia,2,Femmine,Y15-89,15-89 anni,2022,453.082,,
A,Annuale,ITF4,Puglia,2,Femmine,Y15-89,15-89 anni,2023,469.897,,
A,Annuale,ITF4,Puglia,2,Femmine,Y15-89,15-89 anni,2024,476.051,,
A,Annuale,ITF4,Puglia,2,Femmine,Y15-89,15-89 anni,2025,482.395,,
A,Annuale,ITF4,Puglia,9,Totale,Y15-24,15-24 anni,2018,55.783,,
A,Annuale,ITF4,Puglia,9,Totale,Y15-24,15-24 anni,2019,56.007,,
A,Annuale,ITF4,Puglia,9,Totale,Y15-24,15-24 anni,2020,57.546,,
A,Annuale,ITF4,Puglia,9,Totale,Y15-24,15-24 anni,2021,59.676,,
A,Annuale,ITF4,Puglia,9,Totale,Y15-24,15-24 anni,2022,67.623,,
A,Annuale,ITF4,Puglia,9,Totale,Y15-24,15-24 anni,2023,67.417,,
A,Annuale,ITF4,Puglia,9,Totale,Y15-24,15-24 anni,2024,66.197,,
A,Annuale,ITF4,Puglia,9,Totale,Y15-24,15-24 anni,2025,57.943,,
A,Annuale,ITF4,Puglia,9,Totale,Y25-34,25-34 anni,2018,222.572,,
A,Annuale,ITF4,Puglia,9,Totale,Y25-34,25-34 anni,2019,215.699,,
A,Annuale,ITF4,Puglia,9,Totale,Y25-34,25-34 anni,2020,202.297,,
A,Annuale,ITF4,Puglia,9,Totale,Y25-34,25-34 anni,2021,211.236,,
A,Annuale,ITF4,Puglia,9,Totale,Y25-34,25-34 anni,2022,226.759,,
A,Annuale,ITF4,Puglia,9,Totale,Y25-34,25-34 anni,2023,236.882,,
A,Annuale,ITF4,Puglia,9,Totale,Y25-34,25-34 anni,2024,233.313,,
A,Annuale,ITF4,Puglia,9,Totale,Y25-34,25-34 anni,2025,228.063,,
A,Annuale,ITF4,Puglia,9,Totale,Y15-34,15-34 anni,2018,278.355,,
A,Annuale,ITF4,Puglia,9,Totale,Y15-34,15-34 anni,2019,271.706,,
A,Annuale,ITF4,Puglia,9,Totale,Y15-34,15-34 anni,2020,259.843,,
A,Annuale,ITF4,Puglia,9,Totale,Y15-34,15-34 anni,2021,270.912,,
A,Annuale,ITF4,Puglia,9,Totale,Y15-34,15-34 anni,2022,294.383,,
A,Annuale,ITF4,Puglia,9,Totale,Y15-34,15-34 anni,2023,304.299,,
A,Annuale,ITF4,Puglia,9,Totale,Y15-34,15-34 anni,2024,299.51,,
A,Annuale,ITF4,Puglia,9,Totale,Y15-34,15-34 anni,2025,286.006,,
A,Annuale,ITF4,Puglia,9,Totale,Y35-49,35-49 anni,2018,486.858,,
A,Annuale,ITF4,Puglia,9,Totale,Y35-49,35-49 anni,2019,489.843,,
A,Annuale,ITF4,Puglia,9,Totale,Y35-49,35-49 anni,2020,476.272,,
A,Annuale,ITF4,Puglia,9,Totale,Y35-49,35-49 anni,2021,483.428,,
A,Annuale,ITF4,Puglia,9,Totale,Y35-49,35-49 anni,2022,495.4,,
A,Annuale,ITF4,Puglia,9,Totale,Y35-49,35-49 anni,2023,491.117,,
A,Annuale,ITF4,Puglia,9,Totale,Y35-49,35-49 anni,2024,501.229,,
A,Annuale,ITF4,Puglia,9,Totale,Y35-49,35-49 anni,2025,491.721,,
A,Annuale,ITF4,Puglia,9,Totale,Y50-64,50-64 anni,2018,411.88,,
A,Annuale,ITF4,Puglia,9,Totale,Y50-64,50-64 anni,2019,426.497,,
A,Annuale,ITF4,Puglia,9,Totale,Y50-64,50-64 anni,2020,422.665,,
A,Annuale,ITF4,Puglia,9,Totale,Y50-64,50-64 anni,2021,421.336,,
A,Annuale,ITF4,Puglia,9,Totale,Y50-64,50-64 anni,2022,444.014,,
A,Annuale,ITF4,Puglia,9,Totale,Y50-64,50-64 anni,2023,462.466,,
A,Annuale,ITF4,Puglia,9,Totale,Y50-64,50-64 anni,2024,466.682,,
A,Annuale,ITF4,Puglia,9,Totale,Y50-64,50-64 anni,2025,477.343,,
A,Annuale,ITF4,Puglia,9,Totale,Y15-64,15-64 anni,2018,1177.093,,
A,Annuale,ITF4,Puglia,9,Totale,Y15-64,15-64 anni,2019,1188.046,,
A,Annuale,ITF4,Puglia,9,Totale,Y15-64,15-64 anni,2020,1158.779,,
A,Annuale,ITF4,Puglia,9,Totale,Y15-64,15-64 anni,2021,1175.676,,
A,Annuale,ITF4,Puglia,9,Totale,Y15-64,15-64 anni,2022,1233.797,,
A,Annuale,ITF4,Puglia,9,Totale,Y15-64,15-64 anni,2023,1257.883,,
A,Annuale,ITF4,Puglia,9,Totale,Y15-64,15-64 anni,2024,1267.421,,
A,Annuale,ITF4,Puglia,9,Totale,Y15-64,15-64 anni,2025,1255.071,,
A,Annuale,ITF4,Puglia,9,Totale,Y15-89,15-89 anni,2018,1201.7,,
A,Annuale,ITF4,Puglia,9,Totale,Y15-89,15-89 anni,2019,1216.063,,
A,Annuale,ITF4,Puglia,9,Totale,Y15-89,15-89 anni,2020,1188.112,,
A,Annuale,ITF4,Puglia,9,Totale,Y15-89,15-89 anni,2021,1206.761,,
A,Annuale,ITF4,Puglia,9,Totale,Y15-89,15-89 anni,2022,1266.627,,
A,Annuale,ITF4,Puglia,9,Totale,Y15-89,15-89 anni,2023,1292.646,,
A,Annuale,ITF4,Puglia,9,Totale,Y15-89,15-89 anni,2024,1303.971,,
A,Annuale,ITF4,Puglia,9,Totale,Y15-89,15-89 anni,2025,1300.314,,
A,Annuale,ITF5,Basilicata,1,Maschi,Y15-24,15-24 anni,2018,4.716,,
A,Annuale,ITF5,Basilicata,1,Maschi,Y15-24,15-24 anni,2019,5.372,,
A,Annuale,ITF5,Basilicata,1,Maschi,Y15-24,15-24 anni,2020,4.777,,
A,Annuale,ITF5,Basilicata,1,Maschi,Y15-24,15-24 anni,2021,3.943,,
A,Annuale,ITF5,Basilicata,1,Maschi,Y15-24,15-24 anni,2022,5.045,,
A,Annuale,ITF5,Basilicata,1,Maschi,Y15-24,15-24 anni,2023,5.657,,
A,Annuale,ITF5,Basilicata,1,Maschi,Y15-24,15-24 anni,2024,6.119,,
A,Annuale,ITF5,Basilicata,1,Maschi,Y15-24,15-24 anni,2025,5.854,,
A,Annuale,ITF5,Basilicata,1,Maschi,Y25-34,25-34 anni,2018,21.31,,
A,Annuale,ITF5,Basilicata,1,Maschi,Y25-34,25-34 anni,2019,22.317,,
A,Annuale,ITF5,Basilicata,1,Maschi,Y25-34,25-34 anni,2020,20.176,,
A,Annuale,ITF5,Basilicata,1,Maschi,Y25-34,25-34 anni,2021,20.477,,
A,Annuale,ITF5,Basilicata,1,Maschi,Y25-34,25-34 anni,2022,21.037,,
A,Annuale,ITF5,Basilicata,1,Maschi,Y25-34,25-34 anni,2023,20.675,,
A,Annuale,ITF5,Basilicata,1,Maschi,Y25-34,25-34 anni,2024,20.975,,
A,Annuale,ITF5,Basilicata,1,Maschi,Y25-34,25-34 anni,2025,19.196,,
A,Annuale,ITF5,Basilicata,1,Maschi,Y15-34,15-34 anni,2018,26.026,,
A,Annuale,ITF5,Basilicata,1,Maschi,Y15-34,15-34 anni,2019,27.689,,
A,Annuale,ITF5,Basilicata,1,Maschi,Y15-34,15-34 anni,2020,24.953,,
A,Annuale,ITF5,Basilicata,1,Maschi,Y15-34,15-34 anni,2021,24.42,,
A,Annuale,ITF5,Basilicata,1,Maschi,Y15-34,15-34 anni,2022,26.082,,
A,Annuale,ITF5,Basilicata,1,Maschi,Y15-34,15-34 anni,2023,26.332,,
A,Annuale,ITF5,Basilicata,1,Maschi,Y15-34,15-34 anni,2024,27.094,,
A,Annuale,ITF5,Basilicata,1,Maschi,Y15-34,15-34 anni,2025,25.049,,
A,Annuale,ITF5,Basilicata,1,Maschi,Y35-49,35-49 anni,2018,43.44,,
A,Annuale,ITF5,Basilicata,1,Maschi,Y35-49,35-49 anni,2019,44.393,,
A,Annuale,ITF5,Basilicata,1,Maschi,Y35-49,35-49 anni,2020,44.736,,
A,Annuale,ITF5,Basilicata,1,Maschi,Y35-49,35-49 anni,2021,43.971,,
A,Annuale,ITF5,Basilicata,1,Maschi,Y35-49,35-49 anni,2022,43.363,,
A,Annuale,ITF5,Basilicata,1,Maschi,Y35-49,35-49 anni,2023,44.012,,
A,Annuale,ITF5,Basilicata,1,Maschi,Y35-49,35-49 anni,2024,43.957,,
A,Annuale,ITF5,Basilicata,1,Maschi,Y35-49,35-49 anni,2025,43.158,,
A,Annuale,ITF5,Basilicata,1,Maschi,Y50-64,50-64 anni,2018,43.75,,
A,Annuale,ITF5,Basilicata,1,Maschi,Y50-64,50-64 anni,2019,43.227,,
A,Annuale,ITF5,Basilicata,1,Maschi,Y50-64,50-64 anni,2020,42.764,,
A,Annuale,ITF5,Basilicata,1,Maschi,Y50-64,50-64 anni,2021,45.542,,
A,Annuale,ITF5,Basilicata,1,Maschi,Y50-64,50-64 anni,2022,44.958,,
A,Annuale,ITF5,Basilicata,1,Maschi,Y50-64,50-64 anni,2023,45.034,,
A,Annuale,ITF5,Basilicata,1,Maschi,Y50-64,50-64 anni,2024,46.754,,
A,Annuale,ITF5,Basilicata,1,Maschi,Y50-64,50-64 anni,2025,49.061,,
A,Annuale,ITF5,Basilicata,1,Maschi,Y15-64,15-64 anni,2018,113.217,,
A,Annuale,ITF5,Basilicata,1,Maschi,Y15-64,15-64 anni,2019,115.31,,
A,Annuale,ITF5,Basilicata,1,Maschi,Y15-64,15-64 anni,2020,112.453,,
A,Annuale,ITF5,Basilicata,1,Maschi,Y15-64,15-64 anni,2021,113.933,,
A,Annuale,ITF5,Basilicata,1,Maschi,Y15-64,15-64 anni,2022,114.403,,
A,Annuale,ITF5,Basilicata,1,Maschi,Y15-64,15-64 anni,2023,115.379,,
A,Annuale,ITF5,Basilicata,1,Maschi,Y15-64,15-64 anni,2024,117.806,,
A,Annuale,ITF5,Basilicata,1,Maschi,Y15-64,15-64 anni,2025,117.269,,
A,Annuale,ITF5,Basilicata,1,Maschi,Y15-89,15-89 anni,2018,116.582,,
A,Annuale,ITF5,Basilicata,1,Maschi,Y15-89,15-89 anni,2019,118.448,,
A,Annuale,ITF5,Basilicata,1,Maschi,Y15-89,15-89 anni,2020,116.3,,
A,Annuale,ITF5,Basilicata,1,Maschi,Y15-89,15-89 anni,2021,117.292,,
A,Annuale,ITF5,Basilicata,1,Maschi,Y15-89,15-89 anni,2022,118.778,,
A,Annuale,ITF5,Basilicata,1,Maschi,Y15-89,15-89 anni,2023,120.655,,
A,Annuale,ITF5,Basilicata,1,Maschi,Y15-89,15-89 anni,2024,122.593,,
A,Annuale,ITF5,Basilicata,1,Maschi,Y15-89,15-89 anni,2025,122.151,,
A,Annuale,ITF5,Basilicata,2,Femmine,Y15-24,15-24 anni,2018,2.499,,
A,Annuale,ITF5,Basilicata,2,Femmine,Y15-24,15-24 anni,2019,2.398,,
A,Annuale,ITF5,Basilicata,2,Femmine,Y15-24,15-24 anni,2020,1.671,,
A,Annuale,ITF5,Basilicata,2,Femmine,Y15-24,15-24 anni,2021,1.704,,
A,Annuale,ITF5,Basilicata,2,Femmine,Y15-24,15-24 anni,2022,1.8,,
A,Annuale,ITF5,Basilicata,2,Femmine,Y15-24,15-24 anni,2023,2.245,,
A,Annuale,ITF5,Basilicata,2,Femmine,Y15-24,15-24 anni,2024,2.109,,
A,Annuale,ITF5,Basilicata,2,Femmine,Y15-24,15-24 anni,2025,1.415,,
A,Annuale,ITF5,Basilicata,2,Femmine,Y25-34,25-34 anni,2018,12.078,,
A,Annuale,ITF5,Basilicata,2,Femmine,Y25-34,25-34 anni,2019,11.52,,
A,Annuale,ITF5,Basilicata,2,Femmine,Y25-34,25-34 anni,2020,10.959,,
A,Annuale,ITF5,Basilicata,2,Femmine,Y25-34,25-34 anni,2021,12.204,,
A,Annuale,ITF5,Basilicata,2,Femmine,Y25-34,25-34 anni,2022,11.811,,
A,Annuale,ITF5,Basilicata,2,Femmine,Y25-34,25-34 anni,2023,13.367,,
A,Annuale,ITF5,Basilicata,2,Femmine,Y25-34,25-34 anni,2024,12.686,,
A,Annuale,ITF5,Basilicata,2,Femmine,Y25-34,25-34 anni,2025,12.723,,
A,Annuale,ITF5,Basilicata,2,Femmine,Y15-34,15-34 anni,2018,14.578,,
A,Annuale,ITF5,Basilicata,2,Femmine,Y15-34,15-34 anni,2019,13.917,,
A,Annuale,ITF5,Basilicata,2,Femmine,Y15-34,15-34 anni,2020,12.631,,
A,Annuale,ITF5,Basilicata,2,Femmine,Y15-34,15-34 anni,2021,13.908,,
A,Annuale,ITF5,Basilicata,2,Femmine,Y15-34,15-34 anni,2022,13.611,,
A,Annuale,ITF5,Basilicata,2,Femmine,Y15-34,15-34 anni,2023,15.611,,
A,Annuale,ITF5,Basilicata,2,Femmine,Y15-34,15-34 anni,2024,14.795,,
A,Annuale,ITF5,Basilicata,2,Femmine,Y15-34,15-34 anni,2025,14.138,,
A,Annuale,ITF5,Basilicata,2,Femmine,Y35-49,35-49 anni,2018,26.096,,
A,Annuale,ITF5,Basilicata,2,Femmine,Y35-49,35-49 anni,2019,26.505,,
A,Annuale,ITF5,Basilicata,2,Femmine,Y35-49,35-49 anni,2020,26.062,,
A,Annuale,ITF5,Basilicata,2,Femmine,Y35-49,35-49 anni,2021,27.233,,
A,Annuale,ITF5,Basilicata,2,Femmine,Y35-49,35-49 anni,2022,26.636,,
A,Annuale,ITF5,Basilicata,2,Femmine,Y35-49,35-49 anni,2023,26.942,,
A,Annuale,ITF5,Basilicata,2,Femmine,Y35-49,35-49 anni,2024,27.342,,
A,Annuale,ITF5,Basilicata,2,Femmine,Y35-49,35-49 anni,2025,28.218,,
A,Annuale,ITF5,Basilicata,2,Femmine,Y50-64,50-64 anni,2018,26.349,,
A,Annuale,ITF5,Basilicata,2,Femmine,Y50-64,50-64 anni,2019,26.994,,
A,Annuale,ITF5,Basilicata,2,Femmine,Y50-64,50-64 anni,2020,26.838,,
A,Annuale,ITF5,Basilicata,2,Femmine,Y50-64,50-64 anni,2021,28.881,,
A,Annuale,ITF5,Basilicata,2,Femmine,Y50-64,50-64 anni,2022,27.901,,
A,Annuale,ITF5,Basilicata,2,Femmine,Y50-64,50-64 anni,2023,28.794,,
A,Annuale,ITF5,Basilicata,2,Femmine,Y50-64,50-64 anni,2024,29.737,,
A,Annuale,ITF5,Basilicata,2,Femmine,Y50-64,50-64 anni,2025,32.646,,
A,Annuale,ITF5,Basilicata,2,Femmine,Y15-64,15-64 anni,2018,67.023,,
A,Annuale,ITF5,Basilicata,2,Femmine,Y15-64,15-64 anni,2019,67.416,,
A,Annuale,ITF5,Basilicata,2,Femmine,Y15-64,15-64 anni,2020,65.53,,
A,Annuale,ITF5,Basilicata,2,Femmine,Y15-64,15-64 anni,2021,70.022,,
A,Annuale,ITF5,Basilicata,2,Femmine,Y15-64,15-64 anni,2022,68.148,,
A,Annuale,ITF5,Basilicata,2,Femmine,Y15-64,15-64 anni,2023,71.347,,
A,Annuale,ITF5,Basilicata,2,Femmine,Y15-64,15-64 anni,2024,71.874,,
A,Annuale,ITF5,Basilicata,2,Femmine,Y15-64,15-64 anni,2025,75.003,,
A,Annuale,ITF5,Basilicata,2,Femmine,Y15-89,15-89 anni,2018,68.746,,
A,Annuale,ITF5,Basilicata,2,Femmine,Y15-89,15-89 anni,2019,69.133,,
A,Annuale,ITF5,Basilicata,2,Femmine,Y15-89,15-89 anni,2020,67.395,,
A,Annuale,ITF5,Basilicata,2,Femmine,Y15-89,15-89 anni,2021,71.774,,
A,Annuale,ITF5,Basilicata,2,Femmine,Y15-89,15-89 anni,2022,69.983,,
A,Annuale,ITF5,Basilicata,2,Femmine,Y15-89,15-89 anni,2023,73.52,,
A,Annuale,ITF5,Basilicata,2,Femmine,Y15-89,15-89 anni,2024,74.172,,
A,Annuale,ITF5,Basilicata,2,Femmine,Y15-89,15-89 anni,2025,77.689,,
A,Annuale,ITF5,Basilicata,9,Totale,Y15-24,15-24 anni,2018,7.215,,
A,Annuale,ITF5,Basilicata,9,Totale,Y15-24,15-24 anni,2019,7.77,,
A,Annuale,ITF5,Basilicata,9,Totale,Y15-24,15-24 anni,2020,6.449,,
A,Annuale,ITF5,Basilicata,9,Totale,Y15-24,15-24 anni,2021,5.647,,
A,Annuale,ITF5,Basilicata,9,Totale,Y15-24,15-24 anni,2022,6.846,,
A,Annuale,ITF5,Basilicata,9,Totale,Y15-24,15-24 anni,2023,7.902,,
A,Annuale,ITF5,Basilicata,9,Totale,Y15-24,15-24 anni,2024,8.228,,
A,Annuale,ITF5,Basilicata,9,Totale,Y15-24,15-24 anni,2025,7.269,,
A,Annuale,ITF5,Basilicata,9,Totale,Y25-34,25-34 anni,2018,33.389,,
A,Annuale,ITF5,Basilicata,9,Totale,Y25-34,25-34 anni,2019,33.837,,
A,Annuale,ITF5,Basilicata,9,Totale,Y25-34,25-34 anni,2020,31.135,,
A,Annuale,ITF5,Basilicata,9,Totale,Y25-34,25-34 anni,2021,32.681,,
A,Annuale,ITF5,Basilicata,9,Totale,Y25-34,25-34 anni,2022,32.847,,
A,Annuale,ITF5,Basilicata,9,Totale,Y25-34,25-34 anni,2023,34.042,,
A,Annuale,ITF5,Basilicata,9,Totale,Y25-34,25-34 anni,2024,33.661,,
A,Annuale,ITF5,Basilicata,9,Totale,Y25-34,25-34 anni,2025,31.919,,
A,Annuale,ITF5,Basilicata,9,Totale,Y15-34,15-34 anni,2018,40.604,,
A,Annuale,ITF5,Basilicata,9,Totale,Y15-34,15-34 anni,2019,41.606,,
A,Annuale,ITF5,Basilicata,9,Totale,Y15-34,15-34 anni,2020,37.584,,
A,Annuale,ITF5,Basilicata,9,Totale,Y15-34,15-34 anni,2021,38.328,,
A,Annuale,ITF5,Basilicata,9,Totale,Y15-34,15-34 anni,2022,39.693,,
A,Annuale,ITF5,Basilicata,9,Totale,Y15-34,15-34 anni,2023,41.943,,
A,Annuale,ITF5,Basilicata,9,Totale,Y15-34,15-34 anni,2024,41.889,,
A,Annuale,ITF5,Basilicata,9,Totale,Y15-34,15-34 anni,2025,39.188,,
A,Annuale,ITF5,Basilicata,9,Totale,Y35-49,35-49 anni,2018,69.536,,
A,Annuale,ITF5,Basilicata,9,Totale,Y35-49,35-49 anni,2019,70.898,,
A,Annuale,ITF5,Basilicata,9,Totale,Y35-49,35-49 anni,2020,70.798,,
A,Annuale,ITF5,Basilicata,9,Totale,Y35-49,35-49 anni,2021,71.204,,
A,Annuale,ITF5,Basilicata,9,Totale,Y35-49,35-49 anni,2022,69.999,,
A,Annuale,ITF5,Basilicata,9,Totale,Y35-49,35-49 anni,2023,70.954,,
A,Annuale,ITF5,Basilicata,9,Totale,Y35-49,35-49 anni,2024,71.299,,
A,Annuale,ITF5,Basilicata,9,Totale,Y35-49,35-49 anni,2025,71.377,,
A,Annuale,ITF5,Basilicata,9,Totale,Y50-64,50-64 anni,2018,70.1,,
A,Annuale,ITF5,Basilicata,9,Totale,Y50-64,50-64 anni,2019,70.221,,
A,Annuale,ITF5,Basilicata,9,Totale,Y50-64,50-64 anni,2020,69.601,,
A,Annuale,ITF5,Basilicata,9,Totale,Y50-64,50-64 anni,2021,74.423,,
A,Annuale,ITF5,Basilicata,9,Totale,Y50-64,50-64 anni,2022,72.859,,
A,Annuale,ITF5,Basilicata,9,Totale,Y50-64,50-64 anni,2023,73.828,,
A,Annuale,ITF5,Basilicata,9,Totale,Y50-64,50-64 anni,2024,76.491,,
A,Annuale,ITF5,Basilicata,9,Totale,Y50-64,50-64 anni,2025,81.708,,
A,Annuale,ITF5,Basilicata,9,Totale,Y15-64,15-64 anni,2018,180.24,,
A,Annuale,ITF5,Basilicata,9,Totale,Y15-64,15-64 anni,2019,182.726,,
A,Annuale,ITF5,Basilicata,9,Totale,Y15-64,15-64 anni,2020,177.984,,
A,Annuale,ITF5,Basilicata,9,Totale,Y15-64,15-64 anni,2021,183.955,,
A,Annuale,ITF5,Basilicata,9,Totale,Y15-64,15-64 anni,2022,182.552,,
A,Annuale,ITF5,Basilicata,9,Totale,Y15-64,15-64 anni,2023,186.726,,
A,Annuale,ITF5,Basilicata,9,Totale,Y15-64,15-64 anni,2024,189.679,,
A,Annuale,ITF5,Basilicata,9,Totale,Y15-64,15-64 anni,2025,192.272,,
A,Annuale,ITF5,Basilicata,9,Totale,Y15-89,15-89 anni,2018,185.328,,
A,Annuale,ITF5,Basilicata,9,Totale,Y15-89,15-89 anni,2019,187.581,,
A,Annuale,ITF5,Basilicata,9,Totale,Y15-89,15-89 anni,2020,183.695,,
A,Annuale,ITF5,Basilicata,9,Totale,Y15-89,15-89 anni,2021,189.067,,
A,Annuale,ITF5,Basilicata,9,Totale,Y15-89,15-89 anni,2022,188.762,,
A,Annuale,ITF5,Basilicata,9,Totale,Y15-89,15-89 anni,2023,194.175,,
A,Annuale,ITF5,Basilicata,9,Totale,Y15-89,15-89 anni,2024,196.765,,
A,Annuale,ITF5,Basilicata,9,Totale,Y15-89,15-89 anni,2025,199.84,,
A,Annuale,ITF6,Calabria,1,Maschi,Y15-24,15-24 anni,2018,15.28,,
A,Annuale,ITF6,Calabria,1,Maschi,Y15-24,15-24 anni,2019,19.276,,
A,Annuale,ITF6,Calabria,1,Maschi,Y15-24,15-24 anni,2020,16.689,,
A,Annuale,ITF6,Calabria,1,Maschi,Y15-24,15-24 anni,2021,15.182,,
A,Annuale,ITF6,Calabria,1,Maschi,Y15-24,15-24 anni,2022,15.488,,
A,Annuale,ITF6,Calabria,1,Maschi,Y15-24,15-24 anni,2023,14.494,,
A,Annuale,ITF6,Calabria,1,Maschi,Y15-24,15-24 anni,2024,11.201,,
A,Annuale,ITF6,Calabria,1,Maschi,Y15-24,15-24 anni,2025,12.317,,
A,Annuale,ITF6,Calabria,1,Maschi,Y25-34,25-34 anni,2018,65.525,,
A,Annuale,ITF6,Calabria,1,Maschi,Y25-34,25-34 anni,2019,62.692,,
A,Annuale,ITF6,Calabria,1,Maschi,Y25-34,25-34 anni,2020,55.199,,
A,Annuale,ITF6,Calabria,1,Maschi,Y25-34,25-34 anni,2021,62.956,,
A,Annuale,ITF6,Calabria,1,Maschi,Y25-34,25-34 anni,2022,58.645,,
A,Annuale,ITF6,Calabria,1,Maschi,Y25-34,25-34 anni,2023,59.856,,
A,Annuale,ITF6,Calabria,1,Maschi,Y25-34,25-34 anni,2024,61.371,,
A,Annuale,ITF6,Calabria,1,Maschi,Y25-34,25-34 anni,2025,60.998,,
A,Annuale,ITF6,Calabria,1,Maschi,Y15-34,15-34 anni,2018,80.805,,
A,Annuale,ITF6,Calabria,1,Maschi,Y15-34,15-34 anni,2019,81.968,,
A,Annuale,ITF6,Calabria,1,Maschi,Y15-34,15-34 anni,2020,71.888,,
A,Annuale,ITF6,Calabria,1,Maschi,Y15-34,15-34 anni,2021,78.138,,
A,Annuale,ITF6,Calabria,1,Maschi,Y15-34,15-34 anni,2022,74.133,,
A,Annuale,ITF6,Calabria,1,Maschi,Y15-34,15-34 anni,2023,74.35,,
A,Annuale,ITF6,Calabria,1,Maschi,Y15-34,15-34 anni,2024,72.572,,
A,Annuale,ITF6,Calabria,1,Maschi,Y15-34,15-34 anni,2025,73.315,,
A,Annuale,ITF6,Calabria,1,Maschi,Y35-49,35-49 anni,2018,132.667,,
A,Annuale,ITF6,Calabria,1,Maschi,Y35-49,35-49 anni,2019,131.991,,
A,Annuale,ITF6,Calabria,1,Maschi,Y35-49,35-49 anni,2020,129.669,,
A,Annuale,ITF6,Calabria,1,Maschi,Y35-49,35-49 anni,2021,123.748,,
A,Annuale,ITF6,Calabria,1,Maschi,Y35-49,35-49 anni,2022,119.74,,
A,Annuale,ITF6,Calabria,1,Maschi,Y35-49,35-49 anni,2023,129.144,,
A,Annuale,ITF6,Calabria,1,Maschi,Y35-49,35-49 anni,2024,126.954,,
A,Annuale,ITF6,Calabria,1,Maschi,Y35-49,35-49 anni,2025,125.154,,
A,Annuale,ITF6,Calabria,1,Maschi,Y50-64,50-64 anni,2018,117.322,,
A,Annuale,ITF6,Calabria,1,Maschi,Y50-64,50-64 anni,2019,116.482,,
A,Annuale,ITF6,Calabria,1,Maschi,Y50-64,50-64 anni,2020,118.89,,
A,Annuale,ITF6,Calabria,1,Maschi,Y50-64,50-64 anni,2021,117.698,,
A,Annuale,ITF6,Calabria,1,Maschi,Y50-64,50-64 anni,2022,127.337,,
A,Annuale,ITF6,Calabria,1,Maschi,Y50-64,50-64 anni,2023,125.17,,
A,Annuale,ITF6,Calabria,1,Maschi,Y50-64,50-64 anni,2024,127.828,,
A,Annuale,ITF6,Calabria,1,Maschi,Y50-64,50-64 anni,2025,135.59,,
A,Annuale,ITF6,Calabria,1,Maschi,Y15-64,15-64 anni,2018,330.794,,
A,Annuale,ITF6,Calabria,1,Maschi,Y15-64,15-64 anni,2019,330.441,,
A,Annuale,ITF6,Calabria,1,Maschi,Y15-64,15-64 anni,2020,320.447,,
A,Annuale,ITF6,Calabria,1,Maschi,Y15-64,15-64 anni,2021,319.585,,
A,Annuale,ITF6,Calabria,1,Maschi,Y15-64,15-64 anni,2022,321.21,,
A,Annuale,ITF6,Calabria,1,Maschi,Y15-64,15-64 anni,2023,328.664,,
A,Annuale,ITF6,Calabria,1,Maschi,Y15-64,15-64 anni,2024,327.354,,
A,Annuale,ITF6,Calabria,1,Maschi,Y15-64,15-64 anni,2025,334.06,,
A,Annuale,ITF6,Calabria,1,Maschi,Y15-89,15-89 anni,2018,340.457,,
A,Annuale,ITF6,Calabria,1,Maschi,Y15-89,15-89 anni,2019,344.468,,
A,Annuale,ITF6,Calabria,1,Maschi,Y15-89,15-89 anni,2020,331.724,,
A,Annuale,ITF6,Calabria,1,Maschi,Y15-89,15-89 anni,2021,332.06,,
A,Annuale,ITF6,Calabria,1,Maschi,Y15-89,15-89 anni,2022,335.975,,
A,Annuale,ITF6,Calabria,1,Maschi,Y15-89,15-89 anni,2023,342.776,,
A,Annuale,ITF6,Calabria,1,Maschi,Y15-89,15-89 anni,2024,341.493,,
A,Annuale,ITF6,Calabria,1,Maschi,Y15-89,15-89 anni,2025,351.61,,
A,Annuale,ITF6,Calabria,2,Femmine,Y15-24,15-24 anni,2018,8.902,,
A,Annuale,ITF6,Calabria,2,Femmine,Y15-24,15-24 anni,2019,8.367,,
A,Annuale,ITF6,Calabria,2,Femmine,Y15-24,15-24 anni,2020,5.372,,
A,Annuale,ITF6,Calabria,2,Femmine,Y15-24,15-24 anni,2021,5.208,,
A,Annuale,ITF6,Calabria,2,Femmine,Y15-24,15-24 anni,2022,8.097,,
A,Annuale,ITF6,Calabria,2,Femmine,Y15-24,15-24 anni,2023,4.96,,
A,Annuale,ITF6,Calabria,2,Femmine,Y15-24,15-24 anni,2024,5.819,,
A,Annuale,ITF6,Calabria,2,Femmine,Y15-24,15-24 anni,2025,6.376,,
A,Annuale,ITF6,Calabria,2,Femmine,Y25-34,25-34 anni,2018,36.091,,
A,Annuale,ITF6,Calabria,2,Femmine,Y25-34,25-34 anni,2019,35.798,,
A,Annuale,ITF6,Calabria,2,Femmine,Y25-34,25-34 anni,2020,35.231,,
A,Annuale,ITF6,Calabria,2,Femmine,Y25-34,25-34 anni,2021,33.166,,
A,Annuale,ITF6,Calabria,2,Femmine,Y25-34,25-34 anni,2022,33.726,,
A,Annuale,ITF6,Calabria,2,Femmine,Y25-34,25-34 anni,2023,39.247,,
A,Annuale,ITF6,Calabria,2,Femmine,Y25-34,25-34 anni,2024,33.773,,
A,Annuale,ITF6,Calabria,2,Femmine,Y25-34,25-34 anni,2025,37.066,,
A,Annuale,ITF6,Calabria,2,Femmine,Y15-34,15-34 anni,2018,44.992,,
A,Annuale,ITF6,Calabria,2,Femmine,Y15-34,15-34 anni,2019,44.165,,
A,Annuale,ITF6,Calabria,2,Femmine,Y15-34,15-34 anni,2020,40.604,,
A,Annuale,ITF6,Calabria,2,Femmine,Y15-34,15-34 anni,2021,38.374,,
A,Annuale,ITF6,Calabria,2,Femmine,Y15-34,15-34 anni,2022,41.822,,
A,Annuale,ITF6,Calabria,2,Femmine,Y15-34,15-34 anni,2023,44.207,,
A,Annuale,ITF6,Calabria,2,Femmine,Y15-34,15-34 anni,2024,39.592,,
A,Annuale,ITF6,Calabria,2,Femmine,Y15-34,15-34 anni,2025,43.443,,
A,Annuale,ITF6,Calabria,2,Femmine,Y35-49,35-49 anni,2018,79.016,,
A,Annuale,ITF6,Calabria,2,Femmine,Y35-49,35-49 anni,2019,76.614,,
A,Annuale,ITF6,Calabria,2,Femmine,Y35-49,35-49 anni,2020,73.633,,
A,Annuale,ITF6,Calabria,2,Femmine,Y35-49,35-49 anni,2021,74.596,,
A,Annuale,ITF6,Calabria,2,Femmine,Y35-49,35-49 anni,2022,76.83,,
A,Annuale,ITF6,Calabria,2,Femmine,Y35-49,35-49 anni,2023,71.96,,
A,Annuale,ITF6,Calabria,2,Femmine,Y35-49,35-49 anni,2024,77.302,,
A,Annuale,ITF6,Calabria,2,Femmine,Y35-49,35-49 anni,2025,87.585,,
A,Annuale,ITF6,Calabria,2,Femmine,Y50-64,50-64 anni,2018,71.584,,
A,Annuale,ITF6,Calabria,2,Femmine,Y50-64,50-64 anni,2019,66.826,,
A,Annuale,ITF6,Calabria,2,Femmine,Y50-64,50-64 anni,2020,62.075,,
A,Annuale,ITF6,Calabria,2,Femmine,Y50-64,50-64 anni,2021,71.316,,
A,Annuale,ITF6,Calabria,2,Femmine,Y50-64,50-64 anni,2022,69.398,,
A,Annuale,ITF6,Calabria,2,Femmine,Y50-64,50-64 anni,2023,74.743,,
A,Annuale,ITF6,Calabria,2,Femmine,Y50-64,50-64 anni,2024,76.757,,
A,Annuale,ITF6,Calabria,2,Femmine,Y50-64,50-64 anni,2025,71.109,,
A,Annuale,ITF6,Calabria,2,Femmine,Y15-64,15-64 anni,2018,195.592,,
A,Annuale,ITF6,Calabria,2,Femmine,Y15-64,15-64 anni,2019,187.604,,
A,Annuale,ITF6,Calabria,2,Femmine,Y15-64,15-64 anni,2020,176.312,,
A,Annuale,ITF6,Calabria,2,Femmine,Y15-64,15-64 anni,2021,184.286,,
A,Annuale,ITF6,Calabria,2,Femmine,Y15-64,15-64 anni,2022,188.05,,
A,Annuale,ITF6,Calabria,2,Femmine,Y15-64,15-64 anni,2023,190.91,,
A,Annuale,ITF6,Calabria,2,Femmine,Y15-64,15-64 anni,2024,193.65,,
A,Annuale,ITF6,Calabria,2,Femmine,Y15-64,15-64 anni,2025,202.137,,
A,Annuale,ITF6,Calabria,2,Femmine,Y15-89,15-89 anni,2018,200.098,,
A,Annuale,ITF6,Calabria,2,Femmine,Y15-89,15-89 anni,2019,194.172,,
A,Annuale,ITF6,Calabria,2,Femmine,Y15-89,15-89 anni,2020,182.11,,
A,Annuale,ITF6,Calabria,2,Femmine,Y15-89,15-89 anni,2021,188.903,,
A,Annuale,ITF6,Calabria,2,Femmine,Y15-89,15-89 anni,2022,192.999,,
A,Annuale,ITF6,Calabria,2,Femmine,Y15-89,15-89 anni,2023,196.407,,
A,Annuale,ITF6,Calabria,2,Femmine,Y15-89,15-89 anni,2024,199.863,,
A,Annuale,ITF6,Calabria,2,Femmine,Y15-89,15-89 anni,2025,210.072,,
A,Annuale,ITF6,Calabria,9,Totale,Y15-24,15-24 anni,2018,24.182,,
A,Annuale,ITF6,Calabria,9,Totale,Y15-24,15-24 anni,2019,27.643,,
A,Annuale,ITF6,Calabria,9,Totale,Y15-24,15-24 anni,2020,22.061,,
A,Annuale,ITF6,Calabria,9,Totale,Y15-24,15-24 anni,2021,20.39,,
A,Annuale,ITF6,Calabria,9,Totale,Y15-24,15-24 anni,2022,23.584,,
A,Annuale,ITF6,Calabria,9,Totale,Y15-24,15-24 anni,2023,19.454,,
A,Annuale,ITF6,Calabria,9,Totale,Y15-24,15-24 anni,2024,17.02,,
A,Annuale,ITF6,Calabria,9,Totale,Y15-24,15-24 anni,2025,18.693,,
A,Annuale,ITF6,Calabria,9,Totale,Y25-34,25-34 anni,2018,101.616,,
A,Annuale,ITF6,Calabria,9,Totale,Y25-34,25-34 anni,2019,98.49,,
A,Annuale,ITF6,Calabria,9,Totale,Y25-34,25-34 anni,2020,90.43,,
A,Annuale,ITF6,Calabria,9,Totale,Y25-34,25-34 anni,2021,96.122,,
A,Annuale,ITF6,Calabria,9,Totale,Y25-34,25-34 anni,2022,92.371,,
A,Annuale,ITF6,Calabria,9,Totale,Y25-34,25-34 anni,2023,99.103,,
A,Annuale,ITF6,Calabria,9,Totale,Y25-34,25-34 anni,2024,95.144,,
A,Annuale,ITF6,Calabria,9,Totale,Y25-34,25-34 anni,2025,98.065,,
A,Annuale,ITF6,Calabria,9,Totale,Y15-34,15-34 anni,2018,125.797,,
A,Annuale,ITF6,Calabria,9,Totale,Y15-34,15-34 anni,2019,126.133,,
A,Annuale,ITF6,Calabria,9,Totale,Y15-34,15-34 anni,2020,112.491,,
A,Annuale,ITF6,Calabria,9,Totale,Y15-34,15-34 anni,2021,116.512,,
A,Annuale,ITF6,Calabria,9,Totale,Y15-34,15-34 anni,2022,115.955,,
A,Annuale,ITF6,Calabria,9,Totale,Y15-34,15-34 anni,2023,118.557,,
A,Annuale,ITF6,Calabria,9,Totale,Y15-34,15-34 anni,2024,112.164,,
A,Annuale,ITF6,Calabria,9,Totale,Y15-34,15-34 anni,2025,116.758,,
A,Annuale,ITF6,Calabria,9,Totale,Y35-49,35-49 anni,2018,211.683,,
A,Annuale,ITF6,Calabria,9,Totale,Y35-49,35-49 anni,2019,208.605,,
A,Annuale,ITF6,Calabria,9,Totale,Y35-49,35-49 anni,2020,203.302,,
A,Annuale,ITF6,Calabria,9,Totale,Y35-49,35-49 anni,2021,198.345,,
A,Annuale,ITF6,Calabria,9,Totale,Y35-49,35-49 anni,2022,196.57,,
A,Annuale,ITF6,Calabria,9,Totale,Y35-49,35-49 anni,2023,201.104,,
A,Annuale,ITF6,Calabria,9,Totale,Y35-49,35-49 anni,2024,204.256,,
A,Annuale,ITF6,Calabria,9,Totale,Y35-49,35-49 anni,2025,212.74,,
A,Annuale,ITF6,Calabria,9,Totale,Y50-64,50-64 anni,2018,188.907,,
A,Annuale,ITF6,Calabria,9,Totale,Y50-64,50-64 anni,2019,183.307,,
A,Annuale,ITF6,Calabria,9,Totale,Y50-64,50-64 anni,2020,180.965,,
A,Annuale,ITF6,Calabria,9,Totale,Y50-64,50-64 anni,2021,189.014,,
A,Annuale,ITF6,Calabria,9,Totale,Y50-64,50-64 anni,2022,196.735,,
A,Annuale,ITF6,Calabria,9,Totale,Y50-64,50-64 anni,2023,199.913,,
A,Annuale,ITF6,Calabria,9,Totale,Y50-64,50-64 anni,2024,204.584,,
A,Annuale,ITF6,Calabria,9,Totale,Y50-64,50-64 anni,2025,206.699,,
A,Annuale,ITF6,Calabria,9,Totale,Y15-64,15-64 anni,2018,526.387,,
A,Annuale,ITF6,Calabria,9,Totale,Y15-64,15-64 anni,2019,518.046,,
A,Annuale,ITF6,Calabria,9,Totale,Y15-64,15-64 anni,2020,496.758,,
A,Annuale,ITF6,Calabria,9,Totale,Y15-64,15-64 anni,2021,503.871,,
A,Annuale,ITF6,Calabria,9,Totale,Y15-64,15-64 anni,2022,509.26,,
A,Annuale,ITF6,Calabria,9,Totale,Y15-64,15-64 anni,2023,519.574,,
A,Annuale,ITF6,Calabria,9,Totale,Y15-64,15-64 anni,2024,521.004,,
A,Annuale,ITF6,Calabria,9,Totale,Y15-64,15-64 anni,2025,536.197,,
A,Annuale,ITF6,Calabria,9,Totale,Y15-89,15-89 anni,2018,540.555,,
A,Annuale,ITF6,Calabria,9,Totale,Y15-89,15-89 anni,2019,538.64,,
A,Annuale,ITF6,Calabria,9,Totale,Y15-89,15-89 anni,2020,513.834,,
A,Annuale,ITF6,Calabria,9,Totale,Y15-89,15-89 anni,2021,520.963,,
A,Annuale,ITF6,Calabria,9,Totale,Y15-89,15-89 anni,2022,528.973,,
A,Annuale,ITF6,Calabria,9,Totale,Y15-89,15-89 anni,2023,539.183,,
A,Annuale,ITF6,Calabria,9,Totale,Y15-89,15-89 anni,2024,541.355,,
A,Annuale,ITF6,Calabria,9,Totale,Y15-89,15-89 anni,2025,561.682,,
A,Annuale,ITG1,Sicilia,1,Maschi,Y15-24,15-24 anni,2018,36.272,,
A,Annuale,ITG1,Sicilia,1,Maschi,Y15-24,15-24 anni,2019,34.303,,
A,Annuale,ITG1,Sicilia,1,Maschi,Y15-24,15-24 anni,2020,33.62,,
A,Annuale,ITG1,Sicilia,1,Maschi,Y15-24,15-24 anni,2021,38.362,,
A,Annuale,ITG1,Sicilia,1,Maschi,Y15-24,15-24 anni,2022,38.685,,
A,Annuale,ITG1,Sicilia,1,Maschi,Y15-24,15-24 anni,2023,42.888,,
A,Annuale,ITG1,Sicilia,1,Maschi,Y15-24,15-24 anni,2024,42.861,,
A,Annuale,ITG1,Sicilia,1,Maschi,Y15-24,15-24 anni,2025,44.247,,
A,Annuale,ITG1,Sicilia,1,Maschi,Y25-34,25-34 anni,2018,146.84,,
A,Annuale,ITG1,Sicilia,1,Maschi,Y25-34,25-34 anni,2019,152.182,,
A,Annuale,ITG1,Sicilia,1,Maschi,Y25-34,25-34 anni,2020,143.105,,
A,Annuale,ITG1,Sicilia,1,Maschi,Y25-34,25-34 anni,2021,145.928,,
A,Annuale,ITG1,Sicilia,1,Maschi,Y25-34,25-34 anni,2022,150.116,,
A,Annuale,ITG1,Sicilia,1,Maschi,Y25-34,25-34 anni,2023,162.675,,
A,Annuale,ITG1,Sicilia,1,Maschi,Y25-34,25-34 anni,2024,168.681,,
A,Annuale,ITG1,Sicilia,1,Maschi,Y25-34,25-34 anni,2025,161.743,,
A,Annuale,ITG1,Sicilia,1,Maschi,Y15-34,15-34 anni,2018,183.112,,
A,Annuale,ITG1,Sicilia,1,Maschi,Y15-34,15-34 anni,2019,186.485,,
A,Annuale,ITG1,Sicilia,1,Maschi,Y15-34,15-34 anni,2020,176.725,,
A,Annuale,ITG1,Sicilia,1,Maschi,Y15-34,15-34 anni,2021,184.289,,
A,Annuale,ITG1,Sicilia,1,Maschi,Y15-34,15-34 anni,2022,188.801,,
A,Annuale,ITG1,Sicilia,1,Maschi,Y15-34,15-34 anni,2023,205.562,,
A,Annuale,ITG1,Sicilia,1,Maschi,Y15-34,15-34 anni,2024,211.542,,
A,Annuale,ITG1,Sicilia,1,Maschi,Y15-34,15-34 anni,2025,205.99,,
A,Annuale,ITG1,Sicilia,1,Maschi,Y35-49,35-49 anni,2018,350.612,,
A,Annuale,ITG1,Sicilia,1,Maschi,Y35-49,35-49 anni,2019,341.574,,
A,Annuale,ITG1,Sicilia,1,Maschi,Y35-49,35-49 anni,2020,333.548,,
A,Annuale,ITG1,Sicilia,1,Maschi,Y35-49,35-49 anni,2021,330.767,,
A,Annuale,ITG1,Sicilia,1,Maschi,Y35-49,35-49 anni,2022,329.702,,
A,Annuale,ITG1,Sicilia,1,Maschi,Y35-49,35-49 anni,2023,335.018,,
A,Annuale,ITG1,Sicilia,1,Maschi,Y35-49,35-49 anni,2024,340.262,,
A,Annuale,ITG1,Sicilia,1,Maschi,Y35-49,35-49 anni,2025,347.759,,
A,Annuale,ITG1,Sicilia,1,Maschi,Y50-64,50-64 anni,2018,299.199,,
A,Annuale,ITG1,Sicilia,1,Maschi,Y50-64,50-64 anni,2019,299.119,,
A,Annuale,ITG1,Sicilia,1,Maschi,Y50-64,50-64 anni,2020,303.935,,
A,Annuale,ITG1,Sicilia,1,Maschi,Y50-64,50-64 anni,2021,302.163,,
A,Annuale,ITG1,Sicilia,1,Maschi,Y50-64,50-64 anni,2022,312.452,,
A,Annuale,ITG1,Sicilia,1,Maschi,Y50-64,50-64 anni,2023,325.001,,
A,Annuale,ITG1,Sicilia,1,Maschi,Y50-64,50-64 anni,2024,340.209,,
A,Annuale,ITG1,Sicilia,1,Maschi,Y50-64,50-64 anni,2025,353.608,,
A,Annuale,ITG1,Sicilia,1,Maschi,Y15-64,15-64 anni,2018,832.923,,
A,Annuale,ITG1,Sicilia,1,Maschi,Y15-64,15-64 anni,2019,827.179,,
A,Annuale,ITG1,Sicilia,1,Maschi,Y15-64,15-64 anni,2020,814.208,,
A,Annuale,ITG1,Sicilia,1,Maschi,Y15-64,15-64 anni,2021,817.22,,
A,Annuale,ITG1,Sicilia,1,Maschi,Y15-64,15-64 anni,2022,830.955,,
A,Annuale,ITG1,Sicilia,1,Maschi,Y15-64,15-64 anni,2023,865.582,,
A,Annuale,ITG1,Sicilia,1,Maschi,Y15-64,15-64 anni,2024,892.014,,
A,Annuale,ITG1,Sicilia,1,Maschi,Y15-64,15-64 anni,2025,907.357,,
A,Annuale,ITG1,Sicilia,1,Maschi,Y15-89,15-89 anni,2018,858.752,,
A,Annuale,ITG1,Sicilia,1,Maschi,Y15-89,15-89 anni,2019,851.047,,
A,Annuale,ITG1,Sicilia,1,Maschi,Y15-89,15-89 anni,2020,837.007,,
A,Annuale,ITG1,Sicilia,1,Maschi,Y15-89,15-89 anni,2021,841.203,,
A,Annuale,ITG1,Sicilia,1,Maschi,Y15-89,15-89 anni,2022,854.269,,
A,Annuale,ITG1,Sicilia,1,Maschi,Y15-89,15-89 anni,2023,894.208,,
A,Annuale,ITG1,Sicilia,1,Maschi,Y15-89,15-89 anni,2024,923.494,,
A,Annuale,ITG1,Sicilia,1,Maschi,Y15-89,15-89 anni,2025,943.574,,
A,Annuale,ITG1,Sicilia,2,Femmine,Y15-24,15-24 anni,2018,17.627,,
A,Annuale,ITG1,Sicilia,2,Femmine,Y15-24,15-24 anni,2019,20.705,,
A,Annuale,ITG1,Sicilia,2,Femmine,Y15-24,15-24 anni,2020,17.171,,
A,Annuale,ITG1,Sicilia,2,Femmine,Y15-24,15-24 anni,2021,16.412,,
A,Annuale,ITG1,Sicilia,2,Femmine,Y15-24,15-24 anni,2022,19.068,,
A,Annuale,ITG1,Sicilia,2,Femmine,Y15-24,15-24 anni,2023,20.836,,
A,Annuale,ITG1,Sicilia,2,Femmine,Y15-24,15-24 anni,2024,20.21,,
A,Annuale,ITG1,Sicilia,2,Femmine,Y15-24,15-24 anni,2025,18.281,,
A,Annuale,ITG1,Sicilia,2,Femmine,Y25-34,25-34 anni,2018,86.626,,
A,Annuale,ITG1,Sicilia,2,Femmine,Y25-34,25-34 anni,2019,86.19,,
A,Annuale,ITG1,Sicilia,2,Femmine,Y25-34,25-34 anni,2020,78.356,,
A,Annuale,ITG1,Sicilia,2,Femmine,Y25-34,25-34 anni,2021,78.908,,
A,Annuale,ITG1,Sicilia,2,Femmine,Y25-34,25-34 anni,2022,86.52,,
A,Annuale,ITG1,Sicilia,2,Femmine,Y25-34,25-34 anni,2023,92.801,,
A,Annuale,ITG1,Sicilia,2,Femmine,Y25-34,25-34 anni,2024,97.57,,
A,Annuale,ITG1,Sicilia,2,Femmine,Y25-34,25-34 anni,2025,93.432,,
A,Annuale,ITG1,Sicilia,2,Femmine,Y15-34,15-34 anni,2018,104.253,,
A,Annuale,ITG1,Sicilia,2,Femmine,Y15-34,15-34 anni,2019,106.895,,
A,Annuale,ITG1,Sicilia,2,Femmine,Y15-34,15-34 anni,2020,95.528,,
A,Annuale,ITG1,Sicilia,2,Femmine,Y15-34,15-34 anni,2021,95.32,,
A,Annuale,ITG1,Sicilia,2,Femmine,Y15-34,15-34 anni,2022,105.588,,
A,Annuale,ITG1,Sicilia,2,Femmine,Y15-34,15-34 anni,2023,113.637,,
A,Annuale,ITG1,Sicilia,2,Femmine,Y15-34,15-34 anni,2024,117.78,,
A,Annuale,ITG1,Sicilia,2,Femmine,Y15-34,15-34 anni,2025,111.713,,
A,Annuale,ITG1,Sicilia,2,Femmine,Y35-49,35-49 anni,2018,199.39,,
A,Annuale,ITG1,Sicilia,2,Femmine,Y35-49,35-49 anni,2019,194.02,,
A,Annuale,ITG1,Sicilia,2,Femmine,Y35-49,35-49 anni,2020,188.456,,
A,Annuale,ITG1,Sicilia,2,Femmine,Y35-49,35-49 anni,2021,184.364,,
A,Annuale,ITG1,Sicilia,2,Femmine,Y35-49,35-49 anni,2022,188.534,,
A,Annuale,ITG1,Sicilia,2,Femmine,Y35-49,35-49 anni,2023,198.013,,
A,Annuale,ITG1,Sicilia,2,Femmine,Y35-49,35-49 anni,2024,211.784,,
A,Annuale,ITG1,Sicilia,2,Femmine,Y35-49,35-49 anni,2025,206.875,,
A,Annuale,ITG1,Sicilia,2,Femmine,Y50-64,50-64 anni,2018,170.901,,
A,Annuale,ITG1,Sicilia,2,Femmine,Y50-64,50-64 anni,2019,178.099,,
A,Annuale,ITG1,Sicilia,2,Femmine,Y50-64,50-64 anni,2020,171.68,,
A,Annuale,ITG1,Sicilia,2,Femmine,Y50-64,50-64 anni,2021,176.789,,
A,Annuale,ITG1,Sicilia,2,Femmine,Y50-64,50-64 anni,2022,176.479,,
A,Annuale,ITG1,Sicilia,2,Femmine,Y50-64,50-64 anni,2023,191.605,,
A,Annuale,ITG1,Sicilia,2,Femmine,Y50-64,50-64 anni,2024,204.509,,
A,Annuale,ITG1,Sicilia,2,Femmine,Y50-64,50-64 anni,2025,208.297,,
A,Annuale,ITG1,Sicilia,2,Femmine,Y15-64,15-64 anni,2018,474.544,,
A,Annuale,ITG1,Sicilia,2,Femmine,Y15-64,15-64 anni,2019,479.014,,
A,Annuale,ITG1,Sicilia,2,Femmine,Y15-64,15-64 anni,2020,455.664,,
A,Annuale,ITG1,Sicilia,2,Femmine,Y15-64,15-64 anni,2021,456.473,,
A,Annuale,ITG1,Sicilia,2,Femmine,Y15-64,15-64 anni,2022,470.602,,
A,Annuale,ITG1,Sicilia,2,Femmine,Y15-64,15-64 anni,2023,503.255,,
A,Annuale,ITG1,Sicilia,2,Femmine,Y15-64,15-64 anni,2024,534.074,,
A,Annuale,ITG1,Sicilia,2,Femmine,Y15-64,15-64 anni,2025,526.884,,
A,Annuale,ITG1,Sicilia,2,Femmine,Y15-89,15-89 anni,2018,484.186,,
A,Annuale,ITG1,Sicilia,2,Femmine,Y15-89,15-89 anni,2019,490.486,,
A,Annuale,ITG1,Sicilia,2,Femmine,Y15-89,15-89 anni,2020,468.297,,
A,Annuale,ITG1,Sicilia,2,Femmine,Y15-89,15-89 anni,2021,469.661,,
A,Annuale,ITG1,Sicilia,2,Femmine,Y15-89,15-89 anni,2022,482.748,,
A,Annuale,ITG1,Sicilia,2,Femmine,Y15-89,15-89 anni,2023,516.568,,
A,Annuale,ITG1,Sicilia,2,Femmine,Y15-89,15-89 anni,2024,551.996,,
A,Annuale,ITG1,Sicilia,2,Femmine,Y15-89,15-89 anni,2025,545.899,,
A,Annuale,ITG1,Sicilia,9,Totale,Y15-24,15-24 anni,2018,53.899,,
A,Annuale,ITG1,Sicilia,9,Totale,Y15-24,15-24 anni,2019,55.009,,
A,Annuale,ITG1,Sicilia,9,Totale,Y15-24,15-24 anni,2020,50.792,,
A,Annuale,ITG1,Sicilia,9,Totale,Y15-24,15-24 anni,2021,54.773,,
A,Annuale,ITG1,Sicilia,9,Totale,Y15-24,15-24 anni,2022,57.753,,
A,Annuale,ITG1,Sicilia,9,Totale,Y15-24,15-24 anni,2023,63.724,,
A,Annuale,ITG1,Sicilia,9,Totale,Y15-24,15-24 anni,2024,63.07,,
A,Annuale,ITG1,Sicilia,9,Totale,Y15-24,15-24 anni,2025,62.528,,
A,Annuale,ITG1,Sicilia,9,Totale,Y25-34,25-34 anni,2018,233.466,,
A,Annuale,ITG1,Sicilia,9,Totale,Y25-34,25-34 anni,2019,238.372,,
A,Annuale,ITG1,Sicilia,9,Totale,Y25-34,25-34 anni,2020,221.461,,
A,Annuale,ITG1,Sicilia,9,Totale,Y25-34,25-34 anni,2021,224.835,,
A,Annuale,ITG1,Sicilia,9,Totale,Y25-34,25-34 anni,2022,236.637,,
A,Annuale,ITG1,Sicilia,9,Totale,Y25-34,25-34 anni,2023,255.476,,
A,Annuale,ITG1,Sicilia,9,Totale,Y25-34,25-34 anni,2024,266.252,,
A,Annuale,ITG1,Sicilia,9,Totale,Y25-34,25-34 anni,2025,255.175,,
A,Annuale,ITG1,Sicilia,9,Totale,Y15-34,15-34 anni,2018,287.365,,
A,Annuale,ITG1,Sicilia,9,Totale,Y15-34,15-34 anni,2019,293.381,,
A,Annuale,ITG1,Sicilia,9,Totale,Y15-34,15-34 anni,2020,272.253,,
A,Annuale,ITG1,Sicilia,9,Totale,Y15-34,15-34 anni,2021,279.609,,
A,Annuale,ITG1,Sicilia,9,Totale,Y15-34,15-34 anni,2022,294.39,,
A,Annuale,ITG1,Sicilia,9,Totale,Y15-34,15-34 anni,2023,319.2,,
A,Annuale,ITG1,Sicilia,9,Totale,Y15-34,15-34 anni,2024,329.322,,
A,Annuale,ITG1,Sicilia,9,Totale,Y15-34,15-34 anni,2025,317.703,,
A,Annuale,ITG1,Sicilia,9,Totale,Y35-49,35-49 anni,2018,550.002,,
A,Annuale,ITG1,Sicilia,9,Totale,Y35-49,35-49 anni,2019,535.595,,
A,Annuale,ITG1,Sicilia,9,Totale,Y35-49,35-49 anni,2020,522.004,,
A,Annuale,ITG1,Sicilia,9,Totale,Y35-49,35-49 anni,2021,515.131,,
A,Annuale,ITG1,Sicilia,9,Totale,Y35-49,35-49 anni,2022,518.236,,
A,Annuale,ITG1,Sicilia,9,Totale,Y35-49,35-49 anni,2023,533.031,,
A,Annuale,ITG1,Sicilia,9,Totale,Y35-49,35-49 anni,2024,552.047,,
A,Annuale,ITG1,Sicilia,9,Totale,Y35-49,35-49 anni,2025,554.634,,
A,Annuale,ITG1,Sicilia,9,Totale,Y50-64,50-64 anni,2018,470.1,,
A,Annuale,ITG1,Sicilia,9,Totale,Y50-64,50-64 anni,2019,477.218,,
A,Annuale,ITG1,Sicilia,9,Totale,Y50-64,50-64 anni,2020,475.615,,
A,Annuale,ITG1,Sicilia,9,Totale,Y50-64,50-64 anni,2021,478.952,,
A,Annuale,ITG1,Sicilia,9,Totale,Y50-64,50-64 anni,2022,488.931,,
A,Annuale,ITG1,Sicilia,9,Totale,Y50-64,50-64 anni,2023,516.607,,
A,Annuale,ITG1,Sicilia,9,Totale,Y50-64,50-64 anni,2024,544.719,,
A,Annuale,ITG1,Sicilia,9,Totale,Y50-64,50-64 anni,2025,561.905,,
A,Annuale,ITG1,Sicilia,9,Totale,Y15-64,15-64 anni,2018,1307.467,,
A,Annuale,ITG1,Sicilia,9,Totale,Y15-64,15-64 anni,2019,1306.193,,
A,Annuale,ITG1,Sicilia,9,Totale,Y15-64,15-64 anni,2020,1269.872,,
A,Annuale,ITG1,Sicilia,9,Totale,Y15-64,15-64 anni,2021,1273.692,,
A,Annuale,ITG1,Sicilia,9,Totale,Y15-64,15-64 anni,2022,1301.557,,
A,Annuale,ITG1,Sicilia,9,Totale,Y15-64,15-64 anni,2023,1368.837,,
A,Annuale,ITG1,Sicilia,9,Totale,Y15-64,15-64 anni,2024,1426.087,,
A,Annuale,ITG1,Sicilia,9,Totale,Y15-64,15-64 anni,2025,1434.241,,
A,Annuale,ITG1,Sicilia,9,Totale,Y15-89,15-89 anni,2018,1342.939,,
A,Annuale,ITG1,Sicilia,9,Totale,Y15-89,15-89 anni,2019,1341.533,,
A,Annuale,ITG1,Sicilia,9,Totale,Y15-89,15-89 anni,2020,1305.304,,
A,Annuale,ITG1,Sicilia,9,Totale,Y15-89,15-89 anni,2021,1310.864,,
A,Annuale,ITG1,Sicilia,9,Totale,Y15-89,15-89 anni,2022,1337.016,,
A,Annuale,ITG1,Sicilia,9,Totale,Y15-89,15-89 anni,2023,1410.776,,
A,Annuale,ITG1,Sicilia,9,Totale,Y15-89,15-89 anni,2024,1475.49,,
A,Annuale,ITG1,Sicilia,9,Totale,Y15-89,15-89 anni,2025,1489.473,,
A,Annuale,ITG2,Sardegna,1,Maschi,Y15-24,15-24 anni,2018,13.358,,
A,Annuale,ITG2,Sardegna,1,Maschi,Y15-24,15-24 anni,2019,12.118,,
A,Annuale,ITG2,Sardegna,1,Maschi,Y15-24,15-24 anni,2020,10.484,,
A,Annuale,ITG2,Sardegna,1,Maschi,Y15-24,15-24 anni,2021,12.21,,
A,Annuale,ITG2,Sardegna,1,Maschi,Y15-24,15-24 anni,2022,14.313,,
A,Annuale,ITG2,Sardegna,1,Maschi,Y15-24,15-24 anni,2023,16.08,,
A,Annuale,ITG2,Sardegna,1,Maschi,Y15-24,15-24 anni,2024,17.275,,
A,Annuale,ITG2,Sardegna,1,Maschi,Y15-24,15-24 anni,2025,14.602,,
A,Annuale,ITG2,Sardegna,1,Maschi,Y25-34,25-34 anni,2018,50.811,,
A,Annuale,ITG2,Sardegna,1,Maschi,Y25-34,25-34 anni,2019,55.217,,
A,Annuale,ITG2,Sardegna,1,Maschi,Y25-34,25-34 anni,2020,52.282,,
A,Annuale,ITG2,Sardegna,1,Maschi,Y25-34,25-34 anni,2021,52.385,,
A,Annuale,ITG2,Sardegna,1,Maschi,Y25-34,25-34 anni,2022,50.244,,
A,Annuale,ITG2,Sardegna,1,Maschi,Y25-34,25-34 anni,2023,48.259,,
A,Annuale,ITG2,Sardegna,1,Maschi,Y25-34,25-34 anni,2024,46.834,,
A,Annuale,ITG2,Sardegna,1,Maschi,Y25-34,25-34 anni,2025,50.353,,
A,Annuale,ITG2,Sardegna,1,Maschi,Y15-34,15-34 anni,2018,64.169,,
A,Annuale,ITG2,Sardegna,1,Maschi,Y15-34,15-34 anni,2019,67.334,,
A,Annuale,ITG2,Sardegna,1,Maschi,Y15-34,15-34 anni,2020,62.766,,
A,Annuale,ITG2,Sardegna,1,Maschi,Y15-34,15-34 anni,2021,64.595,,
A,Annuale,ITG2,Sardegna,1,Maschi,Y15-34,15-34 anni,2022,64.557,,
A,Annuale,ITG2,Sardegna,1,Maschi,Y15-34,15-34 anni,2023,64.339,,
A,Annuale,ITG2,Sardegna,1,Maschi,Y15-34,15-34 anni,2024,64.109,,
A,Annuale,ITG2,Sardegna,1,Maschi,Y15-34,15-34 anni,2025,64.955,,
A,Annuale,ITG2,Sardegna,1,Maschi,Y35-49,35-49 anni,2018,135.967,,
A,Annuale,ITG2,Sardegna,1,Maschi,Y35-49,35-49 anni,2019,131.409,,
A,Annuale,ITG2,Sardegna,1,Maschi,Y35-49,35-49 anni,2020,126.768,,
A,Annuale,ITG2,Sardegna,1,Maschi,Y35-49,35-49 anni,2021,128.916,,
A,Annuale,ITG2,Sardegna,1,Maschi,Y35-49,35-49 anni,2022,128.317,,
A,Annuale,ITG2,Sardegna,1,Maschi,Y35-49,35-49 anni,2023,124.911,,
A,Annuale,ITG2,Sardegna,1,Maschi,Y35-49,35-49 anni,2024,126.579,,
A,Annuale,ITG2,Sardegna,1,Maschi,Y35-49,35-49 anni,2025,122.331,,
A,Annuale,ITG2,Sardegna,1,Maschi,Y50-64,50-64 anni,2018,121.126,,
A,Annuale,ITG2,Sardegna,1,Maschi,Y50-64,50-64 anni,2019,118.208,,
A,Annuale,ITG2,Sardegna,1,Maschi,Y50-64,50-64 anni,2020,114.103,,
A,Annuale,ITG2,Sardegna,1,Maschi,Y50-64,50-64 anni,2021,117.489,,
A,Annuale,ITG2,Sardegna,1,Maschi,Y50-64,50-64 anni,2022,123.168,,
A,Annuale,ITG2,Sardegna,1,Maschi,Y50-64,50-64 anni,2023,126.17,,
A,Annuale,ITG2,Sardegna,1,Maschi,Y50-64,50-64 anni,2024,132.746,,
A,Annuale,ITG2,Sardegna,1,Maschi,Y50-64,50-64 anni,2025,136.525,,
A,Annuale,ITG2,Sardegna,1,Maschi,Y15-64,15-64 anni,2018,321.262,,
A,Annuale,ITG2,Sardegna,1,Maschi,Y15-64,15-64 anni,2019,316.952,,
A,Annuale,ITG2,Sardegna,1,Maschi,Y15-64,15-64 anni,2020,303.637,,
A,Annuale,ITG2,Sardegna,1,Maschi,Y15-64,15-64 anni,2021,311,,
A,Annuale,ITG2,Sardegna,1,Maschi,Y15-64,15-64 anni,2022,316.042,,
A,Annuale,ITG2,Sardegna,1,Maschi,Y15-64,15-64 anni,2023,315.42,,
A,Annuale,ITG2,Sardegna,1,Maschi,Y15-64,15-64 anni,2024,323.435,,
A,Annuale,ITG2,Sardegna,1,Maschi,Y15-64,15-64 anni,2025,323.811,,
A,Annuale,ITG2,Sardegna,1,Maschi,Y15-89,15-89 anni,2018,331.938,,
A,Annuale,ITG2,Sardegna,1,Maschi,Y15-89,15-89 anni,2019,329.834,,
A,Annuale,ITG2,Sardegna,1,Maschi,Y15-89,15-89 anni,2020,314.762,,
A,Annuale,ITG2,Sardegna,1,Maschi,Y15-89,15-89 anni,2021,322.251,,
A,Annuale,ITG2,Sardegna,1,Maschi,Y15-89,15-89 anni,2022,327.814,,
A,Annuale,ITG2,Sardegna,1,Maschi,Y15-89,15-89 anni,2023,329.062,,
A,Annuale,ITG2,Sardegna,1,Maschi,Y15-89,15-89 anni,2024,337.644,,
A,Annuale,ITG2,Sardegna,1,Maschi,Y15-89,15-89 anni,2025,339.529,,
A,Annuale,ITG2,Sardegna,2,Femmine,Y15-24,15-24 anni,2018,9.224,,
A,Annuale,ITG2,Sardegna,2,Femmine,Y15-24,15-24 anni,2019,6.025,,
A,Annuale,ITG2,Sardegna,2,Femmine,Y15-24,15-24 anni,2020,5.832,,
A,Annuale,ITG2,Sardegna,2,Femmine,Y15-24,15-24 anni,2021,7.575,,
A,Annuale,ITG2,Sardegna,2,Femmine,Y15-24,15-24 anni,2022,8.091,,
A,Annuale,ITG2,Sardegna,2,Femmine,Y15-24,15-24 anni,2023,9.269,,
A,Annuale,ITG2,Sardegna,2,Femmine,Y15-24,15-24 anni,2024,7.522,,
A,Annuale,ITG2,Sardegna,2,Femmine,Y15-24,15-24 anni,2025,6.985,,
A,Annuale,ITG2,Sardegna,2,Femmine,Y25-34,25-34 anni,2018,42.034,,
A,Annuale,ITG2,Sardegna,2,Femmine,Y25-34,25-34 anni,2019,43.521,,
A,Annuale,ITG2,Sardegna,2,Femmine,Y25-34,25-34 anni,2020,36.897,,
A,Annuale,ITG2,Sardegna,2,Femmine,Y25-34,25-34 anni,2021,38.67,,
A,Annuale,ITG2,Sardegna,2,Femmine,Y25-34,25-34 anni,2022,36.144,,
A,Annuale,ITG2,Sardegna,2,Femmine,Y25-34,25-34 anni,2023,38.862,,
A,Annuale,ITG2,Sardegna,2,Femmine,Y25-34,25-34 anni,2024,39.127,,
A,Annuale,ITG2,Sardegna,2,Femmine,Y25-34,25-34 anni,2025,37.318,,
A,Annuale,ITG2,Sardegna,2,Femmine,Y15-34,15-34 anni,2018,51.258,,
A,Annuale,ITG2,Sardegna,2,Femmine,Y15-34,15-34 anni,2019,49.546,,
A,Annuale,ITG2,Sardegna,2,Femmine,Y15-34,15-34 anni,2020,42.729,,
A,Annuale,ITG2,Sardegna,2,Femmine,Y15-34,15-34 anni,2021,46.246,,
A,Annuale,ITG2,Sardegna,2,Femmine,Y15-34,15-34 anni,2022,44.235,,
A,Annuale,ITG2,Sardegna,2,Femmine,Y15-34,15-34 anni,2023,48.131,,
A,Annuale,ITG2,Sardegna,2,Femmine,Y15-34,15-34 anni,2024,46.649,,
A,Annuale,ITG2,Sardegna,2,Femmine,Y15-34,15-34 anni,2025,44.303,,
A,Annuale,ITG2,Sardegna,2,Femmine,Y35-49,35-49 anni,2018,100.264,,
A,Annuale,ITG2,Sardegna,2,Femmine,Y35-49,35-49 anni,2019,104.918,,
A,Annuale,ITG2,Sardegna,2,Femmine,Y35-49,35-49 anni,2020,97.094,,
A,Annuale,ITG2,Sardegna,2,Femmine,Y35-49,35-49 anni,2021,98.872,,
A,Annuale,ITG2,Sardegna,2,Femmine,Y35-49,35-49 anni,2022,97.163,,
A,Annuale,ITG2,Sardegna,2,Femmine,Y35-49,35-49 anni,2023,93.238,,
A,Annuale,ITG2,Sardegna,2,Femmine,Y35-49,35-49 anni,2024,98.262,,
A,Annuale,ITG2,Sardegna,2,Femmine,Y35-49,35-49 anni,2025,98.984,,
A,Annuale,ITG2,Sardegna,2,Femmine,Y50-64,50-64 anni,2018,84.51,,
A,Annuale,ITG2,Sardegna,2,Femmine,Y50-64,50-64 anni,2019,91.437,,
A,Annuale,ITG2,Sardegna,2,Femmine,Y50-64,50-64 anni,2020,91.777,,
A,Annuale,ITG2,Sardegna,2,Femmine,Y50-64,50-64 anni,2021,89.292,,
A,Annuale,ITG2,Sardegna,2,Femmine,Y50-64,50-64 anni,2022,90.685,,
A,Annuale,ITG2,Sardegna,2,Femmine,Y50-64,50-64 anni,2023,100.33,,
A,Annuale,ITG2,Sardegna,2,Femmine,Y50-64,50-64 anni,2024,103.111,,
A,Annuale,ITG2,Sardegna,2,Femmine,Y50-64,50-64 anni,2025,105.021,,
A,Annuale,ITG2,Sardegna,2,Femmine,Y15-64,15-64 anni,2018,236.031,,
A,Annuale,ITG2,Sardegna,2,Femmine,Y15-64,15-64 anni,2019,245.902,,
A,Annuale,ITG2,Sardegna,2,Femmine,Y15-64,15-64 anni,2020,231.6,,
A,Annuale,ITG2,Sardegna,2,Femmine,Y15-64,15-64 anni,2021,234.409,,
A,Annuale,ITG2,Sardegna,2,Femmine,Y15-64,15-64 anni,2022,232.084,,
A,Annuale,ITG2,Sardegna,2,Femmine,Y15-64,15-64 anni,2023,241.699,,
A,Annuale,ITG2,Sardegna,2,Femmine,Y15-64,15-64 anni,2024,248.022,,
A,Annuale,ITG2,Sardegna,2,Femmine,Y15-64,15-64 anni,2025,248.308,,
A,Annuale,ITG2,Sardegna,2,Femmine,Y15-89,15-89 anni,2018,241.812,,
A,Annuale,ITG2,Sardegna,2,Femmine,Y15-89,15-89 anni,2019,252.199,,
A,Annuale,ITG2,Sardegna,2,Femmine,Y15-89,15-89 anni,2020,236.978,,
A,Annuale,ITG2,Sardegna,2,Femmine,Y15-89,15-89 anni,2021,240.946,,
A,Annuale,ITG2,Sardegna,2,Femmine,Y15-89,15-89 anni,2022,238.337,,
A,Annuale,ITG2,Sardegna,2,Femmine,Y15-89,15-89 anni,2023,247.647,,
A,Annuale,ITG2,Sardegna,2,Femmine,Y15-89,15-89 anni,2024,254.293,,
A,Annuale,ITG2,Sardegna,2,Femmine,Y15-89,15-89 anni,2025,258.048,,
A,Annuale,ITG2,Sardegna,9,Totale,Y15-24,15-24 anni,2018,22.581,,
A,Annuale,ITG2,Sardegna,9,Totale,Y15-24,15-24 anni,2019,18.143,,
A,Annuale,ITG2,Sardegna,9,Totale,Y15-24,15-24 anni,2020,16.316,,
A,Annuale,ITG2,Sardegna,9,Totale,Y15-24,15-24 anni,2021,19.786,,
A,Annuale,ITG2,Sardegna,9,Totale,Y15-24,15-24 anni,2022,22.404,,
A,Annuale,ITG2,Sardegna,9,Totale,Y15-24,15-24 anni,2023,25.349,,
A,Annuale,ITG2,Sardegna,9,Totale,Y15-24,15-24 anni,2024,24.798,,
A,Annuale,ITG2,Sardegna,9,Totale,Y15-24,15-24 anni,2025,21.587,,
A,Annuale,ITG2,Sardegna,9,Totale,Y25-34,25-34 anni,2018,92.846,,
A,Annuale,ITG2,Sardegna,9,Totale,Y25-34,25-34 anni,2019,98.738,,
A,Annuale,ITG2,Sardegna,9,Totale,Y25-34,25-34 anni,2020,89.179,,
A,Annuale,ITG2,Sardegna,9,Totale,Y25-34,25-34 anni,2021,91.055,,
A,Annuale,ITG2,Sardegna,9,Totale,Y25-34,25-34 anni,2022,86.388,,
A,Annuale,ITG2,Sardegna,9,Totale,Y25-34,25-34 anni,2023,87.121,,
A,Annuale,ITG2,Sardegna,9,Totale,Y25-34,25-34 anni,2024,85.961,,
A,Annuale,ITG2,Sardegna,9,Totale,Y25-34,25-34 anni,2025,87.671,,
A,Annuale,ITG2,Sardegna,9,Totale,Y15-34,15-34 anni,2018,115.427,,
A,Annuale,ITG2,Sardegna,9,Totale,Y15-34,15-34 anni,2019,116.881,,
A,Annuale,ITG2,Sardegna,9,Totale,Y15-34,15-34 anni,2020,105.495,,
A,Annuale,ITG2,Sardegna,9,Totale,Y15-34,15-34 anni,2021,110.841,,
A,Annuale,ITG2,Sardegna,9,Totale,Y15-34,15-34 anni,2022,108.792,,
A,Annuale,ITG2,Sardegna,9,Totale,Y15-34,15-34 anni,2023,112.47,,
A,Annuale,ITG2,Sardegna,9,Totale,Y15-34,15-34 anni,2024,110.759,,
A,Annuale,ITG2,Sardegna,9,Totale,Y15-34,15-34 anni,2025,109.258,,
A,Annuale,ITG2,Sardegna,9,Totale,Y35-49,35-49 anni,2018,236.231,,
A,Annuale,ITG2,Sardegna,9,Totale,Y35-49,35-49 anni,2019,236.328,,
A,Annuale,ITG2,Sardegna,9,Totale,Y35-49,35-49 anni,2020,223.862,,
A,Annuale,ITG2,Sardegna,9,Totale,Y35-49,35-49 anni,2021,227.787,,
A,Annuale,ITG2,Sardegna,9,Totale,Y35-49,35-49 anni,2022,225.481,,
A,Annuale,ITG2,Sardegna,9,Totale,Y35-49,35-49 anni,2023,218.149,,
A,Annuale,ITG2,Sardegna,9,Totale,Y35-49,35-49 anni,2024,224.841,,
A,Annuale,ITG2,Sardegna,9,Totale,Y35-49,35-49 anni,2025,221.314,,
A,Annuale,ITG2,Sardegna,9,Totale,Y50-64,50-64 anni,2018,205.636,,
A,Annuale,ITG2,Sardegna,9,Totale,Y50-64,50-64 anni,2019,209.645,,
A,Annuale,ITG2,Sardegna,9,Totale,Y50-64,50-64 anni,2020,205.881,,
A,Annuale,ITG2,Sardegna,9,Totale,Y50-64,50-64 anni,2021,206.781,,
A,Annuale,ITG2,Sardegna,9,Totale,Y50-64,50-64 anni,2022,213.853,,
A,Annuale,ITG2,Sardegna,9,Totale,Y50-64,50-64 anni,2023,226.501,,
A,Annuale,ITG2,Sardegna,9,Totale,Y50-64,50-64 anni,2024,235.857,,
A,Annuale,ITG2,Sardegna,9,Totale,Y50-64,50-64 anni,2025,241.546,,
A,Annuale,ITG2,Sardegna,9,Totale,Y15-64,15-64 anni,2018,557.293,,
A,Annuale,ITG2,Sardegna,9,Totale,Y15-64,15-64 anni,2019,562.853,,
A,Annuale,ITG2,Sardegna,9,Totale,Y15-64,15-64 anni,2020,535.238,,
A,Annuale,ITG2,Sardegna,9,Totale,Y15-64,15-64 anni,2021,545.409,,
A,Annuale,ITG2,Sardegna,9,Totale,Y15-64,15-64 anni,2022,548.126,,
A,Annuale,ITG2,Sardegna,9,Totale,Y15-64,15-64 anni,2023,557.12,,
A,Annuale,ITG2,Sardegna,9,Totale,Y15-64,15-64 anni,2024,571.457,,
A,Annuale,ITG2,Sardegna,9,Totale,Y15-64,15-64 anni,2025,572.118,,
A,Annuale,ITG2,Sardegna,9,Totale,Y15-89,15-89 anni,2018,573.75,,
A,Annuale,ITG2,Sardegna,9,Totale,Y15-89,15-89 anni,2019,582.033,,
A,Annuale,ITG2,Sardegna,9,Totale,Y15-89,15-89 anni,2020,551.74,,
A,Annuale,ITG2,Sardegna,9,Totale,Y15-89,15-89 anni,2021,563.197,,
A,Annuale,ITG2,Sardegna,9,Totale,Y15-89,15-89 anni,2022,566.151,,
A,Annuale,ITG2,Sardegna,9,Totale,Y15-89,15-89 anni,2023,576.708,,
A,Annuale,ITG2,Sardegna,9,Totale,Y15-89,15-89 anni,2024,591.938,,
A,Annuale,ITG2,Sardegna,9,Totale,Y15-89,15-89 anni,2025,597.577,,
